rep,regime,method,expected_status,expected_structural_status,expected_operational_status,predicted_status,structural_status,operational_status,certificate_scope,true_target,point_estimate,interval_lower,interval_upper,runtime_seconds,config_sha256
0,fine_4h,crome,POINT_ESTIMABLE,UNKNOWN,POINT_AT_TAU,POINT_ESTIMABLE,UNKNOWN,POINT_AT_TAU,assumption_conditional,1.0,1.0071804833824352,0.9253738986252278,1.0889870681396425,0.14610183300101198,5aa4244363ebb317d4d07237a51357819655d54eead8ce2fe97c0ff39b12d689
0,fine_4h,naive_boundary,POINT_ESTIMABLE,UNKNOWN,POINT_AT_TAU,POINT_ESTIMABLE,,,,1.0,0.9993200478033628,0.9405200478033628,1.0581200478033628,0.00015608400281053036,5aa4244363ebb317d4d07237a51357819655d54eead8ce2fe97c0ff39b12d689
0,fine_4h,ridge,POINT_ESTIMABLE,UNKNOWN,POINT_AT_TAU,POINT_ESTIMABLE,,,,1.0,1.0043804602391782,0.9455804602391782,1.0631804602391781,2.5583001843187958e-05,5aa4244363ebb317d4d07237a51357819655d54eead8ce2fe97c0ff39b12d689
0,fine_4h,tsvd,POINT_ESTIMABLE,UNKNOWN,POINT_AT_TAU,POINT_ESTIMABLE,,,,1.0,1.0046564350367047,0.9458564350367047,1.0634564350367046,5.3582996770273894e-05,5aa4244363ebb317d4d07237a51357819655d54eead8ce2fe97c0ff39b12d689
0,daily_gap,crome,SET_ESTIMABLE,NONIDENTIFIED,SET,NONRECOVERABLE,NONIDENTIFIED,SET,assumption_conditional,1.0,,0.8602210194650645,1.1526760609968492,0.06333408300270094,5aa4244363ebb317d4d07237a51357819655d54eead8ce2fe97c0ff39b12d689
0,daily_gap,naive_boundary,SET_ESTIMABLE,NONIDENTIFIED,SET,INCONCLUSIVE,,,,1.0,,,,5.945799784967676e-05,5aa4244363ebb317d4d07237a51357819655d54eead8ce2fe97c0ff39b12d689
0,daily_gap,ridge,SET_ESTIMABLE,NONIDENTIFIED,SET,POINT_ESTIMABLE,,,,1.0,0.0,-0.0588,0.0588,4.600000102072954e-05,5aa4244363ebb317d4d07237a51357819655d54eead8ce2fe97c0ff39b12d689
0,daily_gap,tsvd,SET_ESTIMABLE,NONIDENTIFIED,SET,POINT_ESTIMABLE,,,,1.0,0.0,-0.0588,0.0588,6.074999691918492e-05,5aa4244363ebb317d4d07237a51357819655d54eead8ce2fe97c0ff39b12d689
0,target_mark_collapse,crome,NONRECOVERABLE,NONIDENTIFIED,INCONCLUSIVE,NONRECOVERABLE,NONIDENTIFIED,INCONCLUSIVE,population_exact,1.0,,,,0.017222458998730872,5aa4244363ebb317d4d07237a51357819655d54eead8ce2fe97c0ff39b12d689
0,target_mark_collapse,naive_boundary,NONRECOVERABLE,NONIDENTIFIED,INCONCLUSIVE,POINT_ESTIMABLE,,,,1.0,1.0060238632527765,0.9472238632527765,1.0648238632527764,0.00011770800483645871,5aa4244363ebb317d4d07237a51357819655d54eead8ce2fe97c0ff39b12d689
0,target_mark_collapse,ridge,NONRECOVERABLE,NONIDENTIFIED,INCONCLUSIVE,POINT_ESTIMABLE,,,,1.0,0.0,-0.0588,0.0588,2.2333006199914962e-05,5aa4244363ebb317d4d07237a51357819655d54eead8ce2fe97c0ff39b12d689
0,target_mark_collapse,tsvd,NONRECOVERABLE,NONIDENTIFIED,INCONCLUSIVE,POINT_ESTIMABLE,,,,1.0,0.0,-0.0588,0.0588,4.879200423602015e-05,5aa4244363ebb317d4d07237a51357819655d54eead8ce2fe97c0ff39b12d689
0,rounded_hidden_time,crome,INCONCLUSIVE,UNKNOWN,INCONCLUSIVE,INCONCLUSIVE,UNKNOWN,INCONCLUSIVE,finite_sample_only,1.0,,,,0.007767666000290774,5aa4244363ebb317d4d07237a51357819655d54eead8ce2fe97c0ff39b12d689
0,rounded_hidden_time,naive_boundary,INCONCLUSIVE,UNKNOWN,INCONCLUSIVE,POINT_ESTIMABLE,,,,1.0,1.0083618629009792,0.9495618629009792,1.0671618629009791,8.312499994644895e-05,5aa4244363ebb317d4d07237a51357819655d54eead8ce2fe97c0ff39b12d689
0,rounded_hidden_time,ridge,INCONCLUSIVE,UNKNOWN,INCONCLUSIVE,POINT_ESTIMABLE,,,,1.0,0.8697888544918587,0.8109888544918588,0.9285888544918587,1.6332996892742813e-05,5aa4244363ebb317d4d07237a51357819655d54eead8ce2fe97c0ff39b12d689
0,rounded_hidden_time,tsvd,INCONCLUSIVE,UNKNOWN,INCONCLUSIVE,POINT_ESTIMABLE,,,,1.0,0.8699514332409499,0.81115143324095,0.9287514332409499,3.954100247938186e-05,5aa4244363ebb317d4d07237a51357819655d54eead8ce2fe97c0ff39b12d689
1,fine_4h,crome,POINT_ESTIMABLE,UNKNOWN,POINT_AT_TAU,POINT_ESTIMABLE,UNKNOWN,POINT_AT_TAU,assumption_conditional,1.0,1.006532583798047,0.9245622153562698,1.0885029522398242,0.09846333399764262,5aa4244363ebb317d4d07237a51357819655d54eead8ce2fe97c0ff39b12d689
1,fine_4h,naive_boundary,POINT_ESTIMABLE,UNKNOWN,POINT_AT_TAU,POINT_ESTIMABLE,,,,1.0,0.9975117986225694,0.9387117986225695,1.0563117986225694,6.591700366698205e-05,5aa4244363ebb317d4d07237a51357819655d54eead8ce2fe97c0ff39b12d689
1,fine_4h,ridge,POINT_ESTIMABLE,UNKNOWN,POINT_AT_TAU,POINT_ESTIMABLE,,,,1.0,0.9960333607264387,0.9372333607264387,1.0548333607264386,1.608299498911947e-05,5aa4244363ebb317d4d07237a51357819655d54eead8ce2fe97c0ff39b12d689
1,fine_4h,tsvd,POINT_ESTIMABLE,UNKNOWN,POINT_AT_TAU,POINT_ESTIMABLE,,,,1.0,0.9963075743222736,0.9375075743222736,1.0551075743222735,3.6666999221779406e-05,5aa4244363ebb317d4d07237a51357819655d54eead8ce2fe97c0ff39b12d689
1,daily_gap,crome,SET_ESTIMABLE,NONIDENTIFIED,SET,NONRECOVERABLE,NONIDENTIFIED,SET,assumption_conditional,1.0,,0.8685826172806144,1.1491178529750636,0.06112929200025974,5aa4244363ebb317d4d07237a51357819655d54eead8ce2fe97c0ff39b12d689
1,daily_gap,naive_boundary,SET_ESTIMABLE,NONIDENTIFIED,SET,INCONCLUSIVE,,,,1.0,,,,2.5458000891376287e-05,5aa4244363ebb317d4d07237a51357819655d54eead8ce2fe97c0ff39b12d689
1,daily_gap,ridge,SET_ESTIMABLE,NONIDENTIFIED,SET,POINT_ESTIMABLE,,,,1.0,0.0,-0.0588,0.0588,2.308400144102052e-05,5aa4244363ebb317d4d07237a51357819655d54eead8ce2fe97c0ff39b12d689
1,daily_gap,tsvd,SET_ESTIMABLE,NONIDENTIFIED,SET,POINT_ESTIMABLE,,,,1.0,0.0,-0.0588,0.0588,3.391700010979548e-05,5aa4244363ebb317d4d07237a51357819655d54eead8ce2fe97c0ff39b12d689
1,target_mark_collapse,crome,NONRECOVERABLE,NONIDENTIFIED,INCONCLUSIVE,NONRECOVERABLE,NONIDENTIFIED,INCONCLUSIVE,population_exact,1.0,,,,0.01644300000043586,5aa4244363ebb317d4d07237a51357819655d54eead8ce2fe97c0ff39b12d689
1,target_mark_collapse,naive_boundary,NONRECOVERABLE,NONIDENTIFIED,INCONCLUSIVE,POINT_ESTIMABLE,,,,1.0,1.0040311176484034,0.9452311176484034,1.0628311176484033,7.112499588401988e-05,5aa4244363ebb317d4d07237a51357819655d54eead8ce2fe97c0ff39b12d689
1,target_mark_collapse,ridge,NONRECOVERABLE,NONIDENTIFIED,INCONCLUSIVE,POINT_ESTIMABLE,,,,1.0,0.0,-0.0588,0.0588,1.5584002539981157e-05,5aa4244363ebb317d4d07237a51357819655d54eead8ce2fe97c0ff39b12d689
1,target_mark_collapse,tsvd,NONRECOVERABLE,NONIDENTIFIED,INCONCLUSIVE,POINT_ESTIMABLE,,,,1.0,0.0,-0.0588,0.0588,2.9417002224363387e-05,5aa4244363ebb317d4d07237a51357819655d54eead8ce2fe97c0ff39b12d689
1,rounded_hidden_time,crome,INCONCLUSIVE,UNKNOWN,INCONCLUSIVE,INCONCLUSIVE,UNKNOWN,INCONCLUSIVE,finite_sample_only,1.0,,,,0.007429125005728565,5aa4244363ebb317d4d07237a51357819655d54eead8ce2fe97c0ff39b12d689
1,rounded_hidden_time,naive_boundary,INCONCLUSIVE,UNKNOWN,INCONCLUSIVE,POINT_ESTIMABLE,,,,1.0,1.0024309475479984,0.9436309475479985,1.0612309475479984,7.279200508492067e-05,5aa4244363ebb317d4d07237a51357819655d54eead8ce2fe97c0ff39b12d689
1,rounded_hidden_time,ridge,INCONCLUSIVE,UNKNOWN,INCONCLUSIVE,POINT_ESTIMABLE,,,,1.0,0.8829181326839542,0.8241181326839543,0.9417181326839542,1.4334000297822058e-05,5aa4244363ebb317d4d07237a51357819655d54eead8ce2fe97c0ff39b12d689
1,rounded_hidden_time,tsvd,INCONCLUSIVE,UNKNOWN,INCONCLUSIVE,POINT_ESTIMABLE,,,,1.0,0.8830985522798975,0.8242985522798976,0.9418985522798975,3.3416996302548796e-05,5aa4244363ebb317d4d07237a51357819655d54eead8ce2fe97c0ff39b12d689
2,fine_4h,crome,POINT_ESTIMABLE,UNKNOWN,POINT_AT_TAU,POINT_ESTIMABLE,UNKNOWN,POINT_AT_TAU,assumption_conditional,1.0,1.0057841420135916,0.9238753831780966,1.0876929008490865,0.09631887500290759,5aa4244363ebb317d4d07237a51357819655d54eead8ce2fe97c0ff39b12d689
2,fine_4h,naive_boundary,POINT_ESTIMABLE,UNKNOWN,POINT_AT_TAU,POINT_ESTIMABLE,,,,1.0,0.9969890821638167,0.9381890821638167,1.0557890821638167,0.000113207999675069,5aa4244363ebb317d4d07237a51357819655d54eead8ce2fe97c0ff39b12d689
2,fine_4h,ridge,POINT_ESTIMABLE,UNKNOWN,POINT_AT_TAU,POINT_ESTIMABLE,,,,1.0,1.0145241331653443,0.9557241331653443,1.0733241331653443,1.9499995687510818e-05,5aa4244363ebb317d4d07237a51357819655d54eead8ce2fe97c0ff39b12d689
2,fine_4h,tsvd,POINT_ESTIMABLE,UNKNOWN,POINT_AT_TAU,POINT_ESTIMABLE,,,,1.0,1.0147954796799232,0.9559954796799233,1.0735954796799232,4.8000001697801054e-05,5aa4244363ebb317d4d07237a51357819655d54eead8ce2fe97c0ff39b12d689
2,daily_gap,crome,SET_ESTIMABLE,NONIDENTIFIED,SET,NONRECOVERABLE,NONIDENTIFIED,SET,assumption_conditional,1.0,,0.8888280762424403,1.144954860029346,0.06486158299958333,5aa4244363ebb317d4d07237a51357819655d54eead8ce2fe97c0ff39b12d689
2,daily_gap,naive_boundary,SET_ESTIMABLE,NONIDENTIFIED,SET,INCONCLUSIVE,,,,1.0,,,,4.316699778428301e-05,5aa4244363ebb317d4d07237a51357819655d54eead8ce2fe97c0ff39b12d689
2,daily_gap,ridge,SET_ESTIMABLE,NONIDENTIFIED,SET,POINT_ESTIMABLE,,,,1.0,0.0,-0.0588,0.0588,3.945900243707001e-05,5aa4244363ebb317d4d07237a51357819655d54eead8ce2fe97c0ff39b12d689
2,daily_gap,tsvd,SET_ESTIMABLE,NONIDENTIFIED,SET,POINT_ESTIMABLE,,,,1.0,0.0,-0.0588,0.0588,5.320899799698964e-05,5aa4244363ebb317d4d07237a51357819655d54eead8ce2fe97c0ff39b12d689
2,target_mark_collapse,crome,NONRECOVERABLE,NONIDENTIFIED,INCONCLUSIVE,NONRECOVERABLE,NONIDENTIFIED,INCONCLUSIVE,population_exact,1.0,,,,0.01661666700238129,5aa4244363ebb317d4d07237a51357819655d54eead8ce2fe97c0ff39b12d689
2,target_mark_collapse,naive_boundary,NONRECOVERABLE,NONIDENTIFIED,INCONCLUSIVE,POINT_ESTIMABLE,,,,1.0,0.9959501290633979,0.9371501290633979,1.0547501290633978,7.979200017871335e-05,5aa4244363ebb317d4d07237a51357819655d54eead8ce2fe97c0ff39b12d689
2,target_mark_collapse,ridge,NONRECOVERABLE,NONIDENTIFIED,INCONCLUSIVE,POINT_ESTIMABLE,,,,1.0,0.0,-0.0588,0.0588,1.783299376256764e-05,5aa4244363ebb317d4d07237a51357819655d54eead8ce2fe97c0ff39b12d689
2,target_mark_collapse,tsvd,NONRECOVERABLE,NONIDENTIFIED,INCONCLUSIVE,POINT_ESTIMABLE,,,,1.0,0.0,-0.0588,0.0588,3.491700044833124e-05,5aa4244363ebb317d4d07237a51357819655d54eead8ce2fe97c0ff39b12d689
2,rounded_hidden_time,crome,INCONCLUSIVE,UNKNOWN,INCONCLUSIVE,INCONCLUSIVE,UNKNOWN,INCONCLUSIVE,finite_sample_only,1.0,,,,0.007508125003369059,5aa4244363ebb317d4d07237a51357819655d54eead8ce2fe97c0ff39b12d689
2,rounded_hidden_time,naive_boundary,INCONCLUSIVE,UNKNOWN,INCONCLUSIVE,POINT_ESTIMABLE,,,,1.0,1.0072450290291566,0.9484450290291566,1.0660450290291565,7.804199412930757e-05,5aa4244363ebb317d4d07237a51357819655d54eead8ce2fe97c0ff39b12d689
2,rounded_hidden_time,ridge,INCONCLUSIVE,UNKNOWN,INCONCLUSIVE,POINT_ESTIMABLE,,,,1.0,0.8774370869001356,0.8186370869001356,0.9362370869001355,1.541600067866966e-05,5aa4244363ebb317d4d07237a51357819655d54eead8ce2fe97c0ff39b12d689
2,rounded_hidden_time,tsvd,INCONCLUSIVE,UNKNOWN,INCONCLUSIVE,POINT_ESTIMABLE,,,,1.0,0.8776211990173245,0.8188211990173245,0.9364211990173245,3.504099731799215e-05,5aa4244363ebb317d4d07237a51357819655d54eead8ce2fe97c0ff39b12d689
3,fine_4h,crome,POINT_ESTIMABLE,UNKNOWN,POINT_AT_TAU,POINT_ESTIMABLE,UNKNOWN,POINT_AT_TAU,assumption_conditional,1.0,1.0074351361674514,0.9258934948221608,1.0889767775127421,0.10118525000143563,5aa4244363ebb317d4d07237a51357819655d54eead8ce2fe97c0ff39b12d689
3,fine_4h,naive_boundary,POINT_ESTIMABLE,UNKNOWN,POINT_AT_TAU,POINT_ESTIMABLE,,,,1.0,0.9986007858936599,0.9398007858936599,1.0574007858936598,0.00013350000517675653,5aa4244363ebb317d4d07237a51357819655d54eead8ce2fe97c0ff39b12d689
3,fine_4h,ridge,POINT_ESTIMABLE,UNKNOWN,POINT_AT_TAU,POINT_ESTIMABLE,,,,1.0,1.0085414177281788,0.9497414177281789,1.0673414177281788,2.2374995751306415e-05,5aa4244363ebb317d4d07237a51357819655d54eead8ce2fe97c0ff39b12d689
3,fine_4h,tsvd,POINT_ESTIMABLE,UNKNOWN,POINT_AT_TAU,POINT_ESTIMABLE,,,,1.0,1.0087730826738783,0.9499730826738784,1.0675730826738783,5.454200436361134e-05,5aa4244363ebb317d4d07237a51357819655d54eead8ce2fe97c0ff39b12d689
3,daily_gap,crome,SET_ESTIMABLE,NONIDENTIFIED,SET,NONRECOVERABLE,NONIDENTIFIED,SET,assumption_conditional,1.0,,0.853814370383073,1.1469053047068285,0.06162779199803481,5aa4244363ebb317d4d07237a51357819655d54eead8ce2fe97c0ff39b12d689
3,daily_gap,naive_boundary,SET_ESTIMABLE,NONIDENTIFIED,SET,INCONCLUSIVE,,,,1.0,,,,3.22499981848523e-05,5aa4244363ebb317d4d07237a51357819655d54eead8ce2fe97c0ff39b12d689
3,daily_gap,ridge,SET_ESTIMABLE,NONIDENTIFIED,SET,POINT_ESTIMABLE,,,,1.0,0.0,-0.0588,0.0588,2.8791000659111887e-05,5aa4244363ebb317d4d07237a51357819655d54eead8ce2fe97c0ff39b12d689
3,daily_gap,tsvd,SET_ESTIMABLE,NONIDENTIFIED,SET,POINT_ESTIMABLE,,,,1.0,0.0,-0.0588,0.0588,3.9874998037703335e-05,5aa4244363ebb317d4d07237a51357819655d54eead8ce2fe97c0ff39b12d689
3,target_mark_collapse,crome,NONRECOVERABLE,NONIDENTIFIED,INCONCLUSIVE,NONRECOVERABLE,NONIDENTIFIED,INCONCLUSIVE,population_exact,1.0,,,,0.016755874996306375,5aa4244363ebb317d4d07237a51357819655d54eead8ce2fe97c0ff39b12d689
3,target_mark_collapse,naive_boundary,NONRECOVERABLE,NONIDENTIFIED,INCONCLUSIVE,POINT_ESTIMABLE,,,,1.0,0.9977927209282496,0.9389927209282496,1.0565927209282495,7.070900028338656e-05,5aa4244363ebb317d4d07237a51357819655d54eead8ce2fe97c0ff39b12d689
3,target_mark_collapse,ridge,NONRECOVERABLE,NONIDENTIFIED,INCONCLUSIVE,POINT_ESTIMABLE,,,,1.0,0.0,-0.0588,0.0588,1.62090000230819e-05,5aa4244363ebb317d4d07237a51357819655d54eead8ce2fe97c0ff39b12d689
3,target_mark_collapse,tsvd,NONRECOVERABLE,NONIDENTIFIED,INCONCLUSIVE,POINT_ESTIMABLE,,,,1.0,0.0,-0.0588,0.0588,3.145800292259082e-05,5aa4244363ebb317d4d07237a51357819655d54eead8ce2fe97c0ff39b12d689
3,rounded_hidden_time,crome,INCONCLUSIVE,UNKNOWN,INCONCLUSIVE,INCONCLUSIVE,UNKNOWN,INCONCLUSIVE,finite_sample_only,1.0,,,,0.007573208000394516,5aa4244363ebb317d4d07237a51357819655d54eead8ce2fe97c0ff39b12d689
3,rounded_hidden_time,naive_boundary,INCONCLUSIVE,UNKNOWN,INCONCLUSIVE,POINT_ESTIMABLE,,,,1.0,1.0075438452864764,0.9487438452864765,1.0663438452864764,7.454099977621809e-05,5aa4244363ebb317d4d07237a51357819655d54eead8ce2fe97c0ff39b12d689
3,rounded_hidden_time,ridge,INCONCLUSIVE,UNKNOWN,INCONCLUSIVE,POINT_ESTIMABLE,,,,1.0,0.8856383468177729,0.8268383468177729,0.9444383468177728,1.5167002857197076e-05,5aa4244363ebb317d4d07237a51357819655d54eead8ce2fe97c0ff39b12d689
3,rounded_hidden_time,tsvd,INCONCLUSIVE,UNKNOWN,INCONCLUSIVE,POINT_ESTIMABLE,,,,1.0,0.8858215638366571,0.8270215638366571,0.9446215638366571,3.4666998544707894e-05,5aa4244363ebb317d4d07237a51357819655d54eead8ce2fe97c0ff39b12d689
4,fine_4h,crome,POINT_ESTIMABLE,UNKNOWN,POINT_AT_TAU,POINT_ESTIMABLE,UNKNOWN,POINT_AT_TAU,assumption_conditional,1.0,1.0063481098757248,0.9245503333543753,1.088145886397074,0.09615020799537888,5aa4244363ebb317d4d07237a51357819655d54eead8ce2fe97c0ff39b12d689
4,fine_4h,naive_boundary,POINT_ESTIMABLE,UNKNOWN,POINT_AT_TAU,POINT_ESTIMABLE,,,,1.0,1.0021416882376837,0.9433416882376837,1.0609416882376836,5.9416997828520834e-05,5aa4244363ebb317d4d07237a51357819655d54eead8ce2fe97c0ff39b12d689
4,fine_4h,ridge,POINT_ESTIMABLE,UNKNOWN,POINT_AT_TAU,POINT_ESTIMABLE,,,,1.0,1.0008640229292618,0.9420640229292618,1.0596640229292618,1.512500602984801e-05,5aa4244363ebb317d4d07237a51357819655d54eead8ce2fe97c0ff39b12d689
4,fine_4h,tsvd,POINT_ESTIMABLE,UNKNOWN,POINT_AT_TAU,POINT_ESTIMABLE,,,,1.0,1.0011323515537225,0.9423323515537225,1.0599323515537225,3.520799509715289e-05,5aa4244363ebb317d4d07237a51357819655d54eead8ce2fe97c0ff39b12d689
4,daily_gap,crome,SET_ESTIMABLE,NONIDENTIFIED,SET,NONRECOVERABLE,NONIDENTIFIED,SET,assumption_conditional,1.0,,0.8631922897693722,1.15462168126521,0.0638899580008001,5aa4244363ebb317d4d07237a51357819655d54eead8ce2fe97c0ff39b12d689
4,daily_gap,naive_boundary,SET_ESTIMABLE,NONIDENTIFIED,SET,INCONCLUSIVE,,,,1.0,,,,3.0417002562899143e-05,5aa4244363ebb317d4d07237a51357819655d54eead8ce2fe97c0ff39b12d689
4,daily_gap,ridge,SET_ESTIMABLE,NONIDENTIFIED,SET,POINT_ESTIMABLE,,,,1.0,0.0,-0.0588,0.0588,2.5083005311898887e-05,5aa4244363ebb317d4d07237a51357819655d54eead8ce2fe97c0ff39b12d689
4,daily_gap,tsvd,SET_ESTIMABLE,NONIDENTIFIED,SET,POINT_ESTIMABLE,,,,1.0,0.0,-0.0588,0.0588,3.658300556708127e-05,5aa4244363ebb317d4d07237a51357819655d54eead8ce2fe97c0ff39b12d689
4,target_mark_collapse,crome,NONRECOVERABLE,NONIDENTIFIED,INCONCLUSIVE,NONRECOVERABLE,NONIDENTIFIED,INCONCLUSIVE,population_exact,1.0,,,,0.016585334000410512,5aa4244363ebb317d4d07237a51357819655d54eead8ce2fe97c0ff39b12d689
4,target_mark_collapse,naive_boundary,NONRECOVERABLE,NONIDENTIFIED,INCONCLUSIVE,POINT_ESTIMABLE,,,,1.0,1.0020275026874148,0.9432275026874148,1.0608275026874148,8.104099833872169e-05,5aa4244363ebb317d4d07237a51357819655d54eead8ce2fe97c0ff39b12d689
4,target_mark_collapse,ridge,NONRECOVERABLE,NONIDENTIFIED,INCONCLUSIVE,POINT_ESTIMABLE,,,,1.0,0.0,-0.0588,0.0588,1.5958001313265413e-05,5aa4244363ebb317d4d07237a51357819655d54eead8ce2fe97c0ff39b12d689
4,target_mark_collapse,tsvd,NONRECOVERABLE,NONIDENTIFIED,INCONCLUSIVE,POINT_ESTIMABLE,,,,1.0,0.0,-0.0588,0.0588,3.533299604896456e-05,5aa4244363ebb317d4d07237a51357819655d54eead8ce2fe97c0ff39b12d689
4,rounded_hidden_time,crome,INCONCLUSIVE,UNKNOWN,INCONCLUSIVE,INCONCLUSIVE,UNKNOWN,INCONCLUSIVE,finite_sample_only,1.0,,,,0.007596082999953069,5aa4244363ebb317d4d07237a51357819655d54eead8ce2fe97c0ff39b12d689
4,rounded_hidden_time,naive_boundary,INCONCLUSIVE,UNKNOWN,INCONCLUSIVE,POINT_ESTIMABLE,,,,1.0,1.0053282212968904,0.9465282212968904,1.0641282212968903,8.320899360114709e-05,5aa4244363ebb317d4d07237a51357819655d54eead8ce2fe97c0ff39b12d689
4,rounded_hidden_time,ridge,INCONCLUSIVE,UNKNOWN,INCONCLUSIVE,POINT_ESTIMABLE,,,,1.0,0.8805677717695366,0.8217677717695366,0.9393677717695366,1.4874996850267053e-05,5aa4244363ebb317d4d07237a51357819655d54eead8ce2fe97c0ff39b12d689
4,rounded_hidden_time,tsvd,INCONCLUSIVE,UNKNOWN,INCONCLUSIVE,POINT_ESTIMABLE,,,,1.0,0.8807498870269717,0.8219498870269717,0.9395498870269716,3.354199725436047e-05,5aa4244363ebb317d4d07237a51357819655d54eead8ce2fe97c0ff39b12d689
5,fine_4h,crome,POINT_ESTIMABLE,UNKNOWN,POINT_AT_TAU,POINT_ESTIMABLE,UNKNOWN,POINT_AT_TAU,assumption_conditional,1.0,1.0073409643571993,0.925449380459856,1.0892325482545426,0.09698287500214064,5aa4244363ebb317d4d07237a51357819655d54eead8ce2fe97c0ff39b12d689
5,fine_4h,naive_boundary,POINT_ESTIMABLE,UNKNOWN,POINT_AT_TAU,POINT_ESTIMABLE,,,,1.0,1.0007702572251447,0.9419702572251447,1.0595702572251446,0.00010699999984353781,5aa4244363ebb317d4d07237a51357819655d54eead8ce2fe97c0ff39b12d689
5,fine_4h,ridge,POINT_ESTIMABLE,UNKNOWN,POINT_AT_TAU,POINT_ESTIMABLE,,,,1.0,0.9978778255104626,0.9390778255104626,1.0566778255104625,1.91670042113401e-05,5aa4244363ebb317d4d07237a51357819655d54eead8ce2fe97c0ff39b12d689
5,fine_4h,tsvd,POINT_ESTIMABLE,UNKNOWN,POINT_AT_TAU,POINT_ESTIMABLE,,,,1.0,0.998128944287027,0.9393289442870271,1.056928944287027,5.9042002249043435e-05,5aa4244363ebb317d4d07237a51357819655d54eead8ce2fe97c0ff39b12d689
5,daily_gap,crome,SET_ESTIMABLE,NONIDENTIFIED,SET,NONRECOVERABLE,NONIDENTIFIED,SET,assumption_conditional,1.0,,0.8603264260709114,1.1540912758492041,0.06306841599871404,5aa4244363ebb317d4d07237a51357819655d54eead8ce2fe97c0ff39b12d689
5,daily_gap,naive_boundary,SET_ESTIMABLE,NONIDENTIFIED,SET,INCONCLUSIVE,,,,1.0,,,,5.054200300946832e-05,5aa4244363ebb317d4d07237a51357819655d54eead8ce2fe97c0ff39b12d689
5,daily_gap,ridge,SET_ESTIMABLE,NONIDENTIFIED,SET,POINT_ESTIMABLE,,,,1.0,0.0,-0.0588,0.0588,4.091700247954577e-05,5aa4244363ebb317d4d07237a51357819655d54eead8ce2fe97c0ff39b12d689
5,daily_gap,tsvd,SET_ESTIMABLE,NONIDENTIFIED,SET,POINT_ESTIMABLE,,,,1.0,0.0,-0.0588,0.0588,5.1915994845330715e-05,5aa4244363ebb317d4d07237a51357819655d54eead8ce2fe97c0ff39b12d689
5,target_mark_collapse,crome,NONRECOVERABLE,NONIDENTIFIED,INCONCLUSIVE,NONRECOVERABLE,NONIDENTIFIED,INCONCLUSIVE,population_exact,1.0,,,,0.01652716700482415,5aa4244363ebb317d4d07237a51357819655d54eead8ce2fe97c0ff39b12d689
5,target_mark_collapse,naive_boundary,NONRECOVERABLE,NONIDENTIFIED,INCONCLUSIVE,POINT_ESTIMABLE,,,,1.0,0.9977730601444965,0.9389730601444966,1.0565730601444965,7.683299918426201e-05,5aa4244363ebb317d4d07237a51357819655d54eead8ce2fe97c0ff39b12d689
5,target_mark_collapse,ridge,NONRECOVERABLE,NONIDENTIFIED,INCONCLUSIVE,POINT_ESTIMABLE,,,,1.0,0.0,-0.0588,0.0588,1.737500133458525e-05,5aa4244363ebb317d4d07237a51357819655d54eead8ce2fe97c0ff39b12d689
5,target_mark_collapse,tsvd,NONRECOVERABLE,NONIDENTIFIED,INCONCLUSIVE,POINT_ESTIMABLE,,,,1.0,0.0,-0.0588,0.0588,3.35000004270114e-05,5aa4244363ebb317d4d07237a51357819655d54eead8ce2fe97c0ff39b12d689
5,rounded_hidden_time,crome,INCONCLUSIVE,UNKNOWN,INCONCLUSIVE,INCONCLUSIVE,UNKNOWN,INCONCLUSIVE,finite_sample_only,1.0,,,,0.007486041999072768,5aa4244363ebb317d4d07237a51357819655d54eead8ce2fe97c0ff39b12d689
5,rounded_hidden_time,naive_boundary,INCONCLUSIVE,UNKNOWN,INCONCLUSIVE,POINT_ESTIMABLE,,,,1.0,1.0061675761825684,0.9473675761825684,1.0649675761825683,7.854199793655425e-05,5aa4244363ebb317d4d07237a51357819655d54eead8ce2fe97c0ff39b12d689
5,rounded_hidden_time,ridge,INCONCLUSIVE,UNKNOWN,INCONCLUSIVE,POINT_ESTIMABLE,,,,1.0,0.8819501690992136,0.8231501690992137,0.9407501690992136,1.5584002539981157e-05,5aa4244363ebb317d4d07237a51357819655d54eead8ce2fe97c0ff39b12d689
5,rounded_hidden_time,tsvd,INCONCLUSIVE,UNKNOWN,INCONCLUSIVE,POINT_ESTIMABLE,,,,1.0,0.8821302891901861,0.8233302891901861,0.9409302891901861,3.500000457279384e-05,5aa4244363ebb317d4d07237a51357819655d54eead8ce2fe97c0ff39b12d689
6,fine_4h,crome,POINT_ESTIMABLE,UNKNOWN,POINT_AT_TAU,POINT_ESTIMABLE,UNKNOWN,POINT_AT_TAU,assumption_conditional,1.0,1.0053452889964167,0.9236980065060073,1.0869925714868263,0.09913699999742676,5aa4244363ebb317d4d07237a51357819655d54eead8ce2fe97c0ff39b12d689
6,fine_4h,naive_boundary,POINT_ESTIMABLE,UNKNOWN,POINT_AT_TAU,POINT_ESTIMABLE,,,,1.0,0.9986921293753901,0.9398921293753901,1.05749212937539,6.0500002291519195e-05,5aa4244363ebb317d4d07237a51357819655d54eead8ce2fe97c0ff39b12d689
6,fine_4h,ridge,POINT_ESTIMABLE,UNKNOWN,POINT_AT_TAU,POINT_ESTIMABLE,,,,1.0,0.9940186233560359,0.9352186233560359,1.052818623356036,1.4792000001762062e-05,5aa4244363ebb317d4d07237a51357819655d54eead8ce2fe97c0ff39b12d689
6,fine_4h,tsvd,POINT_ESTIMABLE,UNKNOWN,POINT_AT_TAU,POINT_ESTIMABLE,,,,1.0,0.9942705969720981,0.9354705969720981,1.0530705969720981,3.51249982486479e-05,5aa4244363ebb317d4d07237a51357819655d54eead8ce2fe97c0ff39b12d689
6,daily_gap,crome,SET_ESTIMABLE,NONIDENTIFIED,SET,NONRECOVERABLE,NONIDENTIFIED,SET,assumption_conditional,1.0,,0.873116901926926,1.1637160933481874,0.05968620799831115,5aa4244363ebb317d4d07237a51357819655d54eead8ce2fe97c0ff39b12d689
6,daily_gap,naive_boundary,SET_ESTIMABLE,NONIDENTIFIED,SET,INCONCLUSIVE,,,,1.0,,,,2.320900239283219e-05,5aa4244363ebb317d4d07237a51357819655d54eead8ce2fe97c0ff39b12d689
6,daily_gap,ridge,SET_ESTIMABLE,NONIDENTIFIED,SET,POINT_ESTIMABLE,,,,1.0,0.0,-0.0588,0.0588,2.1665997337549925e-05,5aa4244363ebb317d4d07237a51357819655d54eead8ce2fe97c0ff39b12d689
6,daily_gap,tsvd,SET_ESTIMABLE,NONIDENTIFIED,SET,POINT_ESTIMABLE,,,,1.0,0.0,-0.0588,0.0588,3.166599344694987e-05,5aa4244363ebb317d4d07237a51357819655d54eead8ce2fe97c0ff39b12d689
6,target_mark_collapse,crome,NONRECOVERABLE,NONIDENTIFIED,INCONCLUSIVE,NONRECOVERABLE,NONIDENTIFIED,INCONCLUSIVE,population_exact,1.0,,,,0.016723250002542045,5aa4244363ebb317d4d07237a51357819655d54eead8ce2fe97c0ff39b12d689
6,target_mark_collapse,naive_boundary,NONRECOVERABLE,NONIDENTIFIED,INCONCLUSIVE,POINT_ESTIMABLE,,,,1.0,0.9975222362586084,0.9387222362586084,1.0563222362586084,8.120800339384004e-05,5aa4244363ebb317d4d07237a51357819655d54eead8ce2fe97c0ff39b12d689
6,target_mark_collapse,ridge,NONRECOVERABLE,NONIDENTIFIED,INCONCLUSIVE,POINT_ESTIMABLE,,,,1.0,0.0,-0.0588,0.0588,1.85410026460886e-05,5aa4244363ebb317d4d07237a51357819655d54eead8ce2fe97c0ff39b12d689
6,target_mark_collapse,tsvd,NONRECOVERABLE,NONIDENTIFIED,INCONCLUSIVE,POINT_ESTIMABLE,,,,1.0,0.0,-0.0588,0.0588,3.74590017599985e-05,5aa4244363ebb317d4d07237a51357819655d54eead8ce2fe97c0ff39b12d689
6,rounded_hidden_time,crome,INCONCLUSIVE,UNKNOWN,INCONCLUSIVE,INCONCLUSIVE,UNKNOWN,INCONCLUSIVE,finite_sample_only,1.0,,,,0.007625167003425304,5aa4244363ebb317d4d07237a51357819655d54eead8ce2fe97c0ff39b12d689
6,rounded_hidden_time,naive_boundary,INCONCLUSIVE,UNKNOWN,INCONCLUSIVE,POINT_ESTIMABLE,,,,1.0,1.0090928615730541,0.9502928615730541,1.067892861573054,7.487499533453956e-05,5aa4244363ebb317d4d07237a51357819655d54eead8ce2fe97c0ff39b12d689
6,rounded_hidden_time,ridge,INCONCLUSIVE,UNKNOWN,INCONCLUSIVE,POINT_ESTIMABLE,,,,1.0,0.8779335111473137,0.8191335111473137,0.9367335111473136,1.5165998775046319e-05,5aa4244363ebb317d4d07237a51357819655d54eead8ce2fe97c0ff39b12d689
6,rounded_hidden_time,tsvd,INCONCLUSIVE,UNKNOWN,INCONCLUSIVE,POINT_ESTIMABLE,,,,1.0,0.8781257719513917,0.8193257719513918,0.9369257719513917,3.3583004551474005e-05,5aa4244363ebb317d4d07237a51357819655d54eead8ce2fe97c0ff39b12d689
7,fine_4h,crome,POINT_ESTIMABLE,UNKNOWN,POINT_AT_TAU,POINT_ESTIMABLE,UNKNOWN,POINT_AT_TAU,assumption_conditional,1.0,1.0067075429168493,0.9247892712304095,1.088625814603289,0.09634733299753862,5aa4244363ebb317d4d07237a51357819655d54eead8ce2fe97c0ff39b12d689
7,fine_4h,naive_boundary,POINT_ESTIMABLE,UNKNOWN,POINT_AT_TAU,POINT_ESTIMABLE,,,,1.0,1.0044129080955213,0.9456129080955213,1.0632129080955213,0.00011220799933653325,5aa4244363ebb317d4d07237a51357819655d54eead8ce2fe97c0ff39b12d689
7,fine_4h,ridge,POINT_ESTIMABLE,UNKNOWN,POINT_AT_TAU,POINT_ESTIMABLE,,,,1.0,0.9979243590861632,0.9391243590861632,1.0567243590861632,2.0542000129353255e-05,5aa4244363ebb317d4d07237a51357819655d54eead8ce2fe97c0ff39b12d689
7,fine_4h,tsvd,POINT_ESTIMABLE,UNKNOWN,POINT_AT_TAU,POINT_ESTIMABLE,,,,1.0,0.9981780973830593,0.9393780973830593,1.0569780973830594,5.0666996685322374e-05,5aa4244363ebb317d4d07237a51357819655d54eead8ce2fe97c0ff39b12d689
7,daily_gap,crome,SET_ESTIMABLE,NONIDENTIFIED,SET,NONRECOVERABLE,NONIDENTIFIED,SET,assumption_conditional,1.0,,0.872225010743495,1.1588210729599753,0.06362162499863189,5aa4244363ebb317d4d07237a51357819655d54eead8ce2fe97c0ff39b12d689
7,daily_gap,naive_boundary,SET_ESTIMABLE,NONIDENTIFIED,SET,INCONCLUSIVE,,,,1.0,,,,4.466600512387231e-05,5aa4244363ebb317d4d07237a51357819655d54eead8ce2fe97c0ff39b12d689
7,daily_gap,ridge,SET_ESTIMABLE,NONIDENTIFIED,SET,POINT_ESTIMABLE,,,,1.0,0.0,-0.0588,0.0588,3.358400135766715e-05,5aa4244363ebb317d4d07237a51357819655d54eead8ce2fe97c0ff39b12d689
7,daily_gap,tsvd,SET_ESTIMABLE,NONIDENTIFIED,SET,POINT_ESTIMABLE,,,,1.0,0.0,-0.0588,0.0588,4.1292005334980786e-05,5aa4244363ebb317d4d07237a51357819655d54eead8ce2fe97c0ff39b12d689
7,target_mark_collapse,crome,NONRECOVERABLE,NONIDENTIFIED,INCONCLUSIVE,NONRECOVERABLE,NONIDENTIFIED,INCONCLUSIVE,population_exact,1.0,,,,0.016912999999476597,5aa4244363ebb317d4d07237a51357819655d54eead8ce2fe97c0ff39b12d689
7,target_mark_collapse,naive_boundary,NONRECOVERABLE,NONIDENTIFIED,INCONCLUSIVE,POINT_ESTIMABLE,,,,1.0,0.9979455675757701,0.9391455675757702,1.0567455675757702,0.00010095899779116735,5aa4244363ebb317d4d07237a51357819655d54eead8ce2fe97c0ff39b12d689
7,target_mark_collapse,ridge,NONRECOVERABLE,NONIDENTIFIED,INCONCLUSIVE,POINT_ESTIMABLE,,,,1.0,0.0,-0.0588,0.0588,1.8500002624932677e-05,5aa4244363ebb317d4d07237a51357819655d54eead8ce2fe97c0ff39b12d689
7,target_mark_collapse,tsvd,NONRECOVERABLE,NONIDENTIFIED,INCONCLUSIVE,POINT_ESTIMABLE,,,,1.0,0.0,-0.0588,0.0588,4.008300311397761e-05,5aa4244363ebb317d4d07237a51357819655d54eead8ce2fe97c0ff39b12d689
7,rounded_hidden_time,crome,INCONCLUSIVE,UNKNOWN,INCONCLUSIVE,INCONCLUSIVE,UNKNOWN,INCONCLUSIVE,finite_sample_only,1.0,,,,0.007660957999178208,5aa4244363ebb317d4d07237a51357819655d54eead8ce2fe97c0ff39b12d689
7,rounded_hidden_time,naive_boundary,INCONCLUSIVE,UNKNOWN,INCONCLUSIVE,POINT_ESTIMABLE,,,,1.0,1.0047540357778348,0.9459540357778349,1.0635540357778348,8.116700337268412e-05,5aa4244363ebb317d4d07237a51357819655d54eead8ce2fe97c0ff39b12d689
7,rounded_hidden_time,ridge,INCONCLUSIVE,UNKNOWN,INCONCLUSIVE,POINT_ESTIMABLE,,,,1.0,0.8926247569831403,0.8338247569831403,0.9514247569831402,1.8500002624932677e-05,5aa4244363ebb317d4d07237a51357819655d54eead8ce2fe97c0ff39b12d689
7,rounded_hidden_time,tsvd,INCONCLUSIVE,UNKNOWN,INCONCLUSIVE,POINT_ESTIMABLE,,,,1.0,0.8928001754742847,0.8340001754742847,0.9516001754742847,3.554200520738959e-05,5aa4244363ebb317d4d07237a51357819655d54eead8ce2fe97c0ff39b12d689
8,fine_4h,crome,POINT_ESTIMABLE,UNKNOWN,POINT_AT_TAU,POINT_ESTIMABLE,UNKNOWN,POINT_AT_TAU,assumption_conditional,1.0,1.0022140594091145,0.9202604456931878,1.0841676731250411,0.09813549999671523,5aa4244363ebb317d4d07237a51357819655d54eead8ce2fe97c0ff39b12d689
8,fine_4h,naive_boundary,POINT_ESTIMABLE,UNKNOWN,POINT_AT_TAU,POINT_ESTIMABLE,,,,1.0,0.9925688658610132,0.9337688658610133,1.0513688658610132,0.0001112910031224601,5aa4244363ebb317d4d07237a51357819655d54eead8ce2fe97c0ff39b12d689
8,fine_4h,ridge,POINT_ESTIMABLE,UNKNOWN,POINT_AT_TAU,POINT_ESTIMABLE,,,,1.0,1.0043352336652736,0.9455352336652736,1.0631352336652735,1.875000452855602e-05,5aa4244363ebb317d4d07237a51357819655d54eead8ce2fe97c0ff39b12d689
8,fine_4h,tsvd,POINT_ESTIMABLE,UNKNOWN,POINT_AT_TAU,POINT_ESTIMABLE,,,,1.0,1.0046276096089324,0.9458276096089324,1.0634276096089323,4.337500286055729e-05,5aa4244363ebb317d4d07237a51357819655d54eead8ce2fe97c0ff39b12d689
8,daily_gap,crome,SET_ESTIMABLE,NONIDENTIFIED,SET,NONRECOVERABLE,NONIDENTIFIED,SET,assumption_conditional,1.0,,0.8695623064243112,1.1601833719848027,0.06535529199754819,5aa4244363ebb317d4d07237a51357819655d54eead8ce2fe97c0ff39b12d689
8,daily_gap,naive_boundary,SET_ESTIMABLE,NONIDENTIFIED,SET,INCONCLUSIVE,,,,1.0,,,,4.170800093561411e-05,5aa4244363ebb317d4d07237a51357819655d54eead8ce2fe97c0ff39b12d689
8,daily_gap,ridge,SET_ESTIMABLE,NONIDENTIFIED,SET,POINT_ESTIMABLE,,,,1.0,0.0,-0.0588,0.0588,3.333300264785066e-05,5aa4244363ebb317d4d07237a51357819655d54eead8ce2fe97c0ff39b12d689
8,daily_gap,tsvd,SET_ESTIMABLE,NONIDENTIFIED,SET,POINT_ESTIMABLE,,,,1.0,0.0,-0.0588,0.0588,4.2583000322338194e-05,5aa4244363ebb317d4d07237a51357819655d54eead8ce2fe97c0ff39b12d689
8,target_mark_collapse,crome,NONRECOVERABLE,NONIDENTIFIED,INCONCLUSIVE,NONRECOVERABLE,NONIDENTIFIED,INCONCLUSIVE,population_exact,1.0,,,,0.01677637499960838,5aa4244363ebb317d4d07237a51357819655d54eead8ce2fe97c0ff39b12d689
8,target_mark_collapse,naive_boundary,NONRECOVERABLE,NONIDENTIFIED,INCONCLUSIVE,POINT_ESTIMABLE,,,,1.0,0.9990505547888571,0.9402505547888571,1.057850554788857,7.249999907799065e-05,5aa4244363ebb317d4d07237a51357819655d54eead8ce2fe97c0ff39b12d689
8,target_mark_collapse,ridge,NONRECOVERABLE,NONIDENTIFIED,INCONCLUSIVE,POINT_ESTIMABLE,,,,1.0,0.0,-0.0588,0.0588,1.6792000678833574e-05,5aa4244363ebb317d4d07237a51357819655d54eead8ce2fe97c0ff39b12d689
8,target_mark_collapse,tsvd,NONRECOVERABLE,NONIDENTIFIED,INCONCLUSIVE,POINT_ESTIMABLE,,,,1.0,0.0,-0.0588,0.0588,3.1332994694821537e-05,5aa4244363ebb317d4d07237a51357819655d54eead8ce2fe97c0ff39b12d689
8,rounded_hidden_time,crome,INCONCLUSIVE,UNKNOWN,INCONCLUSIVE,INCONCLUSIVE,UNKNOWN,INCONCLUSIVE,finite_sample_only,1.0,,,,0.007506500005547423,5aa4244363ebb317d4d07237a51357819655d54eead8ce2fe97c0ff39b12d689
8,rounded_hidden_time,naive_boundary,INCONCLUSIVE,UNKNOWN,INCONCLUSIVE,POINT_ESTIMABLE,,,,1.0,1.0054121948980301,0.9466121948980302,1.06421219489803,7.962500239955261e-05,5aa4244363ebb317d4d07237a51357819655d54eead8ce2fe97c0ff39b12d689
8,rounded_hidden_time,ridge,INCONCLUSIVE,UNKNOWN,INCONCLUSIVE,POINT_ESTIMABLE,,,,1.0,0.878800337098133,0.820000337098133,0.937600337098133,1.5249999705702066e-05,5aa4244363ebb317d4d07237a51357819655d54eead8ce2fe97c0ff39b12d689
8,rounded_hidden_time,tsvd,INCONCLUSIVE,UNKNOWN,INCONCLUSIVE,POINT_ESTIMABLE,,,,1.0,0.8789867457175656,0.8201867457175657,0.9377867457175656,3.412500518606976e-05,5aa4244363ebb317d4d07237a51357819655d54eead8ce2fe97c0ff39b12d689
9,fine_4h,crome,POINT_ESTIMABLE,UNKNOWN,POINT_AT_TAU,POINT_ESTIMABLE,UNKNOWN,POINT_AT_TAU,assumption_conditional,1.0,1.0080204838181945,0.926453765818347,1.0895872018180421,0.09897995899518719,5aa4244363ebb317d4d07237a51357819655d54eead8ce2fe97c0ff39b12d689
9,fine_4h,naive_boundary,POINT_ESTIMABLE,UNKNOWN,POINT_AT_TAU,POINT_ESTIMABLE,,,,1.0,1.0040858555803593,0.9452858555803594,1.0628858555803593,6.13329975749366e-05,5aa4244363ebb317d4d07237a51357819655d54eead8ce2fe97c0ff39b12d689
9,fine_4h,ridge,POINT_ESTIMABLE,UNKNOWN,POINT_AT_TAU,POINT_ESTIMABLE,,,,1.0,0.9943598869614073,0.9355598869614073,1.0531598869614074,1.4707999071106315e-05,5aa4244363ebb317d4d07237a51357819655d54eead8ce2fe97c0ff39b12d689
9,fine_4h,tsvd,POINT_ESTIMABLE,UNKNOWN,POINT_AT_TAU,POINT_ESTIMABLE,,,,1.0,0.9946023695758651,0.9358023695758652,1.0534023695758652,3.3416996302548796e-05,5aa4244363ebb317d4d07237a51357819655d54eead8ce2fe97c0ff39b12d689
9,daily_gap,crome,SET_ESTIMABLE,NONIDENTIFIED,SET,NONRECOVERABLE,NONIDENTIFIED,SET,assumption_conditional,1.0,,0.876457279494746,1.1526460940818941,0.06570741700124927,5aa4244363ebb317d4d07237a51357819655d54eead8ce2fe97c0ff39b12d689
9,daily_gap,naive_boundary,SET_ESTIMABLE,NONIDENTIFIED,SET,INCONCLUSIVE,,,,1.0,,,,2.445800055284053e-05,5aa4244363ebb317d4d07237a51357819655d54eead8ce2fe97c0ff39b12d689
9,daily_gap,ridge,SET_ESTIMABLE,NONIDENTIFIED,SET,POINT_ESTIMABLE,,,,1.0,0.0,-0.0588,0.0588,2.3917004000395536e-05,5aa4244363ebb317d4d07237a51357819655d54eead8ce2fe97c0ff39b12d689
9,daily_gap,tsvd,SET_ESTIMABLE,NONIDENTIFIED,SET,POINT_ESTIMABLE,,,,1.0,0.0,-0.0588,0.0588,3.329099854454398e-05,5aa4244363ebb317d4d07237a51357819655d54eead8ce2fe97c0ff39b12d689
9,target_mark_collapse,crome,NONRECOVERABLE,NONIDENTIFIED,INCONCLUSIVE,NONRECOVERABLE,NONIDENTIFIED,INCONCLUSIVE,population_exact,1.0,,,,0.01653045800048858,5aa4244363ebb317d4d07237a51357819655d54eead8ce2fe97c0ff39b12d689
9,target_mark_collapse,naive_boundary,NONRECOVERABLE,NONIDENTIFIED,INCONCLUSIVE,POINT_ESTIMABLE,,,,1.0,1.00164726754043,0.94284726754043,1.06044726754043,6.458300049416721e-05,5aa4244363ebb317d4d07237a51357819655d54eead8ce2fe97c0ff39b12d689
9,target_mark_collapse,ridge,NONRECOVERABLE,NONIDENTIFIED,INCONCLUSIVE,POINT_ESTIMABLE,,,,1.0,0.0,-0.0588,0.0588,1.550000160932541e-05,5aa4244363ebb317d4d07237a51357819655d54eead8ce2fe97c0ff39b12d689
9,target_mark_collapse,tsvd,NONRECOVERABLE,NONIDENTIFIED,INCONCLUSIVE,POINT_ESTIMABLE,,,,1.0,0.0,-0.0588,0.0588,2.9791997803840786e-05,5aa4244363ebb317d4d07237a51357819655d54eead8ce2fe97c0ff39b12d689
9,rounded_hidden_time,crome,INCONCLUSIVE,UNKNOWN,INCONCLUSIVE,INCONCLUSIVE,UNKNOWN,INCONCLUSIVE,finite_sample_only,1.0,,,,0.0075239159996272065,5aa4244363ebb317d4d07237a51357819655d54eead8ce2fe97c0ff39b12d689
9,rounded_hidden_time,naive_boundary,INCONCLUSIVE,UNKNOWN,INCONCLUSIVE,POINT_ESTIMABLE,,,,1.0,1.005612779424947,0.946812779424947,1.064412779424947,7.133400504244491e-05,5aa4244363ebb317d4d07237a51357819655d54eead8ce2fe97c0ff39b12d689
9,rounded_hidden_time,ridge,INCONCLUSIVE,UNKNOWN,INCONCLUSIVE,POINT_ESTIMABLE,,,,1.0,0.877815611178217,0.8190156111782171,0.936615611178217,1.4666999049950391e-05,5aa4244363ebb317d4d07237a51357819655d54eead8ce2fe97c0ff39b12d689
9,rounded_hidden_time,tsvd,INCONCLUSIVE,UNKNOWN,INCONCLUSIVE,POINT_ESTIMABLE,,,,1.0,0.8780099651802307,0.8192099651802307,0.9368099651802306,3.345799632370472e-05,5aa4244363ebb317d4d07237a51357819655d54eead8ce2fe97c0ff39b12d689
10,fine_4h,crome,POINT_ESTIMABLE,UNKNOWN,POINT_AT_TAU,POINT_ESTIMABLE,UNKNOWN,POINT_AT_TAU,assumption_conditional,1.0,1.0065163195618319,0.9250584626362848,1.087974176487379,0.1060869159991853,5aa4244363ebb317d4d07237a51357819655d54eead8ce2fe97c0ff39b12d689
10,fine_4h,naive_boundary,POINT_ESTIMABLE,UNKNOWN,POINT_AT_TAU,POINT_ESTIMABLE,,,,1.0,0.9979939565364998,0.9391939565364998,1.0567939565364999,0.00012329099990893155,5aa4244363ebb317d4d07237a51357819655d54eead8ce2fe97c0ff39b12d689
10,fine_4h,ridge,POINT_ESTIMABLE,UNKNOWN,POINT_AT_TAU,POINT_ESTIMABLE,,,,1.0,0.9991586603076067,0.9403586603076067,1.0579586603076068,2.1540996385738254e-05,5aa4244363ebb317d4d07237a51357819655d54eead8ce2fe97c0ff39b12d689
10,fine_4h,tsvd,POINT_ESTIMABLE,UNKNOWN,POINT_AT_TAU,POINT_ESTIMABLE,,,,1.0,0.9994116216409574,0.9406116216409575,1.0582116216409574,5.291599518386647e-05,5aa4244363ebb317d4d07237a51357819655d54eead8ce2fe97c0ff39b12d689
10,daily_gap,crome,SET_ESTIMABLE,NONIDENTIFIED,SET,NONRECOVERABLE,NONIDENTIFIED,SET,assumption_conditional,1.0,,0.8716484868134157,1.1503029431036738,0.06576620799751254,5aa4244363ebb317d4d07237a51357819655d54eead8ce2fe97c0ff39b12d689
10,daily_gap,naive_boundary,SET_ESTIMABLE,NONIDENTIFIED,SET,INCONCLUSIVE,,,,1.0,,,,2.8583002858795226e-05,5aa4244363ebb317d4d07237a51357819655d54eead8ce2fe97c0ff39b12d689
10,daily_gap,ridge,SET_ESTIMABLE,NONIDENTIFIED,SET,POINT_ESTIMABLE,,,,1.0,0.0,-0.0588,0.0588,2.454200148349628e-05,5aa4244363ebb317d4d07237a51357819655d54eead8ce2fe97c0ff39b12d689
10,daily_gap,tsvd,SET_ESTIMABLE,NONIDENTIFIED,SET,POINT_ESTIMABLE,,,,1.0,0.0,-0.0588,0.0588,3.6124998587183654e-05,5aa4244363ebb317d4d07237a51357819655d54eead8ce2fe97c0ff39b12d689
10,target_mark_collapse,crome,NONRECOVERABLE,NONIDENTIFIED,INCONCLUSIVE,NONRECOVERABLE,NONIDENTIFIED,INCONCLUSIVE,population_exact,1.0,,,,0.016638124994642567,5aa4244363ebb317d4d07237a51357819655d54eead8ce2fe97c0ff39b12d689
10,target_mark_collapse,naive_boundary,NONRECOVERABLE,NONIDENTIFIED,INCONCLUSIVE,POINT_ESTIMABLE,,,,1.0,0.994421912554985,0.9356219125549851,1.053221912554985,7.687500328756869e-05,5aa4244363ebb317d4d07237a51357819655d54eead8ce2fe97c0ff39b12d689
10,target_mark_collapse,ridge,NONRECOVERABLE,NONIDENTIFIED,INCONCLUSIVE,POINT_ESTIMABLE,,,,1.0,0.0,-0.0588,0.0588,1.6375000996049494e-05,5aa4244363ebb317d4d07237a51357819655d54eead8ce2fe97c0ff39b12d689
10,target_mark_collapse,tsvd,NONRECOVERABLE,NONIDENTIFIED,INCONCLUSIVE,POINT_ESTIMABLE,,,,1.0,0.0,-0.0588,0.0588,3.145799564663321e-05,5aa4244363ebb317d4d07237a51357819655d54eead8ce2fe97c0ff39b12d689
10,rounded_hidden_time,crome,INCONCLUSIVE,UNKNOWN,INCONCLUSIVE,INCONCLUSIVE,UNKNOWN,INCONCLUSIVE,finite_sample_only,1.0,,,,0.007704415998887271,5aa4244363ebb317d4d07237a51357819655d54eead8ce2fe97c0ff39b12d689
10,rounded_hidden_time,naive_boundary,INCONCLUSIVE,UNKNOWN,INCONCLUSIVE,POINT_ESTIMABLE,,,,1.0,1.0061213948767997,0.9473213948767998,1.0649213948767997,0.00011575000098673627,5aa4244363ebb317d4d07237a51357819655d54eead8ce2fe97c0ff39b12d689
10,rounded_hidden_time,ridge,INCONCLUSIVE,UNKNOWN,INCONCLUSIVE,POINT_ESTIMABLE,,,,1.0,0.8783798557846542,0.8195798557846542,0.9371798557846541,1.7917001969181e-05,5aa4244363ebb317d4d07237a51357819655d54eead8ce2fe97c0ff39b12d689
10,rounded_hidden_time,tsvd,INCONCLUSIVE,UNKNOWN,INCONCLUSIVE,POINT_ESTIMABLE,,,,1.0,0.87857496863265,0.8197749686326501,0.93737496863265,3.787500463658944e-05,5aa4244363ebb317d4d07237a51357819655d54eead8ce2fe97c0ff39b12d689
11,fine_4h,crome,POINT_ESTIMABLE,UNKNOWN,POINT_AT_TAU,POINT_ESTIMABLE,UNKNOWN,POINT_AT_TAU,assumption_conditional,1.0,1.0072946194721164,0.9252525470444312,1.0893366918998015,0.09583816699887393,5aa4244363ebb317d4d07237a51357819655d54eead8ce2fe97c0ff39b12d689
11,fine_4h,naive_boundary,POINT_ESTIMABLE,UNKNOWN,POINT_AT_TAU,POINT_ESTIMABLE,,,,1.0,1.000217967864505,0.9414179678645049,1.0590179678645049,7.670799823245034e-05,5aa4244363ebb317d4d07237a51357819655d54eead8ce2fe97c0ff39b12d689
11,fine_4h,ridge,POINT_ESTIMABLE,UNKNOWN,POINT_AT_TAU,POINT_ESTIMABLE,,,,1.0,1.006501605438917,0.9477016054389171,1.065301605438917,1.6625002899672836e-05,5aa4244363ebb317d4d07237a51357819655d54eead8ce2fe97c0ff39b12d689
11,fine_4h,tsvd,POINT_ESTIMABLE,UNKNOWN,POINT_AT_TAU,POINT_ESTIMABLE,,,,1.0,1.0067691306066364,0.9479691306066365,1.0655691306066364,3.724999987753108e-05,5aa4244363ebb317d4d07237a51357819655d54eead8ce2fe97c0ff39b12d689
11,daily_gap,crome,SET_ESTIMABLE,NONIDENTIFIED,SET,NONRECOVERABLE,NONIDENTIFIED,SET,assumption_conditional,1.0,,0.8758390475237184,1.1216110265141144,0.0623314170006779,5aa4244363ebb317d4d07237a51357819655d54eead8ce2fe97c0ff39b12d689
11,daily_gap,naive_boundary,SET_ESTIMABLE,NONIDENTIFIED,SET,INCONCLUSIVE,,,,1.0,,,,3.329099854454398e-05,5aa4244363ebb317d4d07237a51357819655d54eead8ce2fe97c0ff39b12d689
11,daily_gap,ridge,SET_ESTIMABLE,NONIDENTIFIED,SET,POINT_ESTIMABLE,,,,1.0,0.0,-0.0588,0.0588,3.1042000045999885e-05,5aa4244363ebb317d4d07237a51357819655d54eead8ce2fe97c0ff39b12d689
11,daily_gap,tsvd,SET_ESTIMABLE,NONIDENTIFIED,SET,POINT_ESTIMABLE,,,,1.0,0.0,-0.0588,0.0588,4.491699655773118e-05,5aa4244363ebb317d4d07237a51357819655d54eead8ce2fe97c0ff39b12d689
11,target_mark_collapse,crome,NONRECOVERABLE,NONIDENTIFIED,INCONCLUSIVE,NONRECOVERABLE,NONIDENTIFIED,INCONCLUSIVE,population_exact,1.0,,,,0.016488166998897213,5aa4244363ebb317d4d07237a51357819655d54eead8ce2fe97c0ff39b12d689
11,target_mark_collapse,naive_boundary,NONRECOVERABLE,NONIDENTIFIED,INCONCLUSIVE,POINT_ESTIMABLE,,,,1.0,1.0025800156630482,0.9437800156630483,1.0613800156630482,7.183399429777637e-05,5aa4244363ebb317d4d07237a51357819655d54eead8ce2fe97c0ff39b12d689
11,target_mark_collapse,ridge,NONRECOVERABLE,NONIDENTIFIED,INCONCLUSIVE,POINT_ESTIMABLE,,,,1.0,0.0,-0.0588,0.0588,1.6666999727021903e-05,5aa4244363ebb317d4d07237a51357819655d54eead8ce2fe97c0ff39b12d689
11,target_mark_collapse,tsvd,NONRECOVERABLE,NONIDENTIFIED,INCONCLUSIVE,POINT_ESTIMABLE,,,,1.0,0.0,-0.0588,0.0588,3.275000199209899e-05,5aa4244363ebb317d4d07237a51357819655d54eead8ce2fe97c0ff39b12d689
11,rounded_hidden_time,crome,INCONCLUSIVE,UNKNOWN,INCONCLUSIVE,INCONCLUSIVE,UNKNOWN,INCONCLUSIVE,finite_sample_only,1.0,,,,0.007469875003152993,5aa4244363ebb317d4d07237a51357819655d54eead8ce2fe97c0ff39b12d689
11,rounded_hidden_time,naive_boundary,INCONCLUSIVE,UNKNOWN,INCONCLUSIVE,POINT_ESTIMABLE,,,,1.0,1.0062739247211399,0.9474739247211399,1.0650739247211398,7.654200453544036e-05,5aa4244363ebb317d4d07237a51357819655d54eead8ce2fe97c0ff39b12d689
11,rounded_hidden_time,ridge,INCONCLUSIVE,UNKNOWN,INCONCLUSIVE,POINT_ESTIMABLE,,,,1.0,0.8796181698860316,0.8208181698860316,0.9384181698860316,1.5249999705702066e-05,5aa4244363ebb317d4d07237a51357819655d54eead8ce2fe97c0ff39b12d689
11,rounded_hidden_time,tsvd,INCONCLUSIVE,UNKNOWN,INCONCLUSIVE,POINT_ESTIMABLE,,,,1.0,0.8798128657178375,0.8210128657178375,0.9386128657178374,3.4749995393212885e-05,5aa4244363ebb317d4d07237a51357819655d54eead8ce2fe97c0ff39b12d689
12,fine_4h,crome,POINT_ESTIMABLE,UNKNOWN,POINT_AT_TAU,POINT_ESTIMABLE,UNKNOWN,POINT_AT_TAU,assumption_conditional,1.0,1.0065723597322638,0.9247436848843853,1.0884010345801423,0.09460520799621008,5aa4244363ebb317d4d07237a51357819655d54eead8ce2fe97c0ff39b12d689
12,fine_4h,naive_boundary,POINT_ESTIMABLE,UNKNOWN,POINT_AT_TAU,POINT_ESTIMABLE,,,,1.0,1.0009584715588715,0.9421584715588716,1.0597584715588715,0.00010095899779116735,5aa4244363ebb317d4d07237a51357819655d54eead8ce2fe97c0ff39b12d689
12,fine_4h,ridge,POINT_ESTIMABLE,UNKNOWN,POINT_AT_TAU,POINT_ESTIMABLE,,,,1.0,0.9979151985384458,0.9391151985384458,1.0567151985384458,1.879199407994747e-05,5aa4244363ebb317d4d07237a51357819655d54eead8ce2fe97c0ff39b12d689
12,fine_4h,tsvd,POINT_ESTIMABLE,UNKNOWN,POINT_AT_TAU,POINT_ESTIMABLE,,,,1.0,0.9981864986595348,0.9393864986595348,1.0569864986595348,4.691600042860955e-05,5aa4244363ebb317d4d07237a51357819655d54eead8ce2fe97c0ff39b12d689
12,daily_gap,crome,SET_ESTIMABLE,NONIDENTIFIED,SET,NONRECOVERABLE,NONIDENTIFIED,SET,assumption_conditional,1.0,,0.8692315142356141,1.145990649423623,0.06478579199756496,5aa4244363ebb317d4d07237a51357819655d54eead8ce2fe97c0ff39b12d689
12,daily_gap,naive_boundary,SET_ESTIMABLE,NONIDENTIFIED,SET,INCONCLUSIVE,,,,1.0,,,,3.941600152757019e-05,5aa4244363ebb317d4d07237a51357819655d54eead8ce2fe97c0ff39b12d689
12,daily_gap,ridge,SET_ESTIMABLE,NONIDENTIFIED,SET,POINT_ESTIMABLE,,,,1.0,0.0,-0.0588,0.0588,3.066699719056487e-05,5aa4244363ebb317d4d07237a51357819655d54eead8ce2fe97c0ff39b12d689
12,daily_gap,tsvd,SET_ESTIMABLE,NONIDENTIFIED,SET,POINT_ESTIMABLE,,,,1.0,0.0,-0.0588,0.0588,4.012499994132668e-05,5aa4244363ebb317d4d07237a51357819655d54eead8ce2fe97c0ff39b12d689
12,target_mark_collapse,crome,NONRECOVERABLE,NONIDENTIFIED,INCONCLUSIVE,NONRECOVERABLE,NONIDENTIFIED,INCONCLUSIVE,population_exact,1.0,,,,0.016829041996970773,5aa4244363ebb317d4d07237a51357819655d54eead8ce2fe97c0ff39b12d689
12,target_mark_collapse,naive_boundary,NONRECOVERABLE,NONIDENTIFIED,INCONCLUSIVE,POINT_ESTIMABLE,,,,1.0,0.9999114957138916,0.9411114957138916,1.0587114957138917,9.549999958835542e-05,5aa4244363ebb317d4d07237a51357819655d54eead8ce2fe97c0ff39b12d689
12,target_mark_collapse,ridge,NONRECOVERABLE,NONIDENTIFIED,INCONCLUSIVE,POINT_ESTIMABLE,,,,1.0,0.0,-0.0588,0.0588,1.925000105984509e-05,5aa4244363ebb317d4d07237a51357819655d54eead8ce2fe97c0ff39b12d689
12,target_mark_collapse,tsvd,NONRECOVERABLE,NONIDENTIFIED,INCONCLUSIVE,POINT_ESTIMABLE,,,,1.0,0.0,-0.0588,0.0588,4.566700226860121e-05,5aa4244363ebb317d4d07237a51357819655d54eead8ce2fe97c0ff39b12d689
12,rounded_hidden_time,crome,INCONCLUSIVE,UNKNOWN,INCONCLUSIVE,INCONCLUSIVE,UNKNOWN,INCONCLUSIVE,finite_sample_only,1.0,,,,0.0075888750070589595,5aa4244363ebb317d4d07237a51357819655d54eead8ce2fe97c0ff39b12d689
12,rounded_hidden_time,naive_boundary,INCONCLUSIVE,UNKNOWN,INCONCLUSIVE,POINT_ESTIMABLE,,,,1.0,1.004427116595458,0.945627116595458,1.0632271165954579,8.062499546213076e-05,5aa4244363ebb317d4d07237a51357819655d54eead8ce2fe97c0ff39b12d689
12,rounded_hidden_time,ridge,INCONCLUSIVE,UNKNOWN,INCONCLUSIVE,POINT_ESTIMABLE,,,,1.0,0.894200251508538,0.835400251508538,0.953000251508538,1.55829984578304e-05,5aa4244363ebb317d4d07237a51357819655d54eead8ce2fe97c0ff39b12d689
12,rounded_hidden_time,tsvd,INCONCLUSIVE,UNKNOWN,INCONCLUSIVE,POINT_ESTIMABLE,,,,1.0,0.8943850212713211,0.8355850212713212,0.9531850212713211,3.512500552460551e-05,5aa4244363ebb317d4d07237a51357819655d54eead8ce2fe97c0ff39b12d689
13,fine_4h,crome,POINT_ESTIMABLE,UNKNOWN,POINT_AT_TAU,POINT_ESTIMABLE,UNKNOWN,POINT_AT_TAU,assumption_conditional,1.0,1.0058503732500963,0.9241395318178729,1.0875612146823197,0.10264387499773875,5aa4244363ebb317d4d07237a51357819655d54eead8ce2fe97c0ff39b12d689
13,fine_4h,naive_boundary,POINT_ESTIMABLE,UNKNOWN,POINT_AT_TAU,POINT_ESTIMABLE,,,,1.0,0.9959246565948514,0.9371246565948514,1.0547246565948514,0.00011858299694722518,5aa4244363ebb317d4d07237a51357819655d54eead8ce2fe97c0ff39b12d689
13,fine_4h,ridge,POINT_ESTIMABLE,UNKNOWN,POINT_AT_TAU,POINT_ESTIMABLE,,,,1.0,0.9996901036208838,0.9408901036208839,1.0584901036208838,1.9999999494757503e-05,5aa4244363ebb317d4d07237a51357819655d54eead8ce2fe97c0ff39b12d689
13,fine_4h,tsvd,POINT_ESTIMABLE,UNKNOWN,POINT_AT_TAU,POINT_ESTIMABLE,,,,1.0,0.9999610931449845,0.9411610931449845,1.0587610931449845,4.6875000407453626e-05,5aa4244363ebb317d4d07237a51357819655d54eead8ce2fe97c0ff39b12d689
13,daily_gap,crome,SET_ESTIMABLE,NONIDENTIFIED,SET,NONRECOVERABLE,NONIDENTIFIED,SET,assumption_conditional,1.0,,0.8637789002685268,1.1337381689215047,0.06105841600219719,5aa4244363ebb317d4d07237a51357819655d54eead8ce2fe97c0ff39b12d689
13,daily_gap,naive_boundary,SET_ESTIMABLE,NONIDENTIFIED,SET,INCONCLUSIVE,,,,1.0,,,,0.00012412499927449971,5aa4244363ebb317d4d07237a51357819655d54eead8ce2fe97c0ff39b12d689
13,daily_gap,ridge,SET_ESTIMABLE,NONIDENTIFIED,SET,POINT_ESTIMABLE,,,,1.0,0.0,-0.0588,0.0588,5.116700049256906e-05,5aa4244363ebb317d4d07237a51357819655d54eead8ce2fe97c0ff39b12d689
13,daily_gap,tsvd,SET_ESTIMABLE,NONIDENTIFIED,SET,POINT_ESTIMABLE,,,,1.0,0.0,-0.0588,0.0588,7.391699909931049e-05,5aa4244363ebb317d4d07237a51357819655d54eead8ce2fe97c0ff39b12d689
13,target_mark_collapse,crome,NONRECOVERABLE,NONIDENTIFIED,INCONCLUSIVE,NONRECOVERABLE,NONIDENTIFIED,INCONCLUSIVE,population_exact,1.0,,,,0.017081582998798694,5aa4244363ebb317d4d07237a51357819655d54eead8ce2fe97c0ff39b12d689
13,target_mark_collapse,naive_boundary,NONRECOVERABLE,NONIDENTIFIED,INCONCLUSIVE,POINT_ESTIMABLE,,,,1.0,0.997810232111976,0.939010232111976,1.056610232111976,0.00010866699449252337,5aa4244363ebb317d4d07237a51357819655d54eead8ce2fe97c0ff39b12d689
13,target_mark_collapse,ridge,NONRECOVERABLE,NONIDENTIFIED,INCONCLUSIVE,POINT_ESTIMABLE,,,,1.0,0.0,-0.0588,0.0588,2.608299837447703e-05,5aa4244363ebb317d4d07237a51357819655d54eead8ce2fe97c0ff39b12d689
13,target_mark_collapse,tsvd,NONRECOVERABLE,NONIDENTIFIED,INCONCLUSIVE,POINT_ESTIMABLE,,,,1.0,0.0,-0.0588,0.0588,6.108399975346401e-05,5aa4244363ebb317d4d07237a51357819655d54eead8ce2fe97c0ff39b12d689
13,rounded_hidden_time,crome,INCONCLUSIVE,UNKNOWN,INCONCLUSIVE,INCONCLUSIVE,UNKNOWN,INCONCLUSIVE,finite_sample_only,1.0,,,,0.007696749999013264,5aa4244363ebb317d4d07237a51357819655d54eead8ce2fe97c0ff39b12d689
13,rounded_hidden_time,naive_boundary,INCONCLUSIVE,UNKNOWN,INCONCLUSIVE,POINT_ESTIMABLE,,,,1.0,1.0085856215397724,0.9497856215397724,1.0673856215397723,8.333300502272323e-05,5aa4244363ebb317d4d07237a51357819655d54eead8ce2fe97c0ff39b12d689
13,rounded_hidden_time,ridge,INCONCLUSIVE,UNKNOWN,INCONCLUSIVE,POINT_ESTIMABLE,,,,1.0,0.8849199174714689,0.826119917471469,0.9437199174714689,1.6749996575526893e-05,5aa4244363ebb317d4d07237a51357819655d54eead8ce2fe97c0ff39b12d689
13,rounded_hidden_time,tsvd,INCONCLUSIVE,UNKNOWN,INCONCLUSIVE,POINT_ESTIMABLE,,,,1.0,0.8851144863630297,0.8263144863630297,0.9439144863630297,3.9040998672135174e-05,5aa4244363ebb317d4d07237a51357819655d54eead8ce2fe97c0ff39b12d689
14,fine_4h,crome,POINT_ESTIMABLE,UNKNOWN,POINT_AT_TAU,POINT_ESTIMABLE,UNKNOWN,POINT_AT_TAU,assumption_conditional,1.0,1.0051511217699178,0.9235611460857472,1.0867410974540883,0.09679316699475748,5aa4244363ebb317d4d07237a51357819655d54eead8ce2fe97c0ff39b12d689
14,fine_4h,naive_boundary,POINT_ESTIMABLE,UNKNOWN,POINT_AT_TAU,POINT_ESTIMABLE,,,,1.0,0.9988096716897297,0.9400096716897297,1.0576096716897296,9.816700185183436e-05,5aa4244363ebb317d4d07237a51357819655d54eead8ce2fe97c0ff39b12d689
14,fine_4h,ridge,POINT_ESTIMABLE,UNKNOWN,POINT_AT_TAU,POINT_ESTIMABLE,,,,1.0,0.9946018605288709,0.9358018605288709,1.0534018605288709,1.833400165196508e-05,5aa4244363ebb317d4d07237a51357819655d54eead8ce2fe97c0ff39b12d689
14,fine_4h,tsvd,POINT_ESTIMABLE,UNKNOWN,POINT_AT_TAU,POINT_ESTIMABLE,,,,1.0,0.9948441054655306,0.9360441054655306,1.0536441054655306,4.5000000682193786e-05,5aa4244363ebb317d4d07237a51357819655d54eead8ce2fe97c0ff39b12d689
14,daily_gap,crome,SET_ESTIMABLE,NONIDENTIFIED,SET,NONRECOVERABLE,NONIDENTIFIED,SET,assumption_conditional,1.0,,0.8724961541562278,1.1560387729707873,0.0630358329945011,5aa4244363ebb317d4d07237a51357819655d54eead8ce2fe97c0ff39b12d689
14,daily_gap,naive_boundary,SET_ESTIMABLE,NONIDENTIFIED,SET,INCONCLUSIVE,,,,1.0,,,,2.579099964350462e-05,5aa4244363ebb317d4d07237a51357819655d54eead8ce2fe97c0ff39b12d689
14,daily_gap,ridge,SET_ESTIMABLE,NONIDENTIFIED,SET,POINT_ESTIMABLE,,,,1.0,0.0,-0.0588,0.0588,2.3957996745593846e-05,5aa4244363ebb317d4d07237a51357819655d54eead8ce2fe97c0ff39b12d689
14,daily_gap,tsvd,SET_ESTIMABLE,NONIDENTIFIED,SET,POINT_ESTIMABLE,,,,1.0,0.0,-0.0588,0.0588,3.308300074422732e-05,5aa4244363ebb317d4d07237a51357819655d54eead8ce2fe97c0ff39b12d689
14,target_mark_collapse,crome,NONRECOVERABLE,NONIDENTIFIED,INCONCLUSIVE,NONRECOVERABLE,NONIDENTIFIED,INCONCLUSIVE,population_exact,1.0,,,,0.016368124997825362,5aa4244363ebb317d4d07237a51357819655d54eead8ce2fe97c0ff39b12d689
14,target_mark_collapse,naive_boundary,NONRECOVERABLE,NONIDENTIFIED,INCONCLUSIVE,POINT_ESTIMABLE,,,,1.0,1.0040746207491666,0.9452746207491667,1.0628746207491666,6.750000466126949e-05,5aa4244363ebb317d4d07237a51357819655d54eead8ce2fe97c0ff39b12d689
14,target_mark_collapse,ridge,NONRECOVERABLE,NONIDENTIFIED,INCONCLUSIVE,POINT_ESTIMABLE,,,,1.0,0.0,-0.0588,0.0588,1.570799940964207e-05,5aa4244363ebb317d4d07237a51357819655d54eead8ce2fe97c0ff39b12d689
14,target_mark_collapse,tsvd,NONRECOVERABLE,NONIDENTIFIED,INCONCLUSIVE,POINT_ESTIMABLE,,,,1.0,0.0,-0.0588,0.0588,3.0625000363215804e-05,5aa4244363ebb317d4d07237a51357819655d54eead8ce2fe97c0ff39b12d689
14,rounded_hidden_time,crome,INCONCLUSIVE,UNKNOWN,INCONCLUSIVE,INCONCLUSIVE,UNKNOWN,INCONCLUSIVE,finite_sample_only,1.0,,,,0.00746649999928195,5aa4244363ebb317d4d07237a51357819655d54eead8ce2fe97c0ff39b12d689
14,rounded_hidden_time,naive_boundary,INCONCLUSIVE,UNKNOWN,INCONCLUSIVE,POINT_ESTIMABLE,,,,1.0,1.0053927618306595,0.9465927618306595,1.0641927618306595,7.474999438272789e-05,5aa4244363ebb317d4d07237a51357819655d54eead8ce2fe97c0ff39b12d689
14,rounded_hidden_time,ridge,INCONCLUSIVE,UNKNOWN,INCONCLUSIVE,POINT_ESTIMABLE,,,,1.0,0.8764315137753559,0.8176315137753559,0.9352315137753558,1.4333003491628915e-05,5aa4244363ebb317d4d07237a51357819655d54eead8ce2fe97c0ff39b12d689
14,rounded_hidden_time,tsvd,INCONCLUSIVE,UNKNOWN,INCONCLUSIVE,POINT_ESTIMABLE,,,,1.0,0.8766141365542175,0.8178141365542175,0.9354141365542175,3.320800169603899e-05,5aa4244363ebb317d4d07237a51357819655d54eead8ce2fe97c0ff39b12d689
15,fine_4h,crome,POINT_ESTIMABLE,UNKNOWN,POINT_AT_TAU,POINT_ESTIMABLE,UNKNOWN,POINT_AT_TAU,assumption_conditional,1.0,1.0073957671000846,0.925774263882176,1.0890172703179932,0.09555216700391611,5aa4244363ebb317d4d07237a51357819655d54eead8ce2fe97c0ff39b12d689
15,fine_4h,naive_boundary,POINT_ESTIMABLE,UNKNOWN,POINT_AT_TAU,POINT_ESTIMABLE,,,,1.0,1.0016622742042325,0.9428622742042325,1.0604622742042324,5.745800444856286e-05,5aa4244363ebb317d4d07237a51357819655d54eead8ce2fe97c0ff39b12d689
15,fine_4h,ridge,POINT_ESTIMABLE,UNKNOWN,POINT_AT_TAU,POINT_ESTIMABLE,,,,1.0,1.0019457107245109,0.9431457107245109,1.0607457107245108,1.4042001566849649e-05,5aa4244363ebb317d4d07237a51357819655d54eead8ce2fe97c0ff39b12d689
15,fine_4h,tsvd,POINT_ESTIMABLE,UNKNOWN,POINT_AT_TAU,POINT_ESTIMABLE,,,,1.0,1.0021740855370358,0.9433740855370358,1.0609740855370358,3.3666001399978995e-05,5aa4244363ebb317d4d07237a51357819655d54eead8ce2fe97c0ff39b12d689
15,daily_gap,crome,SET_ESTIMABLE,NONIDENTIFIED,SET,NONRECOVERABLE,NONIDENTIFIED,SET,assumption_conditional,1.0,,0.8759695861698786,1.1408752495600825,0.060963083000387996,5aa4244363ebb317d4d07237a51357819655d54eead8ce2fe97c0ff39b12d689
15,daily_gap,naive_boundary,SET_ESTIMABLE,NONIDENTIFIED,SET,INCONCLUSIVE,,,,1.0,,,,3.18750026053749e-05,5aa4244363ebb317d4d07237a51357819655d54eead8ce2fe97c0ff39b12d689
15,daily_gap,ridge,SET_ESTIMABLE,NONIDENTIFIED,SET,POINT_ESTIMABLE,,,,1.0,0.0,-0.0588,0.0588,3.125000512227416e-05,5aa4244363ebb317d4d07237a51357819655d54eead8ce2fe97c0ff39b12d689
15,daily_gap,tsvd,SET_ESTIMABLE,NONIDENTIFIED,SET,POINT_ESTIMABLE,,,,1.0,0.0,-0.0588,0.0588,4.3291998736094683e-05,5aa4244363ebb317d4d07237a51357819655d54eead8ce2fe97c0ff39b12d689
15,target_mark_collapse,crome,NONRECOVERABLE,NONIDENTIFIED,INCONCLUSIVE,NONRECOVERABLE,NONIDENTIFIED,INCONCLUSIVE,population_exact,1.0,,,,0.016421500004071277,5aa4244363ebb317d4d07237a51357819655d54eead8ce2fe97c0ff39b12d689
15,target_mark_collapse,naive_boundary,NONRECOVERABLE,NONIDENTIFIED,INCONCLUSIVE,POINT_ESTIMABLE,,,,1.0,0.9937639095796446,0.9349639095796446,1.0525639095796446,7.095899491105229e-05,5aa4244363ebb317d4d07237a51357819655d54eead8ce2fe97c0ff39b12d689
15,target_mark_collapse,ridge,NONRECOVERABLE,NONIDENTIFIED,INCONCLUSIVE,POINT_ESTIMABLE,,,,1.0,0.0,-0.0588,0.0588,1.695800165180117e-05,5aa4244363ebb317d4d07237a51357819655d54eead8ce2fe97c0ff39b12d689
15,target_mark_collapse,tsvd,NONRECOVERABLE,NONIDENTIFIED,INCONCLUSIVE,POINT_ESTIMABLE,,,,1.0,0.0,-0.0588,0.0588,3.2959003874566406e-05,5aa4244363ebb317d4d07237a51357819655d54eead8ce2fe97c0ff39b12d689
15,rounded_hidden_time,crome,INCONCLUSIVE,UNKNOWN,INCONCLUSIVE,INCONCLUSIVE,UNKNOWN,INCONCLUSIVE,finite_sample_only,1.0,,,,0.007482375003746711,5aa4244363ebb317d4d07237a51357819655d54eead8ce2fe97c0ff39b12d689
15,rounded_hidden_time,naive_boundary,INCONCLUSIVE,UNKNOWN,INCONCLUSIVE,POINT_ESTIMABLE,,,,1.0,0.006155226448585586,-0.05264477355141441,0.06495522644858559,6.233300518942997e-05,5aa4244363ebb317d4d07237a51357819655d54eead8ce2fe97c0ff39b12d689
15,rounded_hidden_time,ridge,INCONCLUSIVE,UNKNOWN,INCONCLUSIVE,POINT_ESTIMABLE,,,,1.0,0.8806711783936838,0.8218711783936838,0.9394711783936838,1.49589977809228e-05,5aa4244363ebb317d4d07237a51357819655d54eead8ce2fe97c0ff39b12d689
15,rounded_hidden_time,tsvd,INCONCLUSIVE,UNKNOWN,INCONCLUSIVE,POINT_ESTIMABLE,,,,1.0,0.8808564228257655,0.8220564228257655,0.9396564228257654,3.4666998544707894e-05,5aa4244363ebb317d4d07237a51357819655d54eead8ce2fe97c0ff39b12d689
16,fine_4h,crome,POINT_ESTIMABLE,UNKNOWN,POINT_AT_TAU,POINT_ESTIMABLE,UNKNOWN,POINT_AT_TAU,assumption_conditional,1.0,1.005578174611423,0.9237503789430082,1.0874059702798378,0.09660554199945182,5aa4244363ebb317d4d07237a51357819655d54eead8ce2fe97c0ff39b12d689
16,fine_4h,naive_boundary,POINT_ESTIMABLE,UNKNOWN,POINT_AT_TAU,POINT_ESTIMABLE,,,,1.0,1.0011566780028287,0.9423566780028287,1.0599566780028287,6.0041995311621577e-05,5aa4244363ebb317d4d07237a51357819655d54eead8ce2fe97c0ff39b12d689
16,fine_4h,ridge,POINT_ESTIMABLE,UNKNOWN,POINT_AT_TAU,POINT_ESTIMABLE,,,,1.0,0.9953302542487599,0.9365302542487599,1.0541302542487598,1.4874996850267053e-05,5aa4244363ebb317d4d07237a51357819655d54eead8ce2fe97c0ff39b12d689
16,fine_4h,tsvd,POINT_ESTIMABLE,UNKNOWN,POINT_AT_TAU,POINT_ESTIMABLE,,,,1.0,0.9956063461877795,0.9368063461877796,1.0544063461877795,3.5083998227491975e-05,5aa4244363ebb317d4d07237a51357819655d54eead8ce2fe97c0ff39b12d689
16,daily_gap,crome,SET_ESTIMABLE,NONIDENTIFIED,SET,NONRECOVERABLE,NONIDENTIFIED,SET,assumption_conditional,1.0,,0.8614908073117502,1.1599386795800743,0.1180685830040602,5aa4244363ebb317d4d07237a51357819655d54eead8ce2fe97c0ff39b12d689
16,daily_gap,naive_boundary,SET_ESTIMABLE,NONIDENTIFIED,SET,INCONCLUSIVE,,,,1.0,,,,5.112499638926238e-05,5aa4244363ebb317d4d07237a51357819655d54eead8ce2fe97c0ff39b12d689
16,daily_gap,ridge,SET_ESTIMABLE,NONIDENTIFIED,SET,POINT_ESTIMABLE,,,,1.0,0.0,-0.0588,0.0588,4.1125000279862434e-05,5aa4244363ebb317d4d07237a51357819655d54eead8ce2fe97c0ff39b12d689
16,daily_gap,tsvd,SET_ESTIMABLE,NONIDENTIFIED,SET,POINT_ESTIMABLE,,,,1.0,0.0,-0.0588,0.0588,4.974999319529161e-05,5aa4244363ebb317d4d07237a51357819655d54eead8ce2fe97c0ff39b12d689
16,target_mark_collapse,crome,NONRECOVERABLE,NONIDENTIFIED,INCONCLUSIVE,NONRECOVERABLE,NONIDENTIFIED,INCONCLUSIVE,population_exact,1.0,,,,0.016783417006081436,5aa4244363ebb317d4d07237a51357819655d54eead8ce2fe97c0ff39b12d689
16,target_mark_collapse,naive_boundary,NONRECOVERABLE,NONIDENTIFIED,INCONCLUSIVE,POINT_ESTIMABLE,,,,1.0,0.9989342804075373,0.9401342804075373,1.0577342804075374,7.974999607540667e-05,5aa4244363ebb317d4d07237a51357819655d54eead8ce2fe97c0ff39b12d689
16,target_mark_collapse,ridge,NONRECOVERABLE,NONIDENTIFIED,INCONCLUSIVE,POINT_ESTIMABLE,,,,1.0,0.0,-0.0588,0.0588,1.708300260361284e-05,5aa4244363ebb317d4d07237a51357819655d54eead8ce2fe97c0ff39b12d689
16,target_mark_collapse,tsvd,NONRECOVERABLE,NONIDENTIFIED,INCONCLUSIVE,POINT_ESTIMABLE,,,,1.0,0.0,-0.0588,0.0588,3.4457996662240475e-05,5aa4244363ebb317d4d07237a51357819655d54eead8ce2fe97c0ff39b12d689
16,rounded_hidden_time,crome,INCONCLUSIVE,UNKNOWN,INCONCLUSIVE,INCONCLUSIVE,UNKNOWN,INCONCLUSIVE,finite_sample_only,1.0,,,,0.007621917000506073,5aa4244363ebb317d4d07237a51357819655d54eead8ce2fe97c0ff39b12d689
16,rounded_hidden_time,naive_boundary,INCONCLUSIVE,UNKNOWN,INCONCLUSIVE,POINT_ESTIMABLE,,,,1.0,1.0052991525124222,0.9464991525124222,1.0640991525124222,8.05000017862767e-05,5aa4244363ebb317d4d07237a51357819655d54eead8ce2fe97c0ff39b12d689
16,rounded_hidden_time,ridge,INCONCLUSIVE,UNKNOWN,INCONCLUSIVE,POINT_ESTIMABLE,,,,1.0,0.885508130055151,0.8267081300551511,0.944308130055151,1.550000160932541e-05,5aa4244363ebb317d4d07237a51357819655d54eead8ce2fe97c0ff39b12d689
16,rounded_hidden_time,tsvd,INCONCLUSIVE,UNKNOWN,INCONCLUSIVE,POINT_ESTIMABLE,,,,1.0,0.8856865991015329,0.826886599101533,0.9444865991015329,3.420800203457475e-05,5aa4244363ebb317d4d07237a51357819655d54eead8ce2fe97c0ff39b12d689
17,fine_4h,crome,POINT_ESTIMABLE,UNKNOWN,POINT_AT_TAU,POINT_ESTIMABLE,UNKNOWN,POINT_AT_TAU,assumption_conditional,1.0,1.0067352621844299,0.9250480264055533,1.0884224979633066,0.10437695799919311,5aa4244363ebb317d4d07237a51357819655d54eead8ce2fe97c0ff39b12d689
17,fine_4h,naive_boundary,POINT_ESTIMABLE,UNKNOWN,POINT_AT_TAU,POINT_ESTIMABLE,,,,1.0,0.9987815316442737,0.9399815316442738,1.0575815316442738,6.70000008540228e-05,5aa4244363ebb317d4d07237a51357819655d54eead8ce2fe97c0ff39b12d689
17,fine_4h,ridge,POINT_ESTIMABLE,UNKNOWN,POINT_AT_TAU,POINT_ESTIMABLE,,,,1.0,1.003141301593209,0.944341301593209,1.0619413015932089,1.5124998753890395e-05,5aa4244363ebb317d4d07237a51357819655d54eead8ce2fe97c0ff39b12d689
17,fine_4h,tsvd,POINT_ESTIMABLE,UNKNOWN,POINT_AT_TAU,POINT_ESTIMABLE,,,,1.0,1.0033938988797304,0.9445938988797304,1.0621938988797304,3.433399979257956e-05,5aa4244363ebb317d4d07237a51357819655d54eead8ce2fe97c0ff39b12d689
17,daily_gap,crome,SET_ESTIMABLE,NONIDENTIFIED,SET,NONRECOVERABLE,NONIDENTIFIED,SET,assumption_conditional,1.0,,0.8653654953823049,1.1594517563259785,0.06352545800473308,5aa4244363ebb317d4d07237a51357819655d54eead8ce2fe97c0ff39b12d689
17,daily_gap,naive_boundary,SET_ESTIMABLE,NONIDENTIFIED,SET,INCONCLUSIVE,,,,1.0,,,,2.4958004360087216e-05,5aa4244363ebb317d4d07237a51357819655d54eead8ce2fe97c0ff39b12d689
17,daily_gap,ridge,SET_ESTIMABLE,NONIDENTIFIED,SET,POINT_ESTIMABLE,,,,1.0,0.0,-0.0588,0.0588,2.2624997654929757e-05,5aa4244363ebb317d4d07237a51357819655d54eead8ce2fe97c0ff39b12d689
17,daily_gap,tsvd,SET_ESTIMABLE,NONIDENTIFIED,SET,POINT_ESTIMABLE,,,,1.0,0.0,-0.0588,0.0588,3.258400101913139e-05,5aa4244363ebb317d4d07237a51357819655d54eead8ce2fe97c0ff39b12d689
17,target_mark_collapse,crome,NONRECOVERABLE,NONIDENTIFIED,INCONCLUSIVE,NONRECOVERABLE,NONIDENTIFIED,INCONCLUSIVE,population_exact,1.0,,,,0.016554375004488975,5aa4244363ebb317d4d07237a51357819655d54eead8ce2fe97c0ff39b12d689
17,target_mark_collapse,naive_boundary,NONRECOVERABLE,NONIDENTIFIED,INCONCLUSIVE,POINT_ESTIMABLE,,,,1.0,1.0020851444698253,0.9432851444698254,1.0608851444698253,7.175000064307824e-05,5aa4244363ebb317d4d07237a51357819655d54eead8ce2fe97c0ff39b12d689
17,target_mark_collapse,ridge,NONRECOVERABLE,NONIDENTIFIED,INCONCLUSIVE,POINT_ESTIMABLE,,,,1.0,0.0,-0.0588,0.0588,1.5749996236991137e-05,5aa4244363ebb317d4d07237a51357819655d54eead8ce2fe97c0ff39b12d689
17,target_mark_collapse,tsvd,NONRECOVERABLE,NONIDENTIFIED,INCONCLUSIVE,POINT_ESTIMABLE,,,,1.0,0.0,-0.0588,0.0588,3.0165996577125043e-05,5aa4244363ebb317d4d07237a51357819655d54eead8ce2fe97c0ff39b12d689
17,rounded_hidden_time,crome,INCONCLUSIVE,UNKNOWN,INCONCLUSIVE,INCONCLUSIVE,UNKNOWN,INCONCLUSIVE,finite_sample_only,1.0,,,,0.007514083001296967,5aa4244363ebb317d4d07237a51357819655d54eead8ce2fe97c0ff39b12d689
17,rounded_hidden_time,naive_boundary,INCONCLUSIVE,UNKNOWN,INCONCLUSIVE,POINT_ESTIMABLE,,,,1.0,1.0063144641947683,0.9475144641947684,1.0651144641947683,7.3208000685554e-05,5aa4244363ebb317d4d07237a51357819655d54eead8ce2fe97c0ff39b12d689
17,rounded_hidden_time,ridge,INCONCLUSIVE,UNKNOWN,INCONCLUSIVE,POINT_ESTIMABLE,,,,1.0,0.8798379800556504,0.8210379800556504,0.9386379800556504,1.4708995877299458e-05,5aa4244363ebb317d4d07237a51357819655d54eead8ce2fe97c0ff39b12d689
17,rounded_hidden_time,tsvd,INCONCLUSIVE,UNKNOWN,INCONCLUSIVE,POINT_ESTIMABLE,,,,1.0,0.8800403378088356,0.8212403378088357,0.9388403378088356,3.3875003282446414e-05,5aa4244363ebb317d4d07237a51357819655d54eead8ce2fe97c0ff39b12d689
18,fine_4h,crome,POINT_ESTIMABLE,UNKNOWN,POINT_AT_TAU,POINT_ESTIMABLE,UNKNOWN,POINT_AT_TAU,assumption_conditional,1.0,1.0050669069454183,0.9231934784926488,1.086940335398188,0.09813258299982408,5aa4244363ebb317d4d07237a51357819655d54eead8ce2fe97c0ff39b12d689
18,fine_4h,naive_boundary,POINT_ESTIMABLE,UNKNOWN,POINT_AT_TAU,POINT_ESTIMABLE,,,,1.0,0.9991437253378028,0.9403437253378029,1.0579437253378028,6.954200216569006e-05,5aa4244363ebb317d4d07237a51357819655d54eead8ce2fe97c0ff39b12d689
18,fine_4h,ridge,POINT_ESTIMABLE,UNKNOWN,POINT_AT_TAU,POINT_ESTIMABLE,,,,1.0,0.9994717982923883,0.9406717982923883,1.0582717982923884,1.5915997209958732e-05,5aa4244363ebb317d4d07237a51357819655d54eead8ce2fe97c0ff39b12d689
18,fine_4h,tsvd,POINT_ESTIMABLE,UNKNOWN,POINT_AT_TAU,POINT_ESTIMABLE,,,,1.0,0.999755154928057,0.940955154928057,1.058555154928057,3.516599826980382e-05,5aa4244363ebb317d4d07237a51357819655d54eead8ce2fe97c0ff39b12d689
18,daily_gap,crome,SET_ESTIMABLE,NONIDENTIFIED,SET,NONRECOVERABLE,NONIDENTIFIED,SET,assumption_conditional,1.0,,0.8577359318163731,1.1546092301341342,0.061865333998866845,5aa4244363ebb317d4d07237a51357819655d54eead8ce2fe97c0ff39b12d689
18,daily_gap,naive_boundary,SET_ESTIMABLE,NONIDENTIFIED,SET,INCONCLUSIVE,,,,1.0,,,,2.6416993932798505e-05,5aa4244363ebb317d4d07237a51357819655d54eead8ce2fe97c0ff39b12d689
18,daily_gap,ridge,SET_ESTIMABLE,NONIDENTIFIED,SET,POINT_ESTIMABLE,,,,1.0,0.0,-0.0588,0.0588,2.28749995585531e-05,5aa4244363ebb317d4d07237a51357819655d54eead8ce2fe97c0ff39b12d689
18,daily_gap,tsvd,SET_ESTIMABLE,NONIDENTIFIED,SET,POINT_ESTIMABLE,,,,1.0,0.0,-0.0588,0.0588,3.47500026691705e-05,5aa4244363ebb317d4d07237a51357819655d54eead8ce2fe97c0ff39b12d689
18,target_mark_collapse,crome,NONRECOVERABLE,NONIDENTIFIED,INCONCLUSIVE,NONRECOVERABLE,NONIDENTIFIED,INCONCLUSIVE,population_exact,1.0,,,,0.01650566700118361,5aa4244363ebb317d4d07237a51357819655d54eead8ce2fe97c0ff39b12d689
18,target_mark_collapse,naive_boundary,NONRECOVERABLE,NONIDENTIFIED,INCONCLUSIVE,POINT_ESTIMABLE,,,,1.0,1.0008890782366426,0.9420890782366427,1.0596890782366426,6.970800313865766e-05,5aa4244363ebb317d4d07237a51357819655d54eead8ce2fe97c0ff39b12d689
18,target_mark_collapse,ridge,NONRECOVERABLE,NONIDENTIFIED,INCONCLUSIVE,POINT_ESTIMABLE,,,,1.0,0.0,-0.0588,0.0588,1.6250000044237822e-05,5aa4244363ebb317d4d07237a51357819655d54eead8ce2fe97c0ff39b12d689
18,target_mark_collapse,tsvd,NONRECOVERABLE,NONIDENTIFIED,INCONCLUSIVE,POINT_ESTIMABLE,,,,1.0,0.0,-0.0588,0.0588,3.037499845959246e-05,5aa4244363ebb317d4d07237a51357819655d54eead8ce2fe97c0ff39b12d689
18,rounded_hidden_time,crome,INCONCLUSIVE,UNKNOWN,INCONCLUSIVE,INCONCLUSIVE,UNKNOWN,INCONCLUSIVE,finite_sample_only,1.0,,,,0.007499542000005022,5aa4244363ebb317d4d07237a51357819655d54eead8ce2fe97c0ff39b12d689
18,rounded_hidden_time,naive_boundary,INCONCLUSIVE,UNKNOWN,INCONCLUSIVE,POINT_ESTIMABLE,,,,1.0,1.0065720612716926,0.9477720612716927,1.0653720612716926,7.479199848603457e-05,5aa4244363ebb317d4d07237a51357819655d54eead8ce2fe97c0ff39b12d689
18,rounded_hidden_time,ridge,INCONCLUSIVE,UNKNOWN,INCONCLUSIVE,POINT_ESTIMABLE,,,,1.0,0.887621355730077,0.8288213557300771,0.946421355730077,1.4708995877299458e-05,5aa4244363ebb317d4d07237a51357819655d54eead8ce2fe97c0ff39b12d689
18,rounded_hidden_time,tsvd,INCONCLUSIVE,UNKNOWN,INCONCLUSIVE,POINT_ESTIMABLE,,,,1.0,0.8877925370350982,0.8289925370350982,0.9465925370350982,3.375000233063474e-05,5aa4244363ebb317d4d07237a51357819655d54eead8ce2fe97c0ff39b12d689
19,fine_4h,crome,POINT_ESTIMABLE,UNKNOWN,POINT_AT_TAU,POINT_ESTIMABLE,UNKNOWN,POINT_AT_TAU,assumption_conditional,1.0,1.0061594351389629,0.9243608991963757,1.0879579710815501,0.10036908400070388,5aa4244363ebb317d4d07237a51357819655d54eead8ce2fe97c0ff39b12d689
19,fine_4h,naive_boundary,POINT_ESTIMABLE,UNKNOWN,POINT_AT_TAU,POINT_ESTIMABLE,,,,1.0,1.0015196573216865,0.9427196573216865,1.0603196573216864,9.966699872165918e-05,5aa4244363ebb317d4d07237a51357819655d54eead8ce2fe97c0ff39b12d689
19,fine_4h,ridge,POINT_ESTIMABLE,UNKNOWN,POINT_AT_TAU,POINT_ESTIMABLE,,,,1.0,1.0009050789354375,0.9421050789354375,1.0597050789354374,1.787499786587432e-05,5aa4244363ebb317d4d07237a51357819655d54eead8ce2fe97c0ff39b12d689
19,fine_4h,tsvd,POINT_ESTIMABLE,UNKNOWN,POINT_AT_TAU,POINT_ESTIMABLE,,,,1.0,1.0011622031738392,0.9423622031738392,1.0599622031738392,4.295799590181559e-05,5aa4244363ebb317d4d07237a51357819655d54eead8ce2fe97c0ff39b12d689
19,daily_gap,crome,SET_ESTIMABLE,NONIDENTIFIED,SET,NONRECOVERABLE,NONIDENTIFIED,SET,assumption_conditional,1.0,,0.8653156080780698,1.1579909440511031,0.062478250001731794,5aa4244363ebb317d4d07237a51357819655d54eead8ce2fe97c0ff39b12d689
19,daily_gap,naive_boundary,SET_ESTIMABLE,NONIDENTIFIED,SET,INCONCLUSIVE,,,,1.0,,,,2.5958004698622972e-05,5aa4244363ebb317d4d07237a51357819655d54eead8ce2fe97c0ff39b12d689
19,daily_gap,ridge,SET_ESTIMABLE,NONIDENTIFIED,SET,POINT_ESTIMABLE,,,,1.0,0.0,-0.0588,0.0588,2.2624997654929757e-05,5aa4244363ebb317d4d07237a51357819655d54eead8ce2fe97c0ff39b12d689
19,daily_gap,tsvd,SET_ESTIMABLE,NONIDENTIFIED,SET,POINT_ESTIMABLE,,,,1.0,0.0,-0.0588,0.0588,3.1249997846316546e-05,5aa4244363ebb317d4d07237a51357819655d54eead8ce2fe97c0ff39b12d689
19,target_mark_collapse,crome,NONRECOVERABLE,NONIDENTIFIED,INCONCLUSIVE,NONRECOVERABLE,NONIDENTIFIED,INCONCLUSIVE,population_exact,1.0,,,,0.016483790997881442,5aa4244363ebb317d4d07237a51357819655d54eead8ce2fe97c0ff39b12d689
19,target_mark_collapse,naive_boundary,NONRECOVERABLE,NONIDENTIFIED,INCONCLUSIVE,POINT_ESTIMABLE,,,,1.0,0.9983001779716567,0.9395001779716567,1.0571001779716567,6.66250052745454e-05,5aa4244363ebb317d4d07237a51357819655d54eead8ce2fe97c0ff39b12d689
19,target_mark_collapse,ridge,NONRECOVERABLE,NONIDENTIFIED,INCONCLUSIVE,POINT_ESTIMABLE,,,,1.0,0.0,-0.0588,0.0588,1.5375000657513738e-05,5aa4244363ebb317d4d07237a51357819655d54eead8ce2fe97c0ff39b12d689
19,target_mark_collapse,tsvd,NONRECOVERABLE,NONIDENTIFIED,INCONCLUSIVE,POINT_ESTIMABLE,,,,1.0,0.0,-0.0588,0.0588,2.9208000341895968e-05,5aa4244363ebb317d4d07237a51357819655d54eead8ce2fe97c0ff39b12d689
19,rounded_hidden_time,crome,INCONCLUSIVE,UNKNOWN,INCONCLUSIVE,INCONCLUSIVE,UNKNOWN,INCONCLUSIVE,finite_sample_only,1.0,,,,0.007542999999714084,5aa4244363ebb317d4d07237a51357819655d54eead8ce2fe97c0ff39b12d689
19,rounded_hidden_time,naive_boundary,INCONCLUSIVE,UNKNOWN,INCONCLUSIVE,POINT_ESTIMABLE,,,,1.0,1.0062844752313933,0.9474844752313933,1.0650844752313933,7.533299503847957e-05,5aa4244363ebb317d4d07237a51357819655d54eead8ce2fe97c0ff39b12d689
19,rounded_hidden_time,ridge,INCONCLUSIVE,UNKNOWN,INCONCLUSIVE,POINT_ESTIMABLE,,,,1.0,0.8747041548674978,0.8159041548674978,0.9335041548674977,1.4666999049950391e-05,5aa4244363ebb317d4d07237a51357819655d54eead8ce2fe97c0ff39b12d689
19,rounded_hidden_time,tsvd,INCONCLUSIVE,UNKNOWN,INCONCLUSIVE,POINT_ESTIMABLE,,,,1.0,0.87488065899482,0.8160806589948201,0.93368065899482,3.337499947519973e-05,5aa4244363ebb317d4d07237a51357819655d54eead8ce2fe97c0ff39b12d689
20,fine_4h,crome,POINT_ESTIMABLE,UNKNOWN,POINT_AT_TAU,POINT_ESTIMABLE,UNKNOWN,POINT_AT_TAU,assumption_conditional,1.0,1.0060883097606184,0.9241373597346003,1.0880392597866364,0.09902124999644002,5aa4244363ebb317d4d07237a51357819655d54eead8ce2fe97c0ff39b12d689
20,fine_4h,naive_boundary,POINT_ESTIMABLE,UNKNOWN,POINT_AT_TAU,POINT_ESTIMABLE,,,,1.0,1.000252187696419,0.941452187696419,1.059052187696419,5.9541998780332506e-05,5aa4244363ebb317d4d07237a51357819655d54eead8ce2fe97c0ff39b12d689
20,fine_4h,ridge,POINT_ESTIMABLE,UNKNOWN,POINT_AT_TAU,POINT_ESTIMABLE,,,,1.0,1.0014110697173249,0.9426110697173249,1.0602110697173248,1.4541001291945577e-05,5aa4244363ebb317d4d07237a51357819655d54eead8ce2fe97c0ff39b12d689
20,fine_4h,tsvd,POINT_ESTIMABLE,UNKNOWN,POINT_AT_TAU,POINT_ESTIMABLE,,,,1.0,1.0016837728454704,0.9428837728454704,1.0604837728454704,3.375000233063474e-05,5aa4244363ebb317d4d07237a51357819655d54eead8ce2fe97c0ff39b12d689
20,daily_gap,crome,SET_ESTIMABLE,NONIDENTIFIED,SET,NONRECOVERABLE,NONIDENTIFIED,SET,assumption_conditional,1.0,,0.8785722485281339,1.1548180819392502,0.06119979199866066,5aa4244363ebb317d4d07237a51357819655d54eead8ce2fe97c0ff39b12d689
20,daily_gap,naive_boundary,SET_ESTIMABLE,NONIDENTIFIED,SET,INCONCLUSIVE,,,,1.0,,,,2.4374996428377926e-05,5aa4244363ebb317d4d07237a51357819655d54eead8ce2fe97c0ff39b12d689
20,daily_gap,ridge,SET_ESTIMABLE,NONIDENTIFIED,SET,POINT_ESTIMABLE,,,,1.0,0.0,-0.0588,0.0588,2.2250002075452358e-05,5aa4244363ebb317d4d07237a51357819655d54eead8ce2fe97c0ff39b12d689
20,daily_gap,tsvd,SET_ESTIMABLE,NONIDENTIFIED,SET,POINT_ESTIMABLE,,,,1.0,0.0,-0.0588,0.0588,3.22499981848523e-05,5aa4244363ebb317d4d07237a51357819655d54eead8ce2fe97c0ff39b12d689
20,target_mark_collapse,crome,NONRECOVERABLE,NONIDENTIFIED,INCONCLUSIVE,NONRECOVERABLE,NONIDENTIFIED,INCONCLUSIVE,population_exact,1.0,,,,0.016531917004613206,5aa4244363ebb317d4d07237a51357819655d54eead8ce2fe97c0ff39b12d689
20,target_mark_collapse,naive_boundary,NONRECOVERABLE,NONIDENTIFIED,INCONCLUSIVE,POINT_ESTIMABLE,,,,1.0,0.9973707882539186,0.9385707882539186,1.0561707882539186,7.699999696342275e-05,5aa4244363ebb317d4d07237a51357819655d54eead8ce2fe97c0ff39b12d689
20,target_mark_collapse,ridge,NONRECOVERABLE,NONIDENTIFIED,INCONCLUSIVE,POINT_ESTIMABLE,,,,1.0,0.0,-0.0588,0.0588,1.6917001630645245e-05,5aa4244363ebb317d4d07237a51357819655d54eead8ce2fe97c0ff39b12d689
20,target_mark_collapse,tsvd,NONRECOVERABLE,NONIDENTIFIED,INCONCLUSIVE,POINT_ESTIMABLE,,,,1.0,0.0,-0.0588,0.0588,3.3416996302548796e-05,5aa4244363ebb317d4d07237a51357819655d54eead8ce2fe97c0ff39b12d689
20,rounded_hidden_time,crome,INCONCLUSIVE,UNKNOWN,INCONCLUSIVE,INCONCLUSIVE,UNKNOWN,INCONCLUSIVE,finite_sample_only,1.0,,,,0.007563415994809475,5aa4244363ebb317d4d07237a51357819655d54eead8ce2fe97c0ff39b12d689
20,rounded_hidden_time,naive_boundary,INCONCLUSIVE,UNKNOWN,INCONCLUSIVE,POINT_ESTIMABLE,,,,1.0,0.007560014060198776,-0.051239985939801225,0.06636001406019877,6.216700421646237e-05,5aa4244363ebb317d4d07237a51357819655d54eead8ce2fe97c0ff39b12d689
20,rounded_hidden_time,ridge,INCONCLUSIVE,UNKNOWN,INCONCLUSIVE,POINT_ESTIMABLE,,,,1.0,0.8824209837408832,0.8236209837408832,0.9412209837408831,1.4874996850267053e-05,5aa4244363ebb317d4d07237a51357819655d54eead8ce2fe97c0ff39b12d689
20,rounded_hidden_time,tsvd,INCONCLUSIVE,UNKNOWN,INCONCLUSIVE,POINT_ESTIMABLE,,,,1.0,0.8826014673843469,0.8238014673843469,0.9414014673843468,3.708299482241273e-05,5aa4244363ebb317d4d07237a51357819655d54eead8ce2fe97c0ff39b12d689
21,fine_4h,crome,POINT_ESTIMABLE,UNKNOWN,POINT_AT_TAU,POINT_ESTIMABLE,UNKNOWN,POINT_AT_TAU,assumption_conditional,1.0,1.0058622653087634,0.9238198269348923,1.0879047036826346,0.09370649999618763,5aa4244363ebb317d4d07237a51357819655d54eead8ce2fe97c0ff39b12d689
21,fine_4h,naive_boundary,POINT_ESTIMABLE,UNKNOWN,POINT_AT_TAU,POINT_ESTIMABLE,,,,1.0,1.0030204980189166,0.9442204980189166,1.0618204980189165,5.8208002883475274e-05,5aa4244363ebb317d4d07237a51357819655d54eead8ce2fe97c0ff39b12d689
21,fine_4h,ridge,POINT_ESTIMABLE,UNKNOWN,POINT_AT_TAU,POINT_ESTIMABLE,,,,1.0,0.9986903018126487,0.9398903018126488,1.0574903018126487,1.4457997167482972e-05,5aa4244363ebb317d4d07237a51357819655d54eead8ce2fe97c0ff39b12d689
21,fine_4h,tsvd,POINT_ESTIMABLE,UNKNOWN,POINT_AT_TAU,POINT_ESTIMABLE,,,,1.0,0.9989717291900275,0.9401717291900276,1.0577717291900275,3.345799632370472e-05,5aa4244363ebb317d4d07237a51357819655d54eead8ce2fe97c0ff39b12d689
21,daily_gap,crome,SET_ESTIMABLE,NONIDENTIFIED,SET,NONRECOVERABLE,NONIDENTIFIED,SET,assumption_conditional,1.0,,0.8814985533284342,1.1238743476110753,0.05794175000482937,5aa4244363ebb317d4d07237a51357819655d54eead8ce2fe97c0ff39b12d689
21,daily_gap,naive_boundary,SET_ESTIMABLE,NONIDENTIFIED,SET,INCONCLUSIVE,,,,1.0,,,,2.5125002139247954e-05,5aa4244363ebb317d4d07237a51357819655d54eead8ce2fe97c0ff39b12d689
21,daily_gap,ridge,SET_ESTIMABLE,NONIDENTIFIED,SET,POINT_ESTIMABLE,,,,1.0,0.0,-0.0588,0.0588,2.2124993847683072e-05,5aa4244363ebb317d4d07237a51357819655d54eead8ce2fe97c0ff39b12d689
21,daily_gap,tsvd,SET_ESTIMABLE,NONIDENTIFIED,SET,POINT_ESTIMABLE,,,,1.0,0.0,-0.0588,0.0588,3.2208001357503235e-05,5aa4244363ebb317d4d07237a51357819655d54eead8ce2fe97c0ff39b12d689
21,target_mark_collapse,crome,NONRECOVERABLE,NONIDENTIFIED,INCONCLUSIVE,NONRECOVERABLE,NONIDENTIFIED,INCONCLUSIVE,population_exact,1.0,,,,0.01636674999463139,5aa4244363ebb317d4d07237a51357819655d54eead8ce2fe97c0ff39b12d689
21,target_mark_collapse,naive_boundary,NONRECOVERABLE,NONIDENTIFIED,INCONCLUSIVE,POINT_ESTIMABLE,,,,1.0,0.994894781403563,0.9360947814035631,1.053694781403563,6.608300463994965e-05,5aa4244363ebb317d4d07237a51357819655d54eead8ce2fe97c0ff39b12d689
21,target_mark_collapse,ridge,NONRECOVERABLE,NONIDENTIFIED,INCONCLUSIVE,POINT_ESTIMABLE,,,,1.0,0.0,-0.0588,0.0588,1.5291996533051133e-05,5aa4244363ebb317d4d07237a51357819655d54eead8ce2fe97c0ff39b12d689
21,target_mark_collapse,tsvd,NONRECOVERABLE,NONIDENTIFIED,INCONCLUSIVE,POINT_ESTIMABLE,,,,1.0,0.0,-0.0588,0.0588,2.9167000320740044e-05,5aa4244363ebb317d4d07237a51357819655d54eead8ce2fe97c0ff39b12d689
21,rounded_hidden_time,crome,INCONCLUSIVE,UNKNOWN,INCONCLUSIVE,INCONCLUSIVE,UNKNOWN,INCONCLUSIVE,finite_sample_only,1.0,,,,0.0074905419969582,5aa4244363ebb317d4d07237a51357819655d54eead8ce2fe97c0ff39b12d689
21,rounded_hidden_time,naive_boundary,INCONCLUSIVE,UNKNOWN,INCONCLUSIVE,POINT_ESTIMABLE,,,,1.0,0.00427265556765181,-0.05452734443234819,0.0630726555676518,5.883399717276916e-05,5aa4244363ebb317d4d07237a51357819655d54eead8ce2fe97c0ff39b12d689
21,rounded_hidden_time,ridge,INCONCLUSIVE,UNKNOWN,INCONCLUSIVE,POINT_ESTIMABLE,,,,1.0,0.8776534500339791,0.8188534500339791,0.9364534500339791,1.416700251866132e-05,5aa4244363ebb317d4d07237a51357819655d54eead8ce2fe97c0ff39b12d689
21,rounded_hidden_time,tsvd,INCONCLUSIVE,UNKNOWN,INCONCLUSIVE,POINT_ESTIMABLE,,,,1.0,0.877828034422368,0.819028034422368,0.936628034422368,3.3042000723071396e-05,5aa4244363ebb317d4d07237a51357819655d54eead8ce2fe97c0ff39b12d689
22,fine_4h,crome,POINT_ESTIMABLE,UNKNOWN,POINT_AT_TAU,POINT_ESTIMABLE,UNKNOWN,POINT_AT_TAU,assumption_conditional,1.0,1.0063951777533597,0.9247393754371924,1.088050980069527,0.10224899999593617,5aa4244363ebb317d4d07237a51357819655d54eead8ce2fe97c0ff39b12d689
22,fine_4h,naive_boundary,POINT_ESTIMABLE,UNKNOWN,POINT_AT_TAU,POINT_ESTIMABLE,,,,1.0,0.9991336613037444,0.9403336613037444,1.0579336613037444,6.583399954251945e-05,5aa4244363ebb317d4d07237a51357819655d54eead8ce2fe97c0ff39b12d689
22,fine_4h,ridge,POINT_ESTIMABLE,UNKNOWN,POINT_AT_TAU,POINT_ESTIMABLE,,,,1.0,0.992181890727911,0.933381890727911,1.050981890727911,1.491699367761612e-05,5aa4244363ebb317d4d07237a51357819655d54eead8ce2fe97c0ff39b12d689
22,fine_4h,tsvd,POINT_ESTIMABLE,UNKNOWN,POINT_AT_TAU,POINT_ESTIMABLE,,,,1.0,0.992438055463717,0.933638055463717,1.051238055463717,3.5750003007706255e-05,5aa4244363ebb317d4d07237a51357819655d54eead8ce2fe97c0ff39b12d689
22,daily_gap,crome,SET_ESTIMABLE,NONIDENTIFIED,SET,NONRECOVERABLE,NONIDENTIFIED,SET,assumption_conditional,1.0,,0.8539079471752116,1.1646633310250345,0.0626042080039042,5aa4244363ebb317d4d07237a51357819655d54eead8ce2fe97c0ff39b12d689
22,daily_gap,naive_boundary,SET_ESTIMABLE,NONIDENTIFIED,SET,INCONCLUSIVE,,,,1.0,,,,2.504199801478535e-05,5aa4244363ebb317d4d07237a51357819655d54eead8ce2fe97c0ff39b12d689
22,daily_gap,ridge,SET_ESTIMABLE,NONIDENTIFIED,SET,POINT_ESTIMABLE,,,,1.0,0.0,-0.0588,0.0588,2.1665997337549925e-05,5aa4244363ebb317d4d07237a51357819655d54eead8ce2fe97c0ff39b12d689
22,daily_gap,tsvd,SET_ESTIMABLE,NONIDENTIFIED,SET,POINT_ESTIMABLE,,,,1.0,0.0,-0.0588,0.0588,3.229199501220137e-05,5aa4244363ebb317d4d07237a51357819655d54eead8ce2fe97c0ff39b12d689
22,target_mark_collapse,crome,NONRECOVERABLE,NONIDENTIFIED,INCONCLUSIVE,NONRECOVERABLE,NONIDENTIFIED,INCONCLUSIVE,population_exact,1.0,,,,0.016469082998810336,5aa4244363ebb317d4d07237a51357819655d54eead8ce2fe97c0ff39b12d689
22,target_mark_collapse,naive_boundary,NONRECOVERABLE,NONIDENTIFIED,INCONCLUSIVE,POINT_ESTIMABLE,,,,1.0,0.9958666498243912,0.9370666498243913,1.0546666498243913,6.445899634854868e-05,5aa4244363ebb317d4d07237a51357819655d54eead8ce2fe97c0ff39b12d689
22,target_mark_collapse,ridge,NONRECOVERABLE,NONIDENTIFIED,INCONCLUSIVE,POINT_ESTIMABLE,,,,1.0,0.0,-0.0588,0.0588,1.4874996850267053e-05,5aa4244363ebb317d4d07237a51357819655d54eead8ce2fe97c0ff39b12d689
22,target_mark_collapse,tsvd,NONRECOVERABLE,NONIDENTIFIED,INCONCLUSIVE,POINT_ESTIMABLE,,,,1.0,0.0,-0.0588,0.0588,2.8959002520423383e-05,5aa4244363ebb317d4d07237a51357819655d54eead8ce2fe97c0ff39b12d689
22,rounded_hidden_time,crome,INCONCLUSIVE,UNKNOWN,INCONCLUSIVE,INCONCLUSIVE,UNKNOWN,INCONCLUSIVE,finite_sample_only,1.0,,,,0.007525499997427687,5aa4244363ebb317d4d07237a51357819655d54eead8ce2fe97c0ff39b12d689
22,rounded_hidden_time,naive_boundary,INCONCLUSIVE,UNKNOWN,INCONCLUSIVE,POINT_ESTIMABLE,,,,1.0,1.0057005200315645,0.9469005200315646,1.0645005200315645,7.191600161604583e-05,5aa4244363ebb317d4d07237a51357819655d54eead8ce2fe97c0ff39b12d689
22,rounded_hidden_time,ridge,INCONCLUSIVE,UNKNOWN,INCONCLUSIVE,POINT_ESTIMABLE,,,,1.0,0.8824542708812668,0.8236542708812669,0.9412542708812668,1.4208999346010387e-05,5aa4244363ebb317d4d07237a51357819655d54eead8ce2fe97c0ff39b12d689
22,rounded_hidden_time,tsvd,INCONCLUSIVE,UNKNOWN,INCONCLUSIVE,POINT_ESTIMABLE,,,,1.0,0.8826355511785683,0.8238355511785683,0.9414355511785683,3.312499757157639e-05,5aa4244363ebb317d4d07237a51357819655d54eead8ce2fe97c0ff39b12d689
23,fine_4h,crome,POINT_ESTIMABLE,UNKNOWN,POINT_AT_TAU,POINT_ESTIMABLE,UNKNOWN,POINT_AT_TAU,assumption_conditional,1.0,1.006532871941735,0.924680283186789,1.088385460696681,0.0949197500012815,5aa4244363ebb317d4d07237a51357819655d54eead8ce2fe97c0ff39b12d689
23,fine_4h,naive_boundary,POINT_ESTIMABLE,UNKNOWN,POINT_AT_TAU,POINT_ESTIMABLE,,,,1.0,1.0028814811022437,0.9440814811022438,1.0616814811022437,5.624999903375283e-05,5aa4244363ebb317d4d07237a51357819655d54eead8ce2fe97c0ff39b12d689
23,fine_4h,ridge,POINT_ESTIMABLE,UNKNOWN,POINT_AT_TAU,POINT_ESTIMABLE,,,,1.0,1.0031761424202854,0.9443761424202854,1.0619761424202854,1.4208002539817244e-05,5aa4244363ebb317d4d07237a51357819655d54eead8ce2fe97c0ff39b12d689
23,fine_4h,tsvd,POINT_ESTIMABLE,UNKNOWN,POINT_AT_TAU,POINT_ESTIMABLE,,,,1.0,1.0034545376564425,0.9446545376564426,1.0622545376564425,3.341599949635565e-05,5aa4244363ebb317d4d07237a51357819655d54eead8ce2fe97c0ff39b12d689
23,daily_gap,crome,SET_ESTIMABLE,NONIDENTIFIED,SET,NONRECOVERABLE,NONIDENTIFIED,SET,assumption_conditional,1.0,,0.8581474620738634,1.1502747981176735,0.06285550000029616,5aa4244363ebb317d4d07237a51357819655d54eead8ce2fe97c0ff39b12d689
23,daily_gap,naive_boundary,SET_ESTIMABLE,NONIDENTIFIED,SET,INCONCLUSIVE,,,,1.0,,,,4.054199962411076e-05,5aa4244363ebb317d4d07237a51357819655d54eead8ce2fe97c0ff39b12d689
23,daily_gap,ridge,SET_ESTIMABLE,NONIDENTIFIED,SET,POINT_ESTIMABLE,,,,1.0,0.0,-0.0588,0.0588,2.433299960102886e-05,5aa4244363ebb317d4d07237a51357819655d54eead8ce2fe97c0ff39b12d689
23,daily_gap,tsvd,SET_ESTIMABLE,NONIDENTIFIED,SET,POINT_ESTIMABLE,,,,1.0,0.0,-0.0588,0.0588,3.491599636618048e-05,5aa4244363ebb317d4d07237a51357819655d54eead8ce2fe97c0ff39b12d689
23,target_mark_collapse,crome,NONRECOVERABLE,NONIDENTIFIED,INCONCLUSIVE,NONRECOVERABLE,NONIDENTIFIED,INCONCLUSIVE,population_exact,1.0,,,,0.01655025000218302,5aa4244363ebb317d4d07237a51357819655d54eead8ce2fe97c0ff39b12d689
23,target_mark_collapse,naive_boundary,NONRECOVERABLE,NONIDENTIFIED,INCONCLUSIVE,POINT_ESTIMABLE,,,,1.0,0.9967389285911562,0.9379389285911562,1.0555389285911563,6.766700244043022e-05,5aa4244363ebb317d4d07237a51357819655d54eead8ce2fe97c0ff39b12d689
23,target_mark_collapse,ridge,NONRECOVERABLE,NONIDENTIFIED,INCONCLUSIVE,POINT_ESTIMABLE,,,,1.0,0.0,-0.0588,0.0588,1.575000351294875e-05,5aa4244363ebb317d4d07237a51357819655d54eead8ce2fe97c0ff39b12d689
23,target_mark_collapse,tsvd,NONRECOVERABLE,NONIDENTIFIED,INCONCLUSIVE,POINT_ESTIMABLE,,,,1.0,0.0,-0.0588,0.0588,2.97920050797984e-05,5aa4244363ebb317d4d07237a51357819655d54eead8ce2fe97c0ff39b12d689
23,rounded_hidden_time,crome,INCONCLUSIVE,UNKNOWN,INCONCLUSIVE,INCONCLUSIVE,UNKNOWN,INCONCLUSIVE,finite_sample_only,1.0,,,,0.007462292000127491,5aa4244363ebb317d4d07237a51357819655d54eead8ce2fe97c0ff39b12d689
23,rounded_hidden_time,naive_boundary,INCONCLUSIVE,UNKNOWN,INCONCLUSIVE,POINT_ESTIMABLE,,,,1.0,1.0059236174511508,0.9471236174511508,1.0647236174511507,7.5916999776382e-05,5aa4244363ebb317d4d07237a51357819655d54eead8ce2fe97c0ff39b12d689
23,rounded_hidden_time,ridge,INCONCLUSIVE,UNKNOWN,INCONCLUSIVE,POINT_ESTIMABLE,,,,1.0,0.8817705604885872,0.8229705604885872,0.9405705604885871,1.4375000318977982e-05,5aa4244363ebb317d4d07237a51357819655d54eead8ce2fe97c0ff39b12d689
23,rounded_hidden_time,tsvd,INCONCLUSIVE,UNKNOWN,INCONCLUSIVE,POINT_ESTIMABLE,,,,1.0,0.8819456696435729,0.8231456696435729,0.9407456696435729,3.3708005503285676e-05,5aa4244363ebb317d4d07237a51357819655d54eead8ce2fe97c0ff39b12d689
24,fine_4h,crome,POINT_ESTIMABLE,UNKNOWN,POINT_AT_TAU,POINT_ESTIMABLE,UNKNOWN,POINT_AT_TAU,assumption_conditional,1.0,1.0060886707343828,0.9244629878581191,1.0877143536106464,0.09981633299321402,5aa4244363ebb317d4d07237a51357819655d54eead8ce2fe97c0ff39b12d689
24,fine_4h,naive_boundary,POINT_ESTIMABLE,UNKNOWN,POINT_AT_TAU,POINT_ESTIMABLE,,,,1.0,0.9976155026454394,0.9388155026454394,1.0564155026454394,6.0874997870996594e-05,5aa4244363ebb317d4d07237a51357819655d54eead8ce2fe97c0ff39b12d689
24,fine_4h,ridge,POINT_ESTIMABLE,UNKNOWN,POINT_AT_TAU,POINT_ESTIMABLE,,,,1.0,1.0041620550195658,0.9453620550195658,1.0629620550195658,1.4457997167482972e-05,5aa4244363ebb317d4d07237a51357819655d54eead8ce2fe97c0ff39b12d689
24,fine_4h,tsvd,POINT_ESTIMABLE,UNKNOWN,POINT_AT_TAU,POINT_ESTIMABLE,,,,1.0,1.0044131422814828,0.9456131422814829,1.0632131422814828,3.412499791011214e-05,5aa4244363ebb317d4d07237a51357819655d54eead8ce2fe97c0ff39b12d689
24,daily_gap,crome,SET_ESTIMABLE,NONIDENTIFIED,SET,NONRECOVERABLE,NONIDENTIFIED,SET,assumption_conditional,1.0,,0.8774608802050601,1.1438928934876917,0.06417891699675238,5aa4244363ebb317d4d07237a51357819655d54eead8ce2fe97c0ff39b12d689
24,daily_gap,naive_boundary,SET_ESTIMABLE,NONIDENTIFIED,SET,INCONCLUSIVE,,,,1.0,,,,2.4583001504652202e-05,5aa4244363ebb317d4d07237a51357819655d54eead8ce2fe97c0ff39b12d689
24,daily_gap,ridge,SET_ESTIMABLE,NONIDENTIFIED,SET,POINT_ESTIMABLE,,,,1.0,0.0,-0.0588,0.0588,2.2416999854613096e-05,5aa4244363ebb317d4d07237a51357819655d54eead8ce2fe97c0ff39b12d689
24,daily_gap,tsvd,SET_ESTIMABLE,NONIDENTIFIED,SET,POINT_ESTIMABLE,,,,1.0,0.0,-0.0588,0.0588,3.254100010963157e-05,5aa4244363ebb317d4d07237a51357819655d54eead8ce2fe97c0ff39b12d689
24,target_mark_collapse,crome,NONRECOVERABLE,NONIDENTIFIED,INCONCLUSIVE,NONRECOVERABLE,NONIDENTIFIED,INCONCLUSIVE,population_exact,1.0,,,,0.016448207999928854,5aa4244363ebb317d4d07237a51357819655d54eead8ce2fe97c0ff39b12d689
24,target_mark_collapse,naive_boundary,NONRECOVERABLE,NONIDENTIFIED,INCONCLUSIVE,POINT_ESTIMABLE,,,,1.0,0.9996398353401027,0.9408398353401027,1.0584398353401028,7.000000186963007e-05,5aa4244363ebb317d4d07237a51357819655d54eead8ce2fe97c0ff39b12d689
24,target_mark_collapse,ridge,NONRECOVERABLE,NONIDENTIFIED,INCONCLUSIVE,POINT_ESTIMABLE,,,,1.0,0.0,-0.0588,0.0588,1.5833000361453742e-05,5aa4244363ebb317d4d07237a51357819655d54eead8ce2fe97c0ff39b12d689
24,target_mark_collapse,tsvd,NONRECOVERABLE,NONIDENTIFIED,INCONCLUSIVE,POINT_ESTIMABLE,,,,1.0,0.0,-0.0588,0.0588,2.966700412798673e-05,5aa4244363ebb317d4d07237a51357819655d54eead8ce2fe97c0ff39b12d689
24,rounded_hidden_time,crome,INCONCLUSIVE,UNKNOWN,INCONCLUSIVE,INCONCLUSIVE,UNKNOWN,INCONCLUSIVE,finite_sample_only,1.0,,,,0.0075636250039679,5aa4244363ebb317d4d07237a51357819655d54eead8ce2fe97c0ff39b12d689
24,rounded_hidden_time,naive_boundary,INCONCLUSIVE,UNKNOWN,INCONCLUSIVE,POINT_ESTIMABLE,,,,1.0,1.0051399532074898,0.9463399532074899,1.0639399532074898,7.424999785143882e-05,5aa4244363ebb317d4d07237a51357819655d54eead8ce2fe97c0ff39b12d689
24,rounded_hidden_time,ridge,INCONCLUSIVE,UNKNOWN,INCONCLUSIVE,POINT_ESTIMABLE,,,,1.0,0.8832069399156052,0.8244069399156052,0.9420069399156051,1.4707999071106315e-05,5aa4244363ebb317d4d07237a51357819655d54eead8ce2fe97c0ff39b12d689
24,rounded_hidden_time,tsvd,INCONCLUSIVE,UNKNOWN,INCONCLUSIVE,POINT_ESTIMABLE,,,,1.0,0.883397935835343,0.824597935835343,0.942197935835343,3.300000389572233e-05,5aa4244363ebb317d4d07237a51357819655d54eead8ce2fe97c0ff39b12d689
25,fine_4h,crome,POINT_ESTIMABLE,UNKNOWN,POINT_AT_TAU,POINT_ESTIMABLE,UNKNOWN,POINT_AT_TAU,assumption_conditional,1.0,1.0059700197611716,0.9242096981474115,1.0877303413749317,0.10154058299667668,5aa4244363ebb317d4d07237a51357819655d54eead8ce2fe97c0ff39b12d689
25,fine_4h,naive_boundary,POINT_ESTIMABLE,UNKNOWN,POINT_AT_TAU,POINT_ESTIMABLE,,,,1.0,0.9980629496139038,0.9392629496139039,1.056862949613904,6.387500616256148e-05,5aa4244363ebb317d4d07237a51357819655d54eead8ce2fe97c0ff39b12d689
25,fine_4h,ridge,POINT_ESTIMABLE,UNKNOWN,POINT_AT_TAU,POINT_ESTIMABLE,,,,1.0,0.9973225475504596,0.9385225475504596,1.0561225475504596,1.4958000974729657e-05,5aa4244363ebb317d4d07237a51357819655d54eead8ce2fe97c0ff39b12d689
25,fine_4h,tsvd,POINT_ESTIMABLE,UNKNOWN,POINT_AT_TAU,POINT_ESTIMABLE,,,,1.0,0.9975882764442174,0.9387882764442175,1.0563882764442174,3.47500026691705e-05,5aa4244363ebb317d4d07237a51357819655d54eead8ce2fe97c0ff39b12d689
25,daily_gap,crome,SET_ESTIMABLE,NONIDENTIFIED,SET,NONRECOVERABLE,NONIDENTIFIED,SET,assumption_conditional,1.0,,0.9059649590299493,1.1567191296253527,0.05967204199987464,5aa4244363ebb317d4d07237a51357819655d54eead8ce2fe97c0ff39b12d689
25,daily_gap,naive_boundary,SET_ESTIMABLE,NONIDENTIFIED,SET,INCONCLUSIVE,,,,1.0,,,,2.391599991824478e-05,5aa4244363ebb317d4d07237a51357819655d54eead8ce2fe97c0ff39b12d689
25,daily_gap,ridge,SET_ESTIMABLE,NONIDENTIFIED,SET,POINT_ESTIMABLE,,,,1.0,0.0,-0.0588,0.0588,2.2416999854613096e-05,5aa4244363ebb317d4d07237a51357819655d54eead8ce2fe97c0ff39b12d689
25,daily_gap,tsvd,SET_ESTIMABLE,NONIDENTIFIED,SET,POINT_ESTIMABLE,,,,1.0,0.0,-0.0588,0.0588,3.2125004508998245e-05,5aa4244363ebb317d4d07237a51357819655d54eead8ce2fe97c0ff39b12d689
25,target_mark_collapse,crome,NONRECOVERABLE,NONIDENTIFIED,INCONCLUSIVE,NONRECOVERABLE,NONIDENTIFIED,INCONCLUSIVE,population_exact,1.0,,,,0.016554417001316324,5aa4244363ebb317d4d07237a51357819655d54eead8ce2fe97c0ff39b12d689
25,target_mark_collapse,naive_boundary,NONRECOVERABLE,NONIDENTIFIED,INCONCLUSIVE,POINT_ESTIMABLE,,,,1.0,1.0053727431561186,0.9465727431561186,1.0641727431561185,6.974999996600673e-05,5aa4244363ebb317d4d07237a51357819655d54eead8ce2fe97c0ff39b12d689
25,target_mark_collapse,ridge,NONRECOVERABLE,NONIDENTIFIED,INCONCLUSIVE,POINT_ESTIMABLE,,,,1.0,0.0,-0.0588,0.0588,2.0833998860325664e-05,5aa4244363ebb317d4d07237a51357819655d54eead8ce2fe97c0ff39b12d689
25,target_mark_collapse,tsvd,NONRECOVERABLE,NONIDENTIFIED,INCONCLUSIVE,POINT_ESTIMABLE,,,,1.0,0.0,-0.0588,0.0588,3.133300197077915e-05,5aa4244363ebb317d4d07237a51357819655d54eead8ce2fe97c0ff39b12d689
25,rounded_hidden_time,crome,INCONCLUSIVE,UNKNOWN,INCONCLUSIVE,INCONCLUSIVE,UNKNOWN,INCONCLUSIVE,finite_sample_only,1.0,,,,0.007623334000527393,5aa4244363ebb317d4d07237a51357819655d54eead8ce2fe97c0ff39b12d689
25,rounded_hidden_time,naive_boundary,INCONCLUSIVE,UNKNOWN,INCONCLUSIVE,POINT_ESTIMABLE,,,,1.0,1.005772167042576,0.9469721670425761,1.064572167042576,7.520800136262551e-05,5aa4244363ebb317d4d07237a51357819655d54eead8ce2fe97c0ff39b12d689
25,rounded_hidden_time,ridge,INCONCLUSIVE,UNKNOWN,INCONCLUSIVE,POINT_ESTIMABLE,,,,1.0,0.8705559638847851,0.8117559638847851,0.929355963884785,1.4083998394198716e-05,5aa4244363ebb317d4d07237a51357819655d54eead8ce2fe97c0ff39b12d689
25,rounded_hidden_time,tsvd,INCONCLUSIVE,UNKNOWN,INCONCLUSIVE,POINT_ESTIMABLE,,,,1.0,0.8707226397588299,0.81192263975883,0.9295226397588299,3.324999852338806e-05,5aa4244363ebb317d4d07237a51357819655d54eead8ce2fe97c0ff39b12d689
26,fine_4h,crome,POINT_ESTIMABLE,UNKNOWN,POINT_AT_TAU,POINT_ESTIMABLE,UNKNOWN,POINT_AT_TAU,assumption_conditional,1.0,1.0071760636268337,0.9256640288423592,1.088688098411308,0.10205733300244901,5aa4244363ebb317d4d07237a51357819655d54eead8ce2fe97c0ff39b12d689
26,fine_4h,naive_boundary,POINT_ESTIMABLE,UNKNOWN,POINT_AT_TAU,POINT_ESTIMABLE,,,,1.0,1.0019715812113814,0.9431715812113814,1.0607715812113814,6.44999963697046e-05,5aa4244363ebb317d4d07237a51357819655d54eead8ce2fe97c0ff39b12d689
26,fine_4h,ridge,POINT_ESTIMABLE,UNKNOWN,POINT_AT_TAU,POINT_ESTIMABLE,,,,1.0,1.0040599478777628,0.9452599478777628,1.0628599478777627,1.4999997802078724e-05,5aa4244363ebb317d4d07237a51357819655d54eead8ce2fe97c0ff39b12d689
26,fine_4h,tsvd,POINT_ESTIMABLE,UNKNOWN,POINT_AT_TAU,POINT_ESTIMABLE,,,,1.0,1.0043158255440816,0.9455158255440816,1.0631158255440816,3.4000004234258085e-05,5aa4244363ebb317d4d07237a51357819655d54eead8ce2fe97c0ff39b12d689
26,daily_gap,crome,SET_ESTIMABLE,NONIDENTIFIED,SET,NONRECOVERABLE,NONIDENTIFIED,SET,assumption_conditional,1.0,,0.8841620201511212,1.151971158525671,0.06558241700258804,5aa4244363ebb317d4d07237a51357819655d54eead8ce2fe97c0ff39b12d689
26,daily_gap,naive_boundary,SET_ESTIMABLE,NONIDENTIFIED,SET,INCONCLUSIVE,,,,1.0,,,,2.487500023562461e-05,5aa4244363ebb317d4d07237a51357819655d54eead8ce2fe97c0ff39b12d689
26,daily_gap,ridge,SET_ESTIMABLE,NONIDENTIFIED,SET,POINT_ESTIMABLE,,,,1.0,0.0,-0.0588,0.0588,2.0749997929669917e-05,5aa4244363ebb317d4d07237a51357819655d54eead8ce2fe97c0ff39b12d689
26,daily_gap,tsvd,SET_ESTIMABLE,NONIDENTIFIED,SET,POINT_ESTIMABLE,,,,1.0,0.0,-0.0588,0.0588,3.125000512227416e-05,5aa4244363ebb317d4d07237a51357819655d54eead8ce2fe97c0ff39b12d689
26,target_mark_collapse,crome,NONRECOVERABLE,NONIDENTIFIED,INCONCLUSIVE,NONRECOVERABLE,NONIDENTIFIED,INCONCLUSIVE,population_exact,1.0,,,,0.0164066669967724,5aa4244363ebb317d4d07237a51357819655d54eead8ce2fe97c0ff39b12d689
26,target_mark_collapse,naive_boundary,NONRECOVERABLE,NONIDENTIFIED,INCONCLUSIVE,POINT_ESTIMABLE,,,,1.0,1.0020299615489716,0.9432299615489717,1.0608299615489716,6.649999704677612e-05,5aa4244363ebb317d4d07237a51357819655d54eead8ce2fe97c0ff39b12d689
26,target_mark_collapse,ridge,NONRECOVERABLE,NONIDENTIFIED,INCONCLUSIVE,POINT_ESTIMABLE,,,,1.0,0.0,-0.0588,0.0588,1.5334000636357814e-05,5aa4244363ebb317d4d07237a51357819655d54eead8ce2fe97c0ff39b12d689
26,target_mark_collapse,tsvd,NONRECOVERABLE,NONIDENTIFIED,INCONCLUSIVE,POINT_ESTIMABLE,,,,1.0,0.0,-0.0588,0.0588,2.8665999707300216e-05,5aa4244363ebb317d4d07237a51357819655d54eead8ce2fe97c0ff39b12d689
26,rounded_hidden_time,crome,INCONCLUSIVE,UNKNOWN,INCONCLUSIVE,INCONCLUSIVE,UNKNOWN,INCONCLUSIVE,finite_sample_only,1.0,,,,0.0074801670052693225,5aa4244363ebb317d4d07237a51357819655d54eead8ce2fe97c0ff39b12d689
26,rounded_hidden_time,naive_boundary,INCONCLUSIVE,UNKNOWN,INCONCLUSIVE,POINT_ESTIMABLE,,,,1.0,1.0068247737550267,0.9480247737550267,1.0656247737550266,8.350000280188397e-05,5aa4244363ebb317d4d07237a51357819655d54eead8ce2fe97c0ff39b12d689
26,rounded_hidden_time,ridge,INCONCLUSIVE,UNKNOWN,INCONCLUSIVE,POINT_ESTIMABLE,,,,1.0,0.8841501973189385,0.8253501973189385,0.9429501973189385,1.4458004443440586e-05,5aa4244363ebb317d4d07237a51357819655d54eead8ce2fe97c0ff39b12d689
26,rounded_hidden_time,tsvd,INCONCLUSIVE,UNKNOWN,INCONCLUSIVE,POINT_ESTIMABLE,,,,1.0,0.8843164140236913,0.8255164140236914,0.9431164140236913,3.0999995942693204e-05,5aa4244363ebb317d4d07237a51357819655d54eead8ce2fe97c0ff39b12d689
27,fine_4h,crome,POINT_ESTIMABLE,UNKNOWN,POINT_AT_TAU,POINT_ESTIMABLE,UNKNOWN,POINT_AT_TAU,assumption_conditional,1.0,1.0054437663656763,0.9239484771838304,1.0869390555475222,0.10191695799585432,5aa4244363ebb317d4d07237a51357819655d54eead8ce2fe97c0ff39b12d689
27,fine_4h,naive_boundary,POINT_ESTIMABLE,UNKNOWN,POINT_AT_TAU,POINT_ESTIMABLE,,,,1.0,1.0010904249463937,0.9422904249463937,1.0598904249463936,5.958400288363919e-05,5aa4244363ebb317d4d07237a51357819655d54eead8ce2fe97c0ff39b12d689
27,fine_4h,ridge,POINT_ESTIMABLE,UNKNOWN,POINT_AT_TAU,POINT_ESTIMABLE,,,,1.0,1.001188684529731,0.9423886845297311,1.059988684529731,1.412499841535464e-05,5aa4244363ebb317d4d07237a51357819655d54eead8ce2fe97c0ff39b12d689
27,fine_4h,tsvd,POINT_ESTIMABLE,UNKNOWN,POINT_AT_TAU,POINT_ESTIMABLE,,,,1.0,1.0014242011009136,0.9426242011009136,1.0602242011009135,3.316599759273231e-05,5aa4244363ebb317d4d07237a51357819655d54eead8ce2fe97c0ff39b12d689
27,daily_gap,crome,SET_ESTIMABLE,NONIDENTIFIED,SET,NONRECOVERABLE,NONIDENTIFIED,SET,assumption_conditional,1.0,,0.9001487578022818,1.1454434423919946,0.06685112499690149,5aa4244363ebb317d4d07237a51357819655d54eead8ce2fe97c0ff39b12d689
27,daily_gap,naive_boundary,SET_ESTIMABLE,NONIDENTIFIED,SET,INCONCLUSIVE,,,,1.0,,,,3.912499960279092e-05,5aa4244363ebb317d4d07237a51357819655d54eead8ce2fe97c0ff39b12d689
27,daily_gap,ridge,SET_ESTIMABLE,NONIDENTIFIED,SET,POINT_ESTIMABLE,,,,1.0,0.0,-0.0588,0.0588,3.0415998480748385e-05,5aa4244363ebb317d4d07237a51357819655d54eead8ce2fe97c0ff39b12d689
27,daily_gap,tsvd,SET_ESTIMABLE,NONIDENTIFIED,SET,POINT_ESTIMABLE,,,,1.0,0.0,-0.0588,0.0588,3.954200656153262e-05,5aa4244363ebb317d4d07237a51357819655d54eead8ce2fe97c0ff39b12d689
27,target_mark_collapse,crome,NONRECOVERABLE,NONIDENTIFIED,INCONCLUSIVE,NONRECOVERABLE,NONIDENTIFIED,INCONCLUSIVE,population_exact,1.0,,,,0.016562708995479625,5aa4244363ebb317d4d07237a51357819655d54eead8ce2fe97c0ff39b12d689
27,target_mark_collapse,naive_boundary,NONRECOVERABLE,NONIDENTIFIED,INCONCLUSIVE,POINT_ESTIMABLE,,,,1.0,0.9990649232744075,0.9402649232744076,1.0578649232744075,7.191699842223898e-05,5aa4244363ebb317d4d07237a51357819655d54eead8ce2fe97c0ff39b12d689
27,target_mark_collapse,ridge,NONRECOVERABLE,NONIDENTIFIED,INCONCLUSIVE,POINT_ESTIMABLE,,,,1.0,0.0,-0.0588,0.0588,1.8792001355905086e-05,5aa4244363ebb317d4d07237a51357819655d54eead8ce2fe97c0ff39b12d689
27,target_mark_collapse,tsvd,NONRECOVERABLE,NONIDENTIFIED,INCONCLUSIVE,POINT_ESTIMABLE,,,,1.0,0.0,-0.0588,0.0588,3.3458003599662334e-05,5aa4244363ebb317d4d07237a51357819655d54eead8ce2fe97c0ff39b12d689
27,rounded_hidden_time,crome,INCONCLUSIVE,UNKNOWN,INCONCLUSIVE,INCONCLUSIVE,UNKNOWN,INCONCLUSIVE,finite_sample_only,1.0,,,,0.007476874998246785,5aa4244363ebb317d4d07237a51357819655d54eead8ce2fe97c0ff39b12d689
27,rounded_hidden_time,naive_boundary,INCONCLUSIVE,UNKNOWN,INCONCLUSIVE,POINT_ESTIMABLE,,,,1.0,1.0059126682943893,0.9471126682943893,1.0647126682943893,7.408300007227808e-05,5aa4244363ebb317d4d07237a51357819655d54eead8ce2fe97c0ff39b12d689
27,rounded_hidden_time,ridge,INCONCLUSIVE,UNKNOWN,INCONCLUSIVE,POINT_ESTIMABLE,,,,1.0,0.8821767591885001,0.8233767591885002,0.9409767591885001,1.4083998394198716e-05,5aa4244363ebb317d4d07237a51357819655d54eead8ce2fe97c0ff39b12d689
27,rounded_hidden_time,tsvd,INCONCLUSIVE,UNKNOWN,INCONCLUSIVE,POINT_ESTIMABLE,,,,1.0,0.8823523308743282,0.8235523308743282,0.9411523308743281,3.254199691582471e-05,5aa4244363ebb317d4d07237a51357819655d54eead8ce2fe97c0ff39b12d689
28,fine_4h,crome,POINT_ESTIMABLE,UNKNOWN,POINT_AT_TAU,POINT_ESTIMABLE,UNKNOWN,POINT_AT_TAU,assumption_conditional,1.0,1.0076512584621542,0.9253013615078085,1.0900011554165,0.09806654199928744,5aa4244363ebb317d4d07237a51357819655d54eead8ce2fe97c0ff39b12d689
28,fine_4h,naive_boundary,POINT_ESTIMABLE,UNKNOWN,POINT_AT_TAU,POINT_ESTIMABLE,,,,1.0,1.001475234462066,0.9426752344620661,1.060275234462066,0.00010649999603629112,5aa4244363ebb317d4d07237a51357819655d54eead8ce2fe97c0ff39b12d689
28,fine_4h,ridge,POINT_ESTIMABLE,UNKNOWN,POINT_AT_TAU,POINT_ESTIMABLE,,,,1.0,1.004674887153307,0.9458748871533071,1.063474887153307,1.912500010803342e-05,5aa4244363ebb317d4d07237a51357819655d54eead8ce2fe97c0ff39b12d689
28,fine_4h,tsvd,POINT_ESTIMABLE,UNKNOWN,POINT_AT_TAU,POINT_ESTIMABLE,,,,1.0,1.004989158894688,0.946189158894688,1.063789158894688,4.816699947696179e-05,5aa4244363ebb317d4d07237a51357819655d54eead8ce2fe97c0ff39b12d689
28,daily_gap,crome,SET_ESTIMABLE,NONIDENTIFIED,SET,NONRECOVERABLE,NONIDENTIFIED,SET,assumption_conditional,1.0,,0.8913228376871052,1.123310343534904,0.058097958004509564,5aa4244363ebb317d4d07237a51357819655d54eead8ce2fe97c0ff39b12d689
28,daily_gap,naive_boundary,SET_ESTIMABLE,NONIDENTIFIED,SET,INCONCLUSIVE,,,,1.0,,,,2.5250003091059625e-05,5aa4244363ebb317d4d07237a51357819655d54eead8ce2fe97c0ff39b12d689
28,daily_gap,ridge,SET_ESTIMABLE,NONIDENTIFIED,SET,POINT_ESTIMABLE,,,,1.0,0.0,-0.0588,0.0588,2.7082998713012785e-05,5aa4244363ebb317d4d07237a51357819655d54eead8ce2fe97c0ff39b12d689
28,daily_gap,tsvd,SET_ESTIMABLE,NONIDENTIFIED,SET,POINT_ESTIMABLE,,,,1.0,0.0,-0.0588,0.0588,3.370799822732806e-05,5aa4244363ebb317d4d07237a51357819655d54eead8ce2fe97c0ff39b12d689
28,target_mark_collapse,crome,NONRECOVERABLE,NONIDENTIFIED,INCONCLUSIVE,NONRECOVERABLE,NONIDENTIFIED,INCONCLUSIVE,population_exact,1.0,,,,0.01636924999911571,5aa4244363ebb317d4d07237a51357819655d54eead8ce2fe97c0ff39b12d689
28,target_mark_collapse,naive_boundary,NONRECOVERABLE,NONIDENTIFIED,INCONCLUSIVE,POINT_ESTIMABLE,,,,1.0,1.002041882501776,0.9432418825017761,1.060841882501776,6.562500493600965e-05,5aa4244363ebb317d4d07237a51357819655d54eead8ce2fe97c0ff39b12d689
28,target_mark_collapse,ridge,NONRECOVERABLE,NONIDENTIFIED,INCONCLUSIVE,POINT_ESTIMABLE,,,,1.0,0.0,-0.0588,0.0588,1.554200571263209e-05,5aa4244363ebb317d4d07237a51357819655d54eead8ce2fe97c0ff39b12d689
28,target_mark_collapse,tsvd,NONRECOVERABLE,NONIDENTIFIED,INCONCLUSIVE,POINT_ESTIMABLE,,,,1.0,0.0,-0.0588,0.0588,2.9125003493390977e-05,5aa4244363ebb317d4d07237a51357819655d54eead8ce2fe97c0ff39b12d689
28,rounded_hidden_time,crome,INCONCLUSIVE,UNKNOWN,INCONCLUSIVE,INCONCLUSIVE,UNKNOWN,INCONCLUSIVE,finite_sample_only,1.0,,,,0.007459790998836979,5aa4244363ebb317d4d07237a51357819655d54eead8ce2fe97c0ff39b12d689
28,rounded_hidden_time,naive_boundary,INCONCLUSIVE,UNKNOWN,INCONCLUSIVE,POINT_ESTIMABLE,,,,1.0,1.0064990038534778,0.9476990038534778,1.0652990038534778,7.120800000848249e-05,5aa4244363ebb317d4d07237a51357819655d54eead8ce2fe97c0ff39b12d689
28,rounded_hidden_time,ridge,INCONCLUSIVE,UNKNOWN,INCONCLUSIVE,POINT_ESTIMABLE,,,,1.0,0.8805688545432538,0.8217688545432539,0.9393688545432538,1.4333003491628915e-05,5aa4244363ebb317d4d07237a51357819655d54eead8ce2fe97c0ff39b12d689
28,rounded_hidden_time,tsvd,INCONCLUSIVE,UNKNOWN,INCONCLUSIVE,POINT_ESTIMABLE,,,,1.0,0.8807593787294435,0.8219593787294436,0.9395593787294435,3.3208998502232134e-05,5aa4244363ebb317d4d07237a51357819655d54eead8ce2fe97c0ff39b12d689
29,fine_4h,crome,POINT_ESTIMABLE,UNKNOWN,POINT_AT_TAU,POINT_ESTIMABLE,UNKNOWN,POINT_AT_TAU,assumption_conditional,1.0,1.0046620807995832,0.9230434746862531,1.0862806869129131,0.10170229199866299,5aa4244363ebb317d4d07237a51357819655d54eead8ce2fe97c0ff39b12d689
29,fine_4h,naive_boundary,POINT_ESTIMABLE,UNKNOWN,POINT_AT_TAU,POINT_ESTIMABLE,,,,1.0,0.9983260787991324,0.9395260787991324,1.0571260787991323,7.950000144774094e-05,5aa4244363ebb317d4d07237a51357819655d54eead8ce2fe97c0ff39b12d689
29,fine_4h,ridge,POINT_ESTIMABLE,UNKNOWN,POINT_AT_TAU,POINT_ESTIMABLE,,,,1.0,1.001259402394891,0.9424594023948911,1.060059402394891,1.733299723127857e-05,5aa4244363ebb317d4d07237a51357819655d54eead8ce2fe97c0ff39b12d689
29,fine_4h,tsvd,POINT_ESTIMABLE,UNKNOWN,POINT_AT_TAU,POINT_ESTIMABLE,,,,1.0,1.0015347698187118,0.9427347698187118,1.0603347698187118,4.1040999349206686e-05,5aa4244363ebb317d4d07237a51357819655d54eead8ce2fe97c0ff39b12d689
29,daily_gap,crome,SET_ESTIMABLE,NONIDENTIFIED,SET,NONRECOVERABLE,NONIDENTIFIED,SET,assumption_conditional,1.0,,0.8828528769664111,1.141038055004388,0.065864625001268,5aa4244363ebb317d4d07237a51357819655d54eead8ce2fe97c0ff39b12d689
29,daily_gap,naive_boundary,SET_ESTIMABLE,NONIDENTIFIED,SET,INCONCLUSIVE,,,,1.0,,,,2.62079993262887e-05,5aa4244363ebb317d4d07237a51357819655d54eead8ce2fe97c0ff39b12d689
29,daily_gap,ridge,SET_ESTIMABLE,NONIDENTIFIED,SET,POINT_ESTIMABLE,,,,1.0,0.0,-0.0588,0.0588,2.4249995476566255e-05,5aa4244363ebb317d4d07237a51357819655d54eead8ce2fe97c0ff39b12d689
29,daily_gap,tsvd,SET_ESTIMABLE,NONIDENTIFIED,SET,POINT_ESTIMABLE,,,,1.0,0.0,-0.0588,0.0588,3.4374999813735485e-05,5aa4244363ebb317d4d07237a51357819655d54eead8ce2fe97c0ff39b12d689
29,target_mark_collapse,crome,NONRECOVERABLE,NONIDENTIFIED,INCONCLUSIVE,NONRECOVERABLE,NONIDENTIFIED,INCONCLUSIVE,population_exact,1.0,,,,0.01664041700132657,5aa4244363ebb317d4d07237a51357819655d54eead8ce2fe97c0ff39b12d689
29,target_mark_collapse,naive_boundary,NONRECOVERABLE,NONIDENTIFIED,INCONCLUSIVE,POINT_ESTIMABLE,,,,1.0,0.9998602901159831,0.9410602901159831,1.0586602901159832,6.795799708925188e-05,5aa4244363ebb317d4d07237a51357819655d54eead8ce2fe97c0ff39b12d689
29,target_mark_collapse,ridge,NONRECOVERABLE,NONIDENTIFIED,INCONCLUSIVE,POINT_ESTIMABLE,,,,1.0,0.0,-0.0588,0.0588,1.6083999071270227e-05,5aa4244363ebb317d4d07237a51357819655d54eead8ce2fe97c0ff39b12d689
29,target_mark_collapse,tsvd,NONRECOVERABLE,NONIDENTIFIED,INCONCLUSIVE,POINT_ESTIMABLE,,,,1.0,0.0,-0.0588,0.0588,2.9834001907147467e-05,5aa4244363ebb317d4d07237a51357819655d54eead8ce2fe97c0ff39b12d689
29,rounded_hidden_time,crome,INCONCLUSIVE,UNKNOWN,INCONCLUSIVE,INCONCLUSIVE,UNKNOWN,INCONCLUSIVE,finite_sample_only,1.0,,,,0.007555249998404179,5aa4244363ebb317d4d07237a51357819655d54eead8ce2fe97c0ff39b12d689
29,rounded_hidden_time,naive_boundary,INCONCLUSIVE,UNKNOWN,INCONCLUSIVE,POINT_ESTIMABLE,,,,1.0,1.007727890042502,0.948927890042502,1.066527890042502,7.775000267429277e-05,5aa4244363ebb317d4d07237a51357819655d54eead8ce2fe97c0ff39b12d689
29,rounded_hidden_time,ridge,INCONCLUSIVE,UNKNOWN,INCONCLUSIVE,POINT_ESTIMABLE,,,,1.0,0.8800112628769475,0.8212112628769476,0.9388112628769475,1.4541001291945577e-05,5aa4244363ebb317d4d07237a51357819655d54eead8ce2fe97c0ff39b12d689
29,rounded_hidden_time,tsvd,INCONCLUSIVE,UNKNOWN,INCONCLUSIVE,POINT_ESTIMABLE,,,,1.0,0.8801821930147858,0.8213821930147859,0.9389821930147858,3.3583994081709534e-05,5aa4244363ebb317d4d07237a51357819655d54eead8ce2fe97c0ff39b12d689
30,fine_4h,crome,POINT_ESTIMABLE,UNKNOWN,POINT_AT_TAU,POINT_ESTIMABLE,UNKNOWN,POINT_AT_TAU,assumption_conditional,1.0,1.006051174828845,0.9242104505504367,1.0878918991072533,0.09680333299911581,5aa4244363ebb317d4d07237a51357819655d54eead8ce2fe97c0ff39b12d689
30,fine_4h,naive_boundary,POINT_ESTIMABLE,UNKNOWN,POINT_AT_TAU,POINT_ESTIMABLE,,,,1.0,1.0017325307154563,0.9429325307154564,1.0605325307154563,6.262499664444476e-05,5aa4244363ebb317d4d07237a51357819655d54eead8ce2fe97c0ff39b12d689
30,fine_4h,ridge,POINT_ESTIMABLE,UNKNOWN,POINT_AT_TAU,POINT_ESTIMABLE,,,,1.0,0.9965884963098686,0.9377884963098686,1.0553884963098685,1.4333003491628915e-05,5aa4244363ebb317d4d07237a51357819655d54eead8ce2fe97c0ff39b12d689
30,fine_4h,tsvd,POINT_ESTIMABLE,UNKNOWN,POINT_AT_TAU,POINT_ESTIMABLE,,,,1.0,0.9968594057500951,0.9380594057500952,1.0556594057500952,3.454199759289622e-05,5aa4244363ebb317d4d07237a51357819655d54eead8ce2fe97c0ff39b12d689
30,daily_gap,crome,SET_ESTIMABLE,NONIDENTIFIED,SET,NONRECOVERABLE,NONIDENTIFIED,SET,assumption_conditional,1.0,,0.8520298368635211,1.1178253516485905,0.06025012499594595,5aa4244363ebb317d4d07237a51357819655d54eead8ce2fe97c0ff39b12d689
30,daily_gap,naive_boundary,SET_ESTIMABLE,NONIDENTIFIED,SET,INCONCLUSIVE,,,,1.0,,,,2.420799864921719e-05,5aa4244363ebb317d4d07237a51357819655d54eead8ce2fe97c0ff39b12d689
30,daily_gap,ridge,SET_ESTIMABLE,NONIDENTIFIED,SET,POINT_ESTIMABLE,,,,1.0,0.0,-0.0588,0.0588,2.112500078510493e-05,5aa4244363ebb317d4d07237a51357819655d54eead8ce2fe97c0ff39b12d689
30,daily_gap,tsvd,SET_ESTIMABLE,NONIDENTIFIED,SET,POINT_ESTIMABLE,,,,1.0,0.0,-0.0588,0.0588,3.1332994694821537e-05,5aa4244363ebb317d4d07237a51357819655d54eead8ce2fe97c0ff39b12d689
30,target_mark_collapse,crome,NONRECOVERABLE,NONIDENTIFIED,INCONCLUSIVE,NONRECOVERABLE,NONIDENTIFIED,INCONCLUSIVE,population_exact,1.0,,,,0.01652208399900701,5aa4244363ebb317d4d07237a51357819655d54eead8ce2fe97c0ff39b12d689
30,target_mark_collapse,naive_boundary,NONRECOVERABLE,NONIDENTIFIED,INCONCLUSIVE,POINT_ESTIMABLE,,,,1.0,0.9972807144234486,0.9384807144234486,1.0560807144234485,6.82500030961819e-05,5aa4244363ebb317d4d07237a51357819655d54eead8ce2fe97c0ff39b12d689
30,target_mark_collapse,ridge,NONRECOVERABLE,NONIDENTIFIED,INCONCLUSIVE,POINT_ESTIMABLE,,,,1.0,0.0,-0.0588,0.0588,1.550000160932541e-05,5aa4244363ebb317d4d07237a51357819655d54eead8ce2fe97c0ff39b12d689
30,target_mark_collapse,tsvd,NONRECOVERABLE,NONIDENTIFIED,INCONCLUSIVE,POINT_ESTIMABLE,,,,1.0,0.0,-0.0588,0.0588,2.9249997169245034e-05,5aa4244363ebb317d4d07237a51357819655d54eead8ce2fe97c0ff39b12d689
30,rounded_hidden_time,crome,INCONCLUSIVE,UNKNOWN,INCONCLUSIVE,INCONCLUSIVE,UNKNOWN,INCONCLUSIVE,finite_sample_only,1.0,,,,0.007507374997658189,5aa4244363ebb317d4d07237a51357819655d54eead8ce2fe97c0ff39b12d689
30,rounded_hidden_time,naive_boundary,INCONCLUSIVE,UNKNOWN,INCONCLUSIVE,POINT_ESTIMABLE,,,,1.0,1.0068598875373065,0.9480598875373065,1.0656598875373064,7.375000132014975e-05,5aa4244363ebb317d4d07237a51357819655d54eead8ce2fe97c0ff39b12d689
30,rounded_hidden_time,ridge,INCONCLUSIVE,UNKNOWN,INCONCLUSIVE,POINT_ESTIMABLE,,,,1.0,0.8752327516928802,0.8164327516928802,0.9340327516928801,1.4416997146327049e-05,5aa4244363ebb317d4d07237a51357819655d54eead8ce2fe97c0ff39b12d689
30,rounded_hidden_time,tsvd,INCONCLUSIVE,UNKNOWN,INCONCLUSIVE,POINT_ESTIMABLE,,,,1.0,0.8754315336108952,0.8166315336108952,0.9342315336108952,3.324999852338806e-05,5aa4244363ebb317d4d07237a51357819655d54eead8ce2fe97c0ff39b12d689
31,fine_4h,crome,POINT_ESTIMABLE,UNKNOWN,POINT_AT_TAU,POINT_ESTIMABLE,UNKNOWN,POINT_AT_TAU,assumption_conditional,1.0,1.0071572552436265,0.9255645692835511,1.088749941203702,0.10211762499966426,5aa4244363ebb317d4d07237a51357819655d54eead8ce2fe97c0ff39b12d689
31,fine_4h,naive_boundary,POINT_ESTIMABLE,UNKNOWN,POINT_AT_TAU,POINT_ESTIMABLE,,,,1.0,0.9990702864025257,0.9402702864025257,1.0578702864025258,6.0708000091835856e-05,5aa4244363ebb317d4d07237a51357819655d54eead8ce2fe97c0ff39b12d689
31,fine_4h,ridge,POINT_ESTIMABLE,UNKNOWN,POINT_AT_TAU,POINT_ESTIMABLE,,,,1.0,1.0034526030877562,0.9446526030877562,1.0622526030877562,1.3917000615037978e-05,5aa4244363ebb317d4d07237a51357819655d54eead8ce2fe97c0ff39b12d689
31,fine_4h,tsvd,POINT_ESTIMABLE,UNKNOWN,POINT_AT_TAU,POINT_ESTIMABLE,,,,1.0,1.003710190063408,0.944910190063408,1.062510190063408,3.3708995033521205e-05,5aa4244363ebb317d4d07237a51357819655d54eead8ce2fe97c0ff39b12d689
31,daily_gap,crome,SET_ESTIMABLE,NONIDENTIFIED,SET,NONRECOVERABLE,NONIDENTIFIED,SET,assumption_conditional,1.0,,0.8787334239848159,1.1477863893934517,0.06540470800246112,5aa4244363ebb317d4d07237a51357819655d54eead8ce2fe97c0ff39b12d689
31,daily_gap,naive_boundary,SET_ESTIMABLE,NONIDENTIFIED,SET,INCONCLUSIVE,,,,1.0,,,,2.837499778252095e-05,5aa4244363ebb317d4d07237a51357819655d54eead8ce2fe97c0ff39b12d689
31,daily_gap,ridge,SET_ESTIMABLE,NONIDENTIFIED,SET,POINT_ESTIMABLE,,,,1.0,0.0,-0.0588,0.0588,2.516699896659702e-05,5aa4244363ebb317d4d07237a51357819655d54eead8ce2fe97c0ff39b12d689
31,daily_gap,tsvd,SET_ESTIMABLE,NONIDENTIFIED,SET,POINT_ESTIMABLE,,,,1.0,0.0,-0.0588,0.0588,3.687500429805368e-05,5aa4244363ebb317d4d07237a51357819655d54eead8ce2fe97c0ff39b12d689
31,target_mark_collapse,crome,NONRECOVERABLE,NONIDENTIFIED,INCONCLUSIVE,NONRECOVERABLE,NONIDENTIFIED,INCONCLUSIVE,population_exact,1.0,,,,0.016402625005866867,5aa4244363ebb317d4d07237a51357819655d54eead8ce2fe97c0ff39b12d689
31,target_mark_collapse,naive_boundary,NONRECOVERABLE,NONIDENTIFIED,INCONCLUSIVE,POINT_ESTIMABLE,,,,1.0,1.0006553104666394,0.9418553104666394,1.0594553104666393,6.954200216569006e-05,5aa4244363ebb317d4d07237a51357819655d54eead8ce2fe97c0ff39b12d689
31,target_mark_collapse,ridge,NONRECOVERABLE,NONIDENTIFIED,INCONCLUSIVE,POINT_ESTIMABLE,,,,1.0,0.0,-0.0588,0.0588,1.6666999727021903e-05,5aa4244363ebb317d4d07237a51357819655d54eead8ce2fe97c0ff39b12d689
31,target_mark_collapse,tsvd,NONRECOVERABLE,NONIDENTIFIED,INCONCLUSIVE,POINT_ESTIMABLE,,,,1.0,0.0,-0.0588,0.0588,3.1167000997811556e-05,5aa4244363ebb317d4d07237a51357819655d54eead8ce2fe97c0ff39b12d689
31,rounded_hidden_time,crome,INCONCLUSIVE,UNKNOWN,INCONCLUSIVE,INCONCLUSIVE,UNKNOWN,INCONCLUSIVE,finite_sample_only,1.0,,,,0.007551124996098224,5aa4244363ebb317d4d07237a51357819655d54eead8ce2fe97c0ff39b12d689
31,rounded_hidden_time,naive_boundary,INCONCLUSIVE,UNKNOWN,INCONCLUSIVE,POINT_ESTIMABLE,,,,1.0,0.005541518906013963,-0.05325848109398604,0.06434151890601396,6.0625003243330866e-05,5aa4244363ebb317d4d07237a51357819655d54eead8ce2fe97c0ff39b12d689
31,rounded_hidden_time,ridge,INCONCLUSIVE,UNKNOWN,INCONCLUSIVE,POINT_ESTIMABLE,,,,1.0,0.8853165113396776,0.8265165113396776,0.9441165113396776,1.4583005395252258e-05,5aa4244363ebb317d4d07237a51357819655d54eead8ce2fe97c0ff39b12d689
31,rounded_hidden_time,tsvd,INCONCLUSIVE,UNKNOWN,INCONCLUSIVE,POINT_ESTIMABLE,,,,1.0,0.8855016457749325,0.8267016457749325,0.9443016457749325,3.3875003282446414e-05,5aa4244363ebb317d4d07237a51357819655d54eead8ce2fe97c0ff39b12d689
32,fine_4h,crome,POINT_ESTIMABLE,UNKNOWN,POINT_AT_TAU,POINT_ESTIMABLE,UNKNOWN,POINT_AT_TAU,assumption_conditional,1.0,1.0066982357986862,0.9251064766580446,1.0882899949393279,0.14930425000056857,5aa4244363ebb317d4d07237a51357819655d54eead8ce2fe97c0ff39b12d689
32,fine_4h,naive_boundary,POINT_ESTIMABLE,UNKNOWN,POINT_AT_TAU,POINT_ESTIMABLE,,,,1.0,1.0005107508415823,0.9417107508415823,1.0593107508415822,0.00010750000365078449,5aa4244363ebb317d4d07237a51357819655d54eead8ce2fe97c0ff39b12d689
32,fine_4h,ridge,POINT_ESTIMABLE,UNKNOWN,POINT_AT_TAU,POINT_ESTIMABLE,,,,1.0,0.9996815268740522,0.9408815268740522,1.0584815268740522,1.8124999769497663e-05,5aa4244363ebb317d4d07237a51357819655d54eead8ce2fe97c0ff39b12d689
32,fine_4h,tsvd,POINT_ESTIMABLE,UNKNOWN,POINT_AT_TAU,POINT_ESTIMABLE,,,,1.0,0.9999527223820762,0.9411527223820763,1.0587527223820763,4.3833999370690435e-05,5aa4244363ebb317d4d07237a51357819655d54eead8ce2fe97c0ff39b12d689
32,daily_gap,crome,SET_ESTIMABLE,NONIDENTIFIED,SET,NONRECOVERABLE,NONIDENTIFIED,SET,assumption_conditional,1.0,,0.8652354909102046,1.1738318114702795,0.06226379200234078,5aa4244363ebb317d4d07237a51357819655d54eead8ce2fe97c0ff39b12d689
32,daily_gap,naive_boundary,SET_ESTIMABLE,NONIDENTIFIED,SET,INCONCLUSIVE,,,,1.0,,,,3.1958996260073036e-05,5aa4244363ebb317d4d07237a51357819655d54eead8ce2fe97c0ff39b12d689
32,daily_gap,ridge,SET_ESTIMABLE,NONIDENTIFIED,SET,POINT_ESTIMABLE,,,,1.0,0.0,-0.0588,0.0588,2.9791000997647643e-05,5aa4244363ebb317d4d07237a51357819655d54eead8ce2fe97c0ff39b12d689
32,daily_gap,tsvd,SET_ESTIMABLE,NONIDENTIFIED,SET,POINT_ESTIMABLE,,,,1.0,0.0,-0.0588,0.0588,4.170800093561411e-05,5aa4244363ebb317d4d07237a51357819655d54eead8ce2fe97c0ff39b12d689
32,target_mark_collapse,crome,NONRECOVERABLE,NONIDENTIFIED,INCONCLUSIVE,NONRECOVERABLE,NONIDENTIFIED,INCONCLUSIVE,population_exact,1.0,,,,0.016577957998379134,5aa4244363ebb317d4d07237a51357819655d54eead8ce2fe97c0ff39b12d689
32,target_mark_collapse,naive_boundary,NONRECOVERABLE,NONIDENTIFIED,INCONCLUSIVE,POINT_ESTIMABLE,,,,1.0,1.001544556527465,0.942744556527465,1.060344556527465,7.10420063114725e-05,5aa4244363ebb317d4d07237a51357819655d54eead8ce2fe97c0ff39b12d689
32,target_mark_collapse,ridge,NONRECOVERABLE,NONIDENTIFIED,INCONCLUSIVE,POINT_ESTIMABLE,,,,1.0,0.0,-0.0588,0.0588,1.6250000044237822e-05,5aa4244363ebb317d4d07237a51357819655d54eead8ce2fe97c0ff39b12d689
32,target_mark_collapse,tsvd,NONRECOVERABLE,NONIDENTIFIED,INCONCLUSIVE,POINT_ESTIMABLE,,,,1.0,0.0,-0.0588,0.0588,3.2333002309314907e-05,5aa4244363ebb317d4d07237a51357819655d54eead8ce2fe97c0ff39b12d689
32,rounded_hidden_time,crome,INCONCLUSIVE,UNKNOWN,INCONCLUSIVE,INCONCLUSIVE,UNKNOWN,INCONCLUSIVE,finite_sample_only,1.0,,,,0.007550583999545779,5aa4244363ebb317d4d07237a51357819655d54eead8ce2fe97c0ff39b12d689
32,rounded_hidden_time,naive_boundary,INCONCLUSIVE,UNKNOWN,INCONCLUSIVE,POINT_ESTIMABLE,,,,1.0,1.0072629611494168,0.9484629611494169,1.0660629611494168,8.116700337268412e-05,5aa4244363ebb317d4d07237a51357819655d54eead8ce2fe97c0ff39b12d689
32,rounded_hidden_time,ridge,INCONCLUSIVE,UNKNOWN,INCONCLUSIVE,POINT_ESTIMABLE,,,,1.0,0.8797035301350399,0.8209035301350399,0.9385035301350398,1.4958000974729657e-05,5aa4244363ebb317d4d07237a51357819655d54eead8ce2fe97c0ff39b12d689
32,rounded_hidden_time,tsvd,INCONCLUSIVE,UNKNOWN,INCONCLUSIVE,POINT_ESTIMABLE,,,,1.0,0.8798746304161095,0.8210746304161095,0.9386746304161094,3.554199793143198e-05,5aa4244363ebb317d4d07237a51357819655d54eead8ce2fe97c0ff39b12d689
33,fine_4h,crome,POINT_ESTIMABLE,UNKNOWN,POINT_AT_TAU,POINT_ESTIMABLE,UNKNOWN,POINT_AT_TAU,assumption_conditional,1.0,1.0070149385822282,0.9253676684612335,1.088662208703223,0.1012094170000637,5aa4244363ebb317d4d07237a51357819655d54eead8ce2fe97c0ff39b12d689
33,fine_4h,naive_boundary,POINT_ESTIMABLE,UNKNOWN,POINT_AT_TAU,POINT_ESTIMABLE,,,,1.0,1.0024857685793973,0.9436857685793973,1.0612857685793973,6.275000487221405e-05,5aa4244363ebb317d4d07237a51357819655d54eead8ce2fe97c0ff39b12d689
33,fine_4h,ridge,POINT_ESTIMABLE,UNKNOWN,POINT_AT_TAU,POINT_ESTIMABLE,,,,1.0,0.9963865810822493,0.9375865810822493,1.0551865810822494,1.5165998775046319e-05,5aa4244363ebb317d4d07237a51357819655d54eead8ce2fe97c0ff39b12d689
33,fine_4h,tsvd,POINT_ESTIMABLE,UNKNOWN,POINT_AT_TAU,POINT_ESTIMABLE,,,,1.0,0.9966361128770744,0.9378361128770745,1.0554361128770744,3.541699697962031e-05,5aa4244363ebb317d4d07237a51357819655d54eead8ce2fe97c0ff39b12d689
33,daily_gap,crome,SET_ESTIMABLE,NONIDENTIFIED,SET,NONRECOVERABLE,NONIDENTIFIED,SET,assumption_conditional,1.0,,0.8564223707880223,1.158492600056688,0.06023920799634652,5aa4244363ebb317d4d07237a51357819655d54eead8ce2fe97c0ff39b12d689
33,daily_gap,naive_boundary,SET_ESTIMABLE,NONIDENTIFIED,SET,INCONCLUSIVE,,,,1.0,,,,2.5042005290742964e-05,5aa4244363ebb317d4d07237a51357819655d54eead8ce2fe97c0ff39b12d689
33,daily_gap,ridge,SET_ESTIMABLE,NONIDENTIFIED,SET,POINT_ESTIMABLE,,,,1.0,0.0,-0.0588,0.0588,2.3625005269423127e-05,5aa4244363ebb317d4d07237a51357819655d54eead8ce2fe97c0ff39b12d689
33,daily_gap,tsvd,SET_ESTIMABLE,NONIDENTIFIED,SET,POINT_ESTIMABLE,,,,1.0,0.0,-0.0588,0.0588,3.458299761405215e-05,5aa4244363ebb317d4d07237a51357819655d54eead8ce2fe97c0ff39b12d689
33,target_mark_collapse,crome,NONRECOVERABLE,NONIDENTIFIED,INCONCLUSIVE,NONRECOVERABLE,NONIDENTIFIED,INCONCLUSIVE,population_exact,1.0,,,,0.016467708999698516,5aa4244363ebb317d4d07237a51357819655d54eead8ce2fe97c0ff39b12d689
33,target_mark_collapse,naive_boundary,NONRECOVERABLE,NONIDENTIFIED,INCONCLUSIVE,POINT_ESTIMABLE,,,,1.0,0.9978895236114216,0.9390895236114216,1.0566895236114215,6.608299736399204e-05,5aa4244363ebb317d4d07237a51357819655d54eead8ce2fe97c0ff39b12d689
33,target_mark_collapse,ridge,NONRECOVERABLE,NONIDENTIFIED,INCONCLUSIVE,POINT_ESTIMABLE,,,,1.0,0.0,-0.0588,0.0588,1.5791003534104675e-05,5aa4244363ebb317d4d07237a51357819655d54eead8ce2fe97c0ff39b12d689
33,target_mark_collapse,tsvd,NONRECOVERABLE,NONIDENTIFIED,INCONCLUSIVE,POINT_ESTIMABLE,,,,1.0,0.0,-0.0588,0.0588,3.275000199209899e-05,5aa4244363ebb317d4d07237a51357819655d54eead8ce2fe97c0ff39b12d689
33,rounded_hidden_time,crome,INCONCLUSIVE,UNKNOWN,INCONCLUSIVE,INCONCLUSIVE,UNKNOWN,INCONCLUSIVE,finite_sample_only,1.0,,,,0.007535374999861233,5aa4244363ebb317d4d07237a51357819655d54eead8ce2fe97c0ff39b12d689
33,rounded_hidden_time,naive_boundary,INCONCLUSIVE,UNKNOWN,INCONCLUSIVE,POINT_ESTIMABLE,,,,1.0,1.0052578586200152,0.9464578586200152,1.0640578586200151,7.287500193342566e-05,5aa4244363ebb317d4d07237a51357819655d54eead8ce2fe97c0ff39b12d689
33,rounded_hidden_time,ridge,INCONCLUSIVE,UNKNOWN,INCONCLUSIVE,POINT_ESTIMABLE,,,,1.0,0.8827833541104751,0.8239833541104752,0.9415833541104751,1.4290999388322234e-05,5aa4244363ebb317d4d07237a51357819655d54eead8ce2fe97c0ff39b12d689
33,rounded_hidden_time,tsvd,INCONCLUSIVE,UNKNOWN,INCONCLUSIVE,POINT_ESTIMABLE,,,,1.0,0.8829613731911479,0.8241613731911479,0.9417613731911478,3.358400135766715e-05,5aa4244363ebb317d4d07237a51357819655d54eead8ce2fe97c0ff39b12d689
34,fine_4h,crome,POINT_ESTIMABLE,UNKNOWN,POINT_AT_TAU,POINT_ESTIMABLE,UNKNOWN,POINT_AT_TAU,assumption_conditional,1.0,1.006021929482267,0.9241921149250165,1.0878517440395175,0.09912833300040802,5aa4244363ebb317d4d07237a51357819655d54eead8ce2fe97c0ff39b12d689
34,fine_4h,naive_boundary,POINT_ESTIMABLE,UNKNOWN,POINT_AT_TAU,POINT_ESTIMABLE,,,,1.0,0.9998782049480874,0.9410782049480875,1.0586782049480874,6.483300239779055e-05,5aa4244363ebb317d4d07237a51357819655d54eead8ce2fe97c0ff39b12d689
34,fine_4h,ridge,POINT_ESTIMABLE,UNKNOWN,POINT_AT_TAU,POINT_ESTIMABLE,,,,1.0,1.0032209034905961,0.9444209034905962,1.062020903490596,1.462499494664371e-05,5aa4244363ebb317d4d07237a51357819655d54eead8ce2fe97c0ff39b12d689
34,fine_4h,tsvd,POINT_ESTIMABLE,UNKNOWN,POINT_AT_TAU,POINT_ESTIMABLE,,,,1.0,1.0035198711749764,0.9447198711749765,1.0623198711749764,3.633300366345793e-05,5aa4244363ebb317d4d07237a51357819655d54eead8ce2fe97c0ff39b12d689
34,daily_gap,crome,SET_ESTIMABLE,NONIDENTIFIED,SET,NONRECOVERABLE,NONIDENTIFIED,SET,assumption_conditional,1.0,,0.8593971311326434,1.1447947306955337,0.06379037499573315,5aa4244363ebb317d4d07237a51357819655d54eead8ce2fe97c0ff39b12d689
34,daily_gap,naive_boundary,SET_ESTIMABLE,NONIDENTIFIED,SET,INCONCLUSIVE,,,,1.0,,,,2.4249995476566255e-05,5aa4244363ebb317d4d07237a51357819655d54eead8ce2fe97c0ff39b12d689
34,daily_gap,ridge,SET_ESTIMABLE,NONIDENTIFIED,SET,POINT_ESTIMABLE,,,,1.0,0.0,-0.0588,0.0588,2.1665997337549925e-05,5aa4244363ebb317d4d07237a51357819655d54eead8ce2fe97c0ff39b12d689
34,daily_gap,tsvd,SET_ESTIMABLE,NONIDENTIFIED,SET,POINT_ESTIMABLE,,,,1.0,0.0,-0.0588,0.0588,3.0959003197494894e-05,5aa4244363ebb317d4d07237a51357819655d54eead8ce2fe97c0ff39b12d689
34,target_mark_collapse,crome,NONRECOVERABLE,NONIDENTIFIED,INCONCLUSIVE,NONRECOVERABLE,NONIDENTIFIED,INCONCLUSIVE,population_exact,1.0,,,,0.0163129159991513,5aa4244363ebb317d4d07237a51357819655d54eead8ce2fe97c0ff39b12d689
34,target_mark_collapse,naive_boundary,NONRECOVERABLE,NONIDENTIFIED,INCONCLUSIVE,POINT_ESTIMABLE,,,,1.0,0.9997013623780551,0.9409013623780551,1.058501362378055,6.666599801974371e-05,5aa4244363ebb317d4d07237a51357819655d54eead8ce2fe97c0ff39b12d689
34,target_mark_collapse,ridge,NONRECOVERABLE,NONIDENTIFIED,INCONCLUSIVE,POINT_ESTIMABLE,,,,1.0,0.0,-0.0588,0.0588,1.4834004105068743e-05,5aa4244363ebb317d4d07237a51357819655d54eead8ce2fe97c0ff39b12d689
34,target_mark_collapse,tsvd,NONRECOVERABLE,NONIDENTIFIED,INCONCLUSIVE,POINT_ESTIMABLE,,,,1.0,0.0,-0.0588,0.0588,2.8624999686144292e-05,5aa4244363ebb317d4d07237a51357819655d54eead8ce2fe97c0ff39b12d689
34,rounded_hidden_time,crome,INCONCLUSIVE,UNKNOWN,INCONCLUSIVE,INCONCLUSIVE,UNKNOWN,INCONCLUSIVE,finite_sample_only,1.0,,,,0.007488292001653463,5aa4244363ebb317d4d07237a51357819655d54eead8ce2fe97c0ff39b12d689
34,rounded_hidden_time,naive_boundary,INCONCLUSIVE,UNKNOWN,INCONCLUSIVE,POINT_ESTIMABLE,,,,1.0,1.008972188959492,0.9501721889594921,1.067772188959492,7.233300129882991e-05,5aa4244363ebb317d4d07237a51357819655d54eead8ce2fe97c0ff39b12d689
34,rounded_hidden_time,ridge,INCONCLUSIVE,UNKNOWN,INCONCLUSIVE,POINT_ESTIMABLE,,,,1.0,0.8828704991048733,0.8240704991048733,0.9416704991048732,1.4166995242703706e-05,5aa4244363ebb317d4d07237a51357819655d54eead8ce2fe97c0ff39b12d689
34,rounded_hidden_time,tsvd,INCONCLUSIVE,UNKNOWN,INCONCLUSIVE,POINT_ESTIMABLE,,,,1.0,0.8830471794950255,0.8242471794950256,0.9418471794950255,3.295799979241565e-05,5aa4244363ebb317d4d07237a51357819655d54eead8ce2fe97c0ff39b12d689
35,fine_4h,crome,POINT_ESTIMABLE,UNKNOWN,POINT_AT_TAU,POINT_ESTIMABLE,UNKNOWN,POINT_AT_TAU,assumption_conditional,1.0,1.0080750973067891,0.9264217918940381,1.0897284027195402,0.09834391700132983,5aa4244363ebb317d4d07237a51357819655d54eead8ce2fe97c0ff39b12d689
35,fine_4h,naive_boundary,POINT_ESTIMABLE,UNKNOWN,POINT_AT_TAU,POINT_ESTIMABLE,,,,1.0,1.0032950111449945,0.9444950111449946,1.0620950111449945,5.974999658064917e-05,5aa4244363ebb317d4d07237a51357819655d54eead8ce2fe97c0ff39b12d689
35,fine_4h,ridge,POINT_ESTIMABLE,UNKNOWN,POINT_AT_TAU,POINT_ESTIMABLE,,,,1.0,0.9932802913649555,0.9344802913649556,1.0520802913649556,1.4290999388322234e-05,5aa4244363ebb317d4d07237a51357819655d54eead8ce2fe97c0ff39b12d689
35,fine_4h,tsvd,POINT_ESTIMABLE,UNKNOWN,POINT_AT_TAU,POINT_ESTIMABLE,,,,1.0,0.9935426647984699,0.9347426647984699,1.05234266479847,3.324999852338806e-05,5aa4244363ebb317d4d07237a51357819655d54eead8ce2fe97c0ff39b12d689
35,daily_gap,crome,SET_ESTIMABLE,NONIDENTIFIED,SET,NONRECOVERABLE,NONIDENTIFIED,SET,assumption_conditional,1.0,,0.8678456982211953,1.1198662824174384,0.05896516700158827,5aa4244363ebb317d4d07237a51357819655d54eead8ce2fe97c0ff39b12d689
35,daily_gap,naive_boundary,SET_ESTIMABLE,NONIDENTIFIED,SET,INCONCLUSIVE,,,,1.0,,,,2.2916996385902166e-05,5aa4244363ebb317d4d07237a51357819655d54eead8ce2fe97c0ff39b12d689
35,daily_gap,ridge,SET_ESTIMABLE,NONIDENTIFIED,SET,POINT_ESTIMABLE,,,,1.0,0.0,-0.0588,0.0588,2.0833998860325664e-05,5aa4244363ebb317d4d07237a51357819655d54eead8ce2fe97c0ff39b12d689
35,daily_gap,tsvd,SET_ESTIMABLE,NONIDENTIFIED,SET,POINT_ESTIMABLE,,,,1.0,0.0,-0.0588,0.0588,3.0290997528936714e-05,5aa4244363ebb317d4d07237a51357819655d54eead8ce2fe97c0ff39b12d689
35,target_mark_collapse,crome,NONRECOVERABLE,NONIDENTIFIED,INCONCLUSIVE,NONRECOVERABLE,NONIDENTIFIED,INCONCLUSIVE,population_exact,1.0,,,,0.016299582995998207,5aa4244363ebb317d4d07237a51357819655d54eead8ce2fe97c0ff39b12d689
35,target_mark_collapse,naive_boundary,NONRECOVERABLE,NONIDENTIFIED,INCONCLUSIVE,POINT_ESTIMABLE,,,,1.0,1.0033378887714886,0.9445378887714886,1.0621378887714885,6.933300028322265e-05,5aa4244363ebb317d4d07237a51357819655d54eead8ce2fe97c0ff39b12d689
35,target_mark_collapse,ridge,NONRECOVERABLE,NONIDENTIFIED,INCONCLUSIVE,POINT_ESTIMABLE,,,,1.0,0.0,-0.0588,0.0588,1.4917000953573734e-05,5aa4244363ebb317d4d07237a51357819655d54eead8ce2fe97c0ff39b12d689
35,target_mark_collapse,tsvd,NONRECOVERABLE,NONIDENTIFIED,INCONCLUSIVE,POINT_ESTIMABLE,,,,1.0,0.0,-0.0588,0.0588,3.1124996894504875e-05,5aa4244363ebb317d4d07237a51357819655d54eead8ce2fe97c0ff39b12d689
35,rounded_hidden_time,crome,INCONCLUSIVE,UNKNOWN,INCONCLUSIVE,INCONCLUSIVE,UNKNOWN,INCONCLUSIVE,finite_sample_only,1.0,,,,0.00747241700446466,5aa4244363ebb317d4d07237a51357819655d54eead8ce2fe97c0ff39b12d689
35,rounded_hidden_time,naive_boundary,INCONCLUSIVE,UNKNOWN,INCONCLUSIVE,POINT_ESTIMABLE,,,,1.0,1.005518239543144,0.9467182395431439,1.0643182395431439,7.687500328756869e-05,5aa4244363ebb317d4d07237a51357819655d54eead8ce2fe97c0ff39b12d689
35,rounded_hidden_time,ridge,INCONCLUSIVE,UNKNOWN,INCONCLUSIVE,POINT_ESTIMABLE,,,,1.0,0.8754716625757399,0.81667166257574,0.9342716625757399,1.416700251866132e-05,5aa4244363ebb317d4d07237a51357819655d54eead8ce2fe97c0ff39b12d689
35,rounded_hidden_time,tsvd,INCONCLUSIVE,UNKNOWN,INCONCLUSIVE,POINT_ESTIMABLE,,,,1.0,0.8756705291582098,0.8168705291582098,0.9344705291582097,3.2707997888792306e-05,5aa4244363ebb317d4d07237a51357819655d54eead8ce2fe97c0ff39b12d689
36,fine_4h,crome,POINT_ESTIMABLE,UNKNOWN,POINT_AT_TAU,POINT_ESTIMABLE,UNKNOWN,POINT_AT_TAU,assumption_conditional,1.0,1.006297739628815,0.9240654197903138,1.0885300594673164,0.09472804099641507,5aa4244363ebb317d4d07237a51357819655d54eead8ce2fe97c0ff39b12d689
36,fine_4h,naive_boundary,POINT_ESTIMABLE,UNKNOWN,POINT_AT_TAU,POINT_ESTIMABLE,,,,1.0,0.9988952426386724,0.9400952426386724,1.0576952426386723,5.758299812441692e-05,5aa4244363ebb317d4d07237a51357819655d54eead8ce2fe97c0ff39b12d689
36,fine_4h,ridge,POINT_ESTIMABLE,UNKNOWN,POINT_AT_TAU,POINT_ESTIMABLE,,,,1.0,0.9959809575691737,0.9371809575691737,1.0547809575691738,1.3875003787688911e-05,5aa4244363ebb317d4d07237a51357819655d54eead8ce2fe97c0ff39b12d689
36,fine_4h,tsvd,POINT_ESTIMABLE,UNKNOWN,POINT_AT_TAU,POINT_ESTIMABLE,,,,1.0,0.996249349241607,0.937449349241607,1.055049349241607,3.354199725436047e-05,5aa4244363ebb317d4d07237a51357819655d54eead8ce2fe97c0ff39b12d689
36,daily_gap,crome,SET_ESTIMABLE,NONIDENTIFIED,SET,NONRECOVERABLE,NONIDENTIFIED,SET,assumption_conditional,1.0,,0.8689279034118849,1.1665769245243096,0.06560950000130106,5aa4244363ebb317d4d07237a51357819655d54eead8ce2fe97c0ff39b12d689
36,daily_gap,naive_boundary,SET_ESTIMABLE,NONIDENTIFIED,SET,INCONCLUSIVE,,,,1.0,,,,2.3250002413988113e-05,5aa4244363ebb317d4d07237a51357819655d54eead8ce2fe97c0ff39b12d689
36,daily_gap,ridge,SET_ESTIMABLE,NONIDENTIFIED,SET,POINT_ESTIMABLE,,,,1.0,0.0,-0.0588,0.0588,2.0499996026046574e-05,5aa4244363ebb317d4d07237a51357819655d54eead8ce2fe97c0ff39b12d689
36,daily_gap,tsvd,SET_ESTIMABLE,NONIDENTIFIED,SET,POINT_ESTIMABLE,,,,1.0,0.0,-0.0588,0.0588,3.095799911534414e-05,5aa4244363ebb317d4d07237a51357819655d54eead8ce2fe97c0ff39b12d689
36,target_mark_collapse,crome,NONRECOVERABLE,NONIDENTIFIED,INCONCLUSIVE,NONRECOVERABLE,NONIDENTIFIED,INCONCLUSIVE,population_exact,1.0,,,,0.016383542002586182,5aa4244363ebb317d4d07237a51357819655d54eead8ce2fe97c0ff39b12d689
36,target_mark_collapse,naive_boundary,NONRECOVERABLE,NONIDENTIFIED,INCONCLUSIVE,POINT_ESTIMABLE,,,,1.0,0.9989630327863425,0.9401630327863425,1.0577630327863425,6.691599992336705e-05,5aa4244363ebb317d4d07237a51357819655d54eead8ce2fe97c0ff39b12d689
36,target_mark_collapse,ridge,NONRECOVERABLE,NONIDENTIFIED,INCONCLUSIVE,POINT_ESTIMABLE,,,,1.0,0.0,-0.0588,0.0588,1.4542005374096334e-05,5aa4244363ebb317d4d07237a51357819655d54eead8ce2fe97c0ff39b12d689
36,target_mark_collapse,tsvd,NONRECOVERABLE,NONIDENTIFIED,INCONCLUSIVE,POINT_ESTIMABLE,,,,1.0,0.0,-0.0588,0.0588,2.870900061680004e-05,5aa4244363ebb317d4d07237a51357819655d54eead8ce2fe97c0ff39b12d689
36,rounded_hidden_time,crome,INCONCLUSIVE,UNKNOWN,INCONCLUSIVE,INCONCLUSIVE,UNKNOWN,INCONCLUSIVE,finite_sample_only,1.0,,,,0.007473792000382673,5aa4244363ebb317d4d07237a51357819655d54eead8ce2fe97c0ff39b12d689
36,rounded_hidden_time,naive_boundary,INCONCLUSIVE,UNKNOWN,INCONCLUSIVE,POINT_ESTIMABLE,,,,1.0,1.0050434621335977,0.9462434621335978,1.0638434621335977,7.0416004746221e-05,5aa4244363ebb317d4d07237a51357819655d54eead8ce2fe97c0ff39b12d689
36,rounded_hidden_time,ridge,INCONCLUSIVE,UNKNOWN,INCONCLUSIVE,POINT_ESTIMABLE,,,,1.0,0.8899172319694592,0.8311172319694592,0.9487172319694591,1.4040997484698892e-05,5aa4244363ebb317d4d07237a51357819655d54eead8ce2fe97c0ff39b12d689
36,rounded_hidden_time,tsvd,INCONCLUSIVE,UNKNOWN,INCONCLUSIVE,POINT_ESTIMABLE,,,,1.0,0.8901115786954689,0.8313115786954689,0.9489115786954688,3.154200385324657e-05,5aa4244363ebb317d4d07237a51357819655d54eead8ce2fe97c0ff39b12d689
37,fine_4h,crome,POINT_ESTIMABLE,UNKNOWN,POINT_AT_TAU,POINT_ESTIMABLE,UNKNOWN,POINT_AT_TAU,assumption_conditional,1.0,1.0043818632970067,0.9224195339148902,1.0863441926791233,0.09424125000077765,5aa4244363ebb317d4d07237a51357819655d54eead8ce2fe97c0ff39b12d689
37,fine_4h,naive_boundary,POINT_ESTIMABLE,UNKNOWN,POINT_AT_TAU,POINT_ESTIMABLE,,,,1.0,0.9978985554389259,0.939098555438926,1.0566985554389259,6.004200258757919e-05,5aa4244363ebb317d4d07237a51357819655d54eead8ce2fe97c0ff39b12d689
37,fine_4h,ridge,POINT_ESTIMABLE,UNKNOWN,POINT_AT_TAU,POINT_ESTIMABLE,,,,1.0,1.0081109966832884,0.9493109966832884,1.0669109966832884,1.412499841535464e-05,5aa4244363ebb317d4d07237a51357819655d54eead8ce2fe97c0ff39b12d689
37,fine_4h,tsvd,POINT_ESTIMABLE,UNKNOWN,POINT_AT_TAU,POINT_ESTIMABLE,,,,1.0,1.0083812429748824,0.9495812429748824,1.0671812429748824,3.416600520722568e-05,5aa4244363ebb317d4d07237a51357819655d54eead8ce2fe97c0ff39b12d689
37,daily_gap,crome,SET_ESTIMABLE,NONIDENTIFIED,SET,NONRECOVERABLE,NONIDENTIFIED,SET,assumption_conditional,1.0,,0.869304032932778,1.1600981197645213,0.06513312500464963,5aa4244363ebb317d4d07237a51357819655d54eead8ce2fe97c0ff39b12d689
37,daily_gap,naive_boundary,SET_ESTIMABLE,NONIDENTIFIED,SET,INCONCLUSIVE,,,,1.0,,,,3.245800326112658e-05,5aa4244363ebb317d4d07237a51357819655d54eead8ce2fe97c0ff39b12d689
37,daily_gap,ridge,SET_ESTIMABLE,NONIDENTIFIED,SET,POINT_ESTIMABLE,,,,1.0,0.0,-0.0588,0.0588,2.7374997443985194e-05,5aa4244363ebb317d4d07237a51357819655d54eead8ce2fe97c0ff39b12d689
37,daily_gap,tsvd,SET_ESTIMABLE,NONIDENTIFIED,SET,POINT_ESTIMABLE,,,,1.0,0.0,-0.0588,0.0588,3.633400046965107e-05,5aa4244363ebb317d4d07237a51357819655d54eead8ce2fe97c0ff39b12d689
37,target_mark_collapse,crome,NONRECOVERABLE,NONIDENTIFIED,INCONCLUSIVE,NONRECOVERABLE,NONIDENTIFIED,INCONCLUSIVE,population_exact,1.0,,,,0.016540874996280763,5aa4244363ebb317d4d07237a51357819655d54eead8ce2fe97c0ff39b12d689
37,target_mark_collapse,naive_boundary,NONRECOVERABLE,NONIDENTIFIED,INCONCLUSIVE,POINT_ESTIMABLE,,,,1.0,0.9964432434241696,0.9376432434241696,1.0552432434241696,6.695800402667373e-05,5aa4244363ebb317d4d07237a51357819655d54eead8ce2fe97c0ff39b12d689
37,target_mark_collapse,ridge,NONRECOVERABLE,NONIDENTIFIED,INCONCLUSIVE,POINT_ESTIMABLE,,,,1.0,0.0,-0.0588,0.0588,1.562500256113708e-05,5aa4244363ebb317d4d07237a51357819655d54eead8ce2fe97c0ff39b12d689
37,target_mark_collapse,tsvd,NONRECOVERABLE,NONIDENTIFIED,INCONCLUSIVE,POINT_ESTIMABLE,,,,1.0,0.0,-0.0588,0.0588,3.120800101896748e-05,5aa4244363ebb317d4d07237a51357819655d54eead8ce2fe97c0ff39b12d689
37,rounded_hidden_time,crome,INCONCLUSIVE,UNKNOWN,INCONCLUSIVE,INCONCLUSIVE,UNKNOWN,INCONCLUSIVE,finite_sample_only,1.0,,,,0.007528999994974583,5aa4244363ebb317d4d07237a51357819655d54eead8ce2fe97c0ff39b12d689
37,rounded_hidden_time,naive_boundary,INCONCLUSIVE,UNKNOWN,INCONCLUSIVE,POINT_ESTIMABLE,,,,1.0,1.0060348923534863,0.9472348923534863,1.0648348923534863,7.2750000981614e-05,5aa4244363ebb317d4d07237a51357819655d54eead8ce2fe97c0ff39b12d689
37,rounded_hidden_time,ridge,INCONCLUSIVE,UNKNOWN,INCONCLUSIVE,POINT_ESTIMABLE,,,,1.0,0.8875354341374802,0.8287354341374802,0.9463354341374801,1.3666001905221492e-05,5aa4244363ebb317d4d07237a51357819655d54eead8ce2fe97c0ff39b12d689
37,rounded_hidden_time,tsvd,INCONCLUSIVE,UNKNOWN,INCONCLUSIVE,POINT_ESTIMABLE,,,,1.0,0.8877369656490871,0.8289369656490871,0.9465369656490871,3.2582996936980635e-05,5aa4244363ebb317d4d07237a51357819655d54eead8ce2fe97c0ff39b12d689
38,fine_4h,crome,POINT_ESTIMABLE,UNKNOWN,POINT_AT_TAU,POINT_ESTIMABLE,UNKNOWN,POINT_AT_TAU,assumption_conditional,1.0,1.007324000540617,0.9252865030379012,1.0893614980433328,0.0931487499983632,5aa4244363ebb317d4d07237a51357819655d54eead8ce2fe97c0ff39b12d689
38,fine_4h,naive_boundary,POINT_ESTIMABLE,UNKNOWN,POINT_AT_TAU,POINT_ESTIMABLE,,,,1.0,1.0047057008710636,0.9459057008710636,1.0635057008710636,6.362499698298052e-05,5aa4244363ebb317d4d07237a51357819655d54eead8ce2fe97c0ff39b12d689
38,fine_4h,ridge,POINT_ESTIMABLE,UNKNOWN,POINT_AT_TAU,POINT_ESTIMABLE,,,,1.0,1.004548951556761,0.945748951556761,1.063348951556761,1.5083001926541328e-05,5aa4244363ebb317d4d07237a51357819655d54eead8ce2fe97c0ff39b12d689
38,fine_4h,tsvd,POINT_ESTIMABLE,UNKNOWN,POINT_AT_TAU,POINT_ESTIMABLE,,,,1.0,1.0048138713345327,0.9460138713345327,1.0636138713345327,3.687499702209607e-05,5aa4244363ebb317d4d07237a51357819655d54eead8ce2fe97c0ff39b12d689
38,daily_gap,crome,SET_ESTIMABLE,NONIDENTIFIED,SET,NONRECOVERABLE,NONIDENTIFIED,SET,assumption_conditional,1.0,,0.8547200995538586,1.1491828492761422,0.059234082997136284,5aa4244363ebb317d4d07237a51357819655d54eead8ce2fe97c0ff39b12d689
38,daily_gap,naive_boundary,SET_ESTIMABLE,NONIDENTIFIED,SET,INCONCLUSIVE,,,,1.0,,,,2.2209002054296434e-05,5aa4244363ebb317d4d07237a51357819655d54eead8ce2fe97c0ff39b12d689
38,daily_gap,ridge,SET_ESTIMABLE,NONIDENTIFIED,SET,POINT_ESTIMABLE,,,,1.0,0.0,-0.0588,0.0588,2.1708001440856606e-05,5aa4244363ebb317d4d07237a51357819655d54eead8ce2fe97c0ff39b12d689
38,daily_gap,tsvd,SET_ESTIMABLE,NONIDENTIFIED,SET,POINT_ESTIMABLE,,,,1.0,0.0,-0.0588,0.0588,3.087500226683915e-05,5aa4244363ebb317d4d07237a51357819655d54eead8ce2fe97c0ff39b12d689
38,target_mark_collapse,crome,NONRECOVERABLE,NONIDENTIFIED,INCONCLUSIVE,NONRECOVERABLE,NONIDENTIFIED,INCONCLUSIVE,population_exact,1.0,,,,0.016481624996231403,5aa4244363ebb317d4d07237a51357819655d54eead8ce2fe97c0ff39b12d689
38,target_mark_collapse,naive_boundary,NONRECOVERABLE,NONIDENTIFIED,INCONCLUSIVE,POINT_ESTIMABLE,,,,1.0,0.997594475028326,0.938794475028326,1.056394475028326,6.970799586270005e-05,5aa4244363ebb317d4d07237a51357819655d54eead8ce2fe97c0ff39b12d689
38,target_mark_collapse,ridge,NONRECOVERABLE,NONIDENTIFIED,INCONCLUSIVE,POINT_ESTIMABLE,,,,1.0,0.0,-0.0588,0.0588,1.5458004781976342e-05,5aa4244363ebb317d4d07237a51357819655d54eead8ce2fe97c0ff39b12d689
38,target_mark_collapse,tsvd,NONRECOVERABLE,NONIDENTIFIED,INCONCLUSIVE,POINT_ESTIMABLE,,,,1.0,0.0,-0.0588,0.0588,2.941599814221263e-05,5aa4244363ebb317d4d07237a51357819655d54eead8ce2fe97c0ff39b12d689
38,rounded_hidden_time,crome,INCONCLUSIVE,UNKNOWN,INCONCLUSIVE,INCONCLUSIVE,UNKNOWN,INCONCLUSIVE,finite_sample_only,1.0,,,,0.007524291999288835,5aa4244363ebb317d4d07237a51357819655d54eead8ce2fe97c0ff39b12d689
38,rounded_hidden_time,naive_boundary,INCONCLUSIVE,UNKNOWN,INCONCLUSIVE,POINT_ESTIMABLE,,,,1.0,1.0036587023642733,0.9448587023642734,1.0624587023642733,7.533300231443718e-05,5aa4244363ebb317d4d07237a51357819655d54eead8ce2fe97c0ff39b12d689
38,rounded_hidden_time,ridge,INCONCLUSIVE,UNKNOWN,INCONCLUSIVE,POINT_ESTIMABLE,,,,1.0,0.8793892530153473,0.8205892530153474,0.9381892530153473,1.595900539541617e-05,5aa4244363ebb317d4d07237a51357819655d54eead8ce2fe97c0ff39b12d689
38,rounded_hidden_time,tsvd,INCONCLUSIVE,UNKNOWN,INCONCLUSIVE,POINT_ESTIMABLE,,,,1.0,0.8795554410254273,0.8207554410254273,0.9383554410254272,3.258400101913139e-05,5aa4244363ebb317d4d07237a51357819655d54eead8ce2fe97c0ff39b12d689
39,fine_4h,crome,POINT_ESTIMABLE,UNKNOWN,POINT_AT_TAU,POINT_ESTIMABLE,UNKNOWN,POINT_AT_TAU,assumption_conditional,1.0,1.0077566788166787,0.9260408370976384,1.0894725205357192,0.09744274999684421,5aa4244363ebb317d4d07237a51357819655d54eead8ce2fe97c0ff39b12d689
39,fine_4h,naive_boundary,POINT_ESTIMABLE,UNKNOWN,POINT_AT_TAU,POINT_ESTIMABLE,,,,1.0,1.0032350032481918,0.9444350032481919,1.0620350032481918,5.820799560751766e-05,5aa4244363ebb317d4d07237a51357819655d54eead8ce2fe97c0ff39b12d689
39,fine_4h,ridge,POINT_ESTIMABLE,UNKNOWN,POINT_AT_TAU,POINT_ESTIMABLE,,,,1.0,1.0105617981420127,0.9517617981420128,1.0693617981420127,1.424999936716631e-05,5aa4244363ebb317d4d07237a51357819655d54eead8ce2fe97c0ff39b12d689
39,fine_4h,tsvd,POINT_ESTIMABLE,UNKNOWN,POINT_AT_TAU,POINT_ESTIMABLE,,,,1.0,1.0108139015122233,0.9520139015122233,1.0696139015122232,3.545900108292699e-05,5aa4244363ebb317d4d07237a51357819655d54eead8ce2fe97c0ff39b12d689
39,daily_gap,crome,SET_ESTIMABLE,NONIDENTIFIED,SET,NONRECOVERABLE,NONIDENTIFIED,SET,assumption_conditional,1.0,,0.8705112628429188,1.137482108477282,0.06039533299917821,5aa4244363ebb317d4d07237a51357819655d54eead8ce2fe97c0ff39b12d689
39,daily_gap,naive_boundary,SET_ESTIMABLE,NONIDENTIFIED,SET,INCONCLUSIVE,,,,1.0,,,,2.383300306973979e-05,5aa4244363ebb317d4d07237a51357819655d54eead8ce2fe97c0ff39b12d689
39,daily_gap,ridge,SET_ESTIMABLE,NONIDENTIFIED,SET,POINT_ESTIMABLE,,,,1.0,0.0,-0.0588,0.0588,2.1833002392668277e-05,5aa4244363ebb317d4d07237a51357819655d54eead8ce2fe97c0ff39b12d689
39,daily_gap,tsvd,SET_ESTIMABLE,NONIDENTIFIED,SET,POINT_ESTIMABLE,,,,1.0,0.0,-0.0588,0.0588,3.1084004149306566e-05,5aa4244363ebb317d4d07237a51357819655d54eead8ce2fe97c0ff39b12d689
39,target_mark_collapse,crome,NONRECOVERABLE,NONIDENTIFIED,INCONCLUSIVE,NONRECOVERABLE,NONIDENTIFIED,INCONCLUSIVE,population_exact,1.0,,,,0.01633116700395476,5aa4244363ebb317d4d07237a51357819655d54eead8ce2fe97c0ff39b12d689
39,target_mark_collapse,naive_boundary,NONRECOVERABLE,NONIDENTIFIED,INCONCLUSIVE,POINT_ESTIMABLE,,,,1.0,0.9974466782110231,0.9386466782110231,1.0562466782110231,6.579200271517038e-05,5aa4244363ebb317d4d07237a51357819655d54eead8ce2fe97c0ff39b12d689
39,target_mark_collapse,ridge,NONRECOVERABLE,NONIDENTIFIED,INCONCLUSIVE,POINT_ESTIMABLE,,,,1.0,0.0,-0.0588,0.0588,1.570799940964207e-05,5aa4244363ebb317d4d07237a51357819655d54eead8ce2fe97c0ff39b12d689
39,target_mark_collapse,tsvd,NONRECOVERABLE,NONIDENTIFIED,INCONCLUSIVE,POINT_ESTIMABLE,,,,1.0,0.0,-0.0588,0.0588,2.9416994948405772e-05,5aa4244363ebb317d4d07237a51357819655d54eead8ce2fe97c0ff39b12d689
39,rounded_hidden_time,crome,INCONCLUSIVE,UNKNOWN,INCONCLUSIVE,INCONCLUSIVE,UNKNOWN,INCONCLUSIVE,finite_sample_only,1.0,,,,0.007550416004960425,5aa4244363ebb317d4d07237a51357819655d54eead8ce2fe97c0ff39b12d689
39,rounded_hidden_time,naive_boundary,INCONCLUSIVE,UNKNOWN,INCONCLUSIVE,POINT_ESTIMABLE,,,,1.0,0.0046236694142443606,-0.05417633058575564,0.06342366941424436,5.699999746866524e-05,5aa4244363ebb317d4d07237a51357819655d54eead8ce2fe97c0ff39b12d689
39,rounded_hidden_time,ridge,INCONCLUSIVE,UNKNOWN,INCONCLUSIVE,POINT_ESTIMABLE,,,,1.0,0.8750116239571532,0.8162116239571532,0.9338116239571531,1.4208999346010387e-05,5aa4244363ebb317d4d07237a51357819655d54eead8ce2fe97c0ff39b12d689
39,rounded_hidden_time,tsvd,INCONCLUSIVE,UNKNOWN,INCONCLUSIVE,POINT_ESTIMABLE,,,,1.0,0.8751985182852084,0.8163985182852085,0.9339985182852084,3.3042000723071396e-05,5aa4244363ebb317d4d07237a51357819655d54eead8ce2fe97c0ff39b12d689
40,fine_4h,crome,POINT_ESTIMABLE,UNKNOWN,POINT_AT_TAU,POINT_ESTIMABLE,UNKNOWN,POINT_AT_TAU,assumption_conditional,1.0,1.006210962822514,0.9245332802128429,1.0878886454321852,0.09862191700085532,5aa4244363ebb317d4d07237a51357819655d54eead8ce2fe97c0ff39b12d689
40,fine_4h,naive_boundary,POINT_ESTIMABLE,UNKNOWN,POINT_AT_TAU,POINT_ESTIMABLE,,,,1.0,1.0017929047099472,0.9429929047099472,1.0605929047099472,6.35839969618246e-05,5aa4244363ebb317d4d07237a51357819655d54eead8ce2fe97c0ff39b12d689
40,fine_4h,ridge,POINT_ESTIMABLE,UNKNOWN,POINT_AT_TAU,POINT_ESTIMABLE,,,,1.0,1.0033410895619514,0.9445410895619515,1.0621410895619514,1.445900124963373e-05,5aa4244363ebb317d4d07237a51357819655d54eead8ce2fe97c0ff39b12d689
40,fine_4h,tsvd,POINT_ESTIMABLE,UNKNOWN,POINT_AT_TAU,POINT_ESTIMABLE,,,,1.0,1.0036218080117363,0.9448218080117363,1.0624218080117362,3.4292002965230495e-05,5aa4244363ebb317d4d07237a51357819655d54eead8ce2fe97c0ff39b12d689
40,daily_gap,crome,SET_ESTIMABLE,NONIDENTIFIED,SET,NONRECOVERABLE,NONIDENTIFIED,SET,assumption_conditional,1.0,,0.8651050482545587,1.1371024233480407,0.0630924579963903,5aa4244363ebb317d4d07237a51357819655d54eead8ce2fe97c0ff39b12d689
40,daily_gap,naive_boundary,SET_ESTIMABLE,NONIDENTIFIED,SET,INCONCLUSIVE,,,,1.0,,,,4.21659933635965e-05,5aa4244363ebb317d4d07237a51357819655d54eead8ce2fe97c0ff39b12d689
40,daily_gap,ridge,SET_ESTIMABLE,NONIDENTIFIED,SET,POINT_ESTIMABLE,,,,1.0,0.0,-0.0588,0.0588,3.095799911534414e-05,5aa4244363ebb317d4d07237a51357819655d54eead8ce2fe97c0ff39b12d689
40,daily_gap,tsvd,SET_ESTIMABLE,NONIDENTIFIED,SET,POINT_ESTIMABLE,,,,1.0,0.0,-0.0588,0.0588,3.9332997403107584e-05,5aa4244363ebb317d4d07237a51357819655d54eead8ce2fe97c0ff39b12d689
40,target_mark_collapse,crome,NONRECOVERABLE,NONIDENTIFIED,INCONCLUSIVE,NONRECOVERABLE,NONIDENTIFIED,INCONCLUSIVE,population_exact,1.0,,,,0.016510708002897445,5aa4244363ebb317d4d07237a51357819655d54eead8ce2fe97c0ff39b12d689
40,target_mark_collapse,naive_boundary,NONRECOVERABLE,NONIDENTIFIED,INCONCLUSIVE,POINT_ESTIMABLE,,,,1.0,1.0017315782622727,0.9429315782622727,1.0605315782622726,7.033399742795154e-05,5aa4244363ebb317d4d07237a51357819655d54eead8ce2fe97c0ff39b12d689
40,target_mark_collapse,ridge,NONRECOVERABLE,NONIDENTIFIED,INCONCLUSIVE,POINT_ESTIMABLE,,,,1.0,0.0,-0.0588,0.0588,1.5166995581239462e-05,5aa4244363ebb317d4d07237a51357819655d54eead8ce2fe97c0ff39b12d689
40,target_mark_collapse,tsvd,NONRECOVERABLE,NONIDENTIFIED,INCONCLUSIVE,POINT_ESTIMABLE,,,,1.0,0.0,-0.0588,0.0588,2.933300129370764e-05,5aa4244363ebb317d4d07237a51357819655d54eead8ce2fe97c0ff39b12d689
40,rounded_hidden_time,crome,INCONCLUSIVE,UNKNOWN,INCONCLUSIVE,INCONCLUSIVE,UNKNOWN,INCONCLUSIVE,finite_sample_only,1.0,,,,0.007430208999721799,5aa4244363ebb317d4d07237a51357819655d54eead8ce2fe97c0ff39b12d689
40,rounded_hidden_time,naive_boundary,INCONCLUSIVE,UNKNOWN,INCONCLUSIVE,POINT_ESTIMABLE,,,,1.0,0.00441613075254383,-0.05438386924745617,0.06321613075254383,5.9167003200855106e-05,5aa4244363ebb317d4d07237a51357819655d54eead8ce2fe97c0ff39b12d689
40,rounded_hidden_time,ridge,INCONCLUSIVE,UNKNOWN,INCONCLUSIVE,POINT_ESTIMABLE,,,,1.0,0.8738243772785294,0.8150243772785294,0.9326243772785293,1.4749995898455381e-05,5aa4244363ebb317d4d07237a51357819655d54eead8ce2fe97c0ff39b12d689
40,rounded_hidden_time,tsvd,INCONCLUSIVE,UNKNOWN,INCONCLUSIVE,POINT_ESTIMABLE,,,,1.0,0.8740205871327072,0.8152205871327073,0.9328205871327072,3.2791998819448054e-05,5aa4244363ebb317d4d07237a51357819655d54eead8ce2fe97c0ff39b12d689
41,fine_4h,crome,POINT_ESTIMABLE,UNKNOWN,POINT_AT_TAU,POINT_ESTIMABLE,UNKNOWN,POINT_AT_TAU,assumption_conditional,1.0,1.004780862345939,0.9229430561391937,1.0866186685526844,0.09934320900356397,5aa4244363ebb317d4d07237a51357819655d54eead8ce2fe97c0ff39b12d689
41,fine_4h,naive_boundary,POINT_ESTIMABLE,UNKNOWN,POINT_AT_TAU,POINT_ESTIMABLE,,,,1.0,0.9976268804710277,0.9388268804710277,1.0564268804710277,6.149999535409734e-05,5aa4244363ebb317d4d07237a51357819655d54eead8ce2fe97c0ff39b12d689
41,fine_4h,ridge,POINT_ESTIMABLE,UNKNOWN,POINT_AT_TAU,POINT_ESTIMABLE,,,,1.0,1.0009833377542765,0.9421833377542765,1.0597833377542765,1.4625002222601324e-05,5aa4244363ebb317d4d07237a51357819655d54eead8ce2fe97c0ff39b12d689
41,fine_4h,tsvd,POINT_ESTIMABLE,UNKNOWN,POINT_AT_TAU,POINT_ESTIMABLE,,,,1.0,1.0012560757264752,0.9424560757264753,1.0600560757264752,3.216700133634731e-05,5aa4244363ebb317d4d07237a51357819655d54eead8ce2fe97c0ff39b12d689
41,daily_gap,crome,SET_ESTIMABLE,NONIDENTIFIED,SET,NONRECOVERABLE,NONIDENTIFIED,SET,assumption_conditional,1.0,,0.8642182422789934,1.155858088752253,0.062425208001513965,5aa4244363ebb317d4d07237a51357819655d54eead8ce2fe97c0ff39b12d689
41,daily_gap,naive_boundary,SET_ESTIMABLE,NONIDENTIFIED,SET,INCONCLUSIVE,,,,1.0,,,,2.4249995476566255e-05,5aa4244363ebb317d4d07237a51357819655d54eead8ce2fe97c0ff39b12d689
41,daily_gap,ridge,SET_ESTIMABLE,NONIDENTIFIED,SET,POINT_ESTIMABLE,,,,1.0,0.0,-0.0588,0.0588,2.2000000171829015e-05,5aa4244363ebb317d4d07237a51357819655d54eead8ce2fe97c0ff39b12d689
41,daily_gap,tsvd,SET_ESTIMABLE,NONIDENTIFIED,SET,POINT_ESTIMABLE,,,,1.0,0.0,-0.0588,0.0588,3.1124996894504875e-05,5aa4244363ebb317d4d07237a51357819655d54eead8ce2fe97c0ff39b12d689
41,target_mark_collapse,crome,NONRECOVERABLE,NONIDENTIFIED,INCONCLUSIVE,NONRECOVERABLE,NONIDENTIFIED,INCONCLUSIVE,population_exact,1.0,,,,0.016534417001821566,5aa4244363ebb317d4d07237a51357819655d54eead8ce2fe97c0ff39b12d689
41,target_mark_collapse,naive_boundary,NONRECOVERABLE,NONIDENTIFIED,INCONCLUSIVE,POINT_ESTIMABLE,,,,1.0,1.0001257936566441,0.9413257936566441,1.058925793656644,6.775000656489283e-05,5aa4244363ebb317d4d07237a51357819655d54eead8ce2fe97c0ff39b12d689
41,target_mark_collapse,ridge,NONRECOVERABLE,NONIDENTIFIED,INCONCLUSIVE,POINT_ESTIMABLE,,,,1.0,0.0,-0.0588,0.0588,1.4749995898455381e-05,5aa4244363ebb317d4d07237a51357819655d54eead8ce2fe97c0ff39b12d689
41,target_mark_collapse,tsvd,NONRECOVERABLE,NONIDENTIFIED,INCONCLUSIVE,POINT_ESTIMABLE,,,,1.0,0.0,-0.0588,0.0588,2.8458001906983554e-05,5aa4244363ebb317d4d07237a51357819655d54eead8ce2fe97c0ff39b12d689
41,rounded_hidden_time,crome,INCONCLUSIVE,UNKNOWN,INCONCLUSIVE,INCONCLUSIVE,UNKNOWN,INCONCLUSIVE,finite_sample_only,1.0,,,,0.007575874995382037,5aa4244363ebb317d4d07237a51357819655d54eead8ce2fe97c0ff39b12d689
41,rounded_hidden_time,naive_boundary,INCONCLUSIVE,UNKNOWN,INCONCLUSIVE,POINT_ESTIMABLE,,,,1.0,1.0060743665368794,0.9472743665368795,1.0648743665368794,7.558300421806052e-05,5aa4244363ebb317d4d07237a51357819655d54eead8ce2fe97c0ff39b12d689
41,rounded_hidden_time,ridge,INCONCLUSIVE,UNKNOWN,INCONCLUSIVE,POINT_ESTIMABLE,,,,1.0,0.8800653502471519,0.821265350247152,0.9388653502471519,1.4042001566849649e-05,5aa4244363ebb317d4d07237a51357819655d54eead8ce2fe97c0ff39b12d689
41,rounded_hidden_time,tsvd,INCONCLUSIVE,UNKNOWN,INCONCLUSIVE,POINT_ESTIMABLE,,,,1.0,0.8802257396647052,0.8214257396647052,0.9390257396647052,3.229100548196584e-05,5aa4244363ebb317d4d07237a51357819655d54eead8ce2fe97c0ff39b12d689
42,fine_4h,crome,POINT_ESTIMABLE,UNKNOWN,POINT_AT_TAU,POINT_ESTIMABLE,UNKNOWN,POINT_AT_TAU,assumption_conditional,1.0,1.0074326675884797,0.9257842612346306,1.089081073942329,0.10097429199959151,5aa4244363ebb317d4d07237a51357819655d54eead8ce2fe97c0ff39b12d689
42,fine_4h,naive_boundary,POINT_ESTIMABLE,UNKNOWN,POINT_AT_TAU,POINT_ESTIMABLE,,,,1.0,1.0002175808867033,0.9414175808867034,1.0590175808867033,0.00010812500113388523,5aa4244363ebb317d4d07237a51357819655d54eead8ce2fe97c0ff39b12d689
42,fine_4h,ridge,POINT_ESTIMABLE,UNKNOWN,POINT_AT_TAU,POINT_ESTIMABLE,,,,1.0,0.9915648851806016,0.9327648851806016,1.0503648851806016,1.8665996321942657e-05,5aa4244363ebb317d4d07237a51357819655d54eead8ce2fe97c0ff39b12d689
42,fine_4h,tsvd,POINT_ESTIMABLE,UNKNOWN,POINT_AT_TAU,POINT_ESTIMABLE,,,,1.0,0.9918468813850192,0.9330468813850192,1.0506468813850192,4.6250002924352884e-05,5aa4244363ebb317d4d07237a51357819655d54eead8ce2fe97c0ff39b12d689
42,daily_gap,crome,SET_ESTIMABLE,NONIDENTIFIED,SET,NONRECOVERABLE,NONIDENTIFIED,SET,assumption_conditional,1.0,,0.8773996008489874,1.1364032118189578,0.0615339159994619,5aa4244363ebb317d4d07237a51357819655d54eead8ce2fe97c0ff39b12d689
42,daily_gap,naive_boundary,SET_ESTIMABLE,NONIDENTIFIED,SET,INCONCLUSIVE,,,,1.0,,,,4.370800161268562e-05,5aa4244363ebb317d4d07237a51357819655d54eead8ce2fe97c0ff39b12d689
42,daily_gap,ridge,SET_ESTIMABLE,NONIDENTIFIED,SET,POINT_ESTIMABLE,,,,1.0,0.0,-0.0588,0.0588,3.366699820617214e-05,5aa4244363ebb317d4d07237a51357819655d54eead8ce2fe97c0ff39b12d689
42,daily_gap,tsvd,SET_ESTIMABLE,NONIDENTIFIED,SET,POINT_ESTIMABLE,,,,1.0,0.0,-0.0588,0.0588,4.549999721348286e-05,5aa4244363ebb317d4d07237a51357819655d54eead8ce2fe97c0ff39b12d689
42,target_mark_collapse,crome,NONRECOVERABLE,NONIDENTIFIED,INCONCLUSIVE,NONRECOVERABLE,NONIDENTIFIED,INCONCLUSIVE,population_exact,1.0,,,,0.016771000002336223,5aa4244363ebb317d4d07237a51357819655d54eead8ce2fe97c0ff39b12d689
42,target_mark_collapse,naive_boundary,NONRECOVERABLE,NONIDENTIFIED,INCONCLUSIVE,POINT_ESTIMABLE,,,,1.0,0.9995087534366077,0.9407087534366078,1.0583087534366078,7.491699943784624e-05,5aa4244363ebb317d4d07237a51357819655d54eead8ce2fe97c0ff39b12d689
42,target_mark_collapse,ridge,NONRECOVERABLE,NONIDENTIFIED,INCONCLUSIVE,POINT_ESTIMABLE,,,,1.0,0.0,-0.0588,0.0588,1.6500001947861165e-05,5aa4244363ebb317d4d07237a51357819655d54eead8ce2fe97c0ff39b12d689
42,target_mark_collapse,tsvd,NONRECOVERABLE,NONIDENTIFIED,INCONCLUSIVE,POINT_ESTIMABLE,,,,1.0,0.0,-0.0588,0.0588,3.1124996894504875e-05,5aa4244363ebb317d4d07237a51357819655d54eead8ce2fe97c0ff39b12d689
42,rounded_hidden_time,crome,INCONCLUSIVE,UNKNOWN,INCONCLUSIVE,INCONCLUSIVE,UNKNOWN,INCONCLUSIVE,finite_sample_only,1.0,,,,0.0075665839976863936,5aa4244363ebb317d4d07237a51357819655d54eead8ce2fe97c0ff39b12d689
42,rounded_hidden_time,naive_boundary,INCONCLUSIVE,UNKNOWN,INCONCLUSIVE,POINT_ESTIMABLE,,,,1.0,1.0065668363449667,0.9477668363449667,1.0653668363449667,7.76250017224811e-05,5aa4244363ebb317d4d07237a51357819655d54eead8ce2fe97c0ff39b12d689
42,rounded_hidden_time,ridge,INCONCLUSIVE,UNKNOWN,INCONCLUSIVE,POINT_ESTIMABLE,,,,1.0,0.8803641301934784,0.8215641301934784,0.9391641301934783,1.4666002243757248e-05,5aa4244363ebb317d4d07237a51357819655d54eead8ce2fe97c0ff39b12d689
42,rounded_hidden_time,tsvd,INCONCLUSIVE,UNKNOWN,INCONCLUSIVE,POINT_ESTIMABLE,,,,1.0,0.8805247023239001,0.8217247023239002,0.9393247023239001,3.408400516491383e-05,5aa4244363ebb317d4d07237a51357819655d54eead8ce2fe97c0ff39b12d689
43,fine_4h,crome,POINT_ESTIMABLE,UNKNOWN,POINT_AT_TAU,POINT_ESTIMABLE,UNKNOWN,POINT_AT_TAU,assumption_conditional,1.0,1.0060153184124228,0.924012919932545,1.0880177168923006,0.09635291699669324,5aa4244363ebb317d4d07237a51357819655d54eead8ce2fe97c0ff39b12d689
43,fine_4h,naive_boundary,POINT_ESTIMABLE,UNKNOWN,POINT_AT_TAU,POINT_ESTIMABLE,,,,1.0,1.0030361860172265,0.9442361860172266,1.0618361860172265,5.9499994677025825e-05,5aa4244363ebb317d4d07237a51357819655d54eead8ce2fe97c0ff39b12d689
43,fine_4h,ridge,POINT_ESTIMABLE,UNKNOWN,POINT_AT_TAU,POINT_ESTIMABLE,,,,1.0,0.9994019214218033,0.9406019214218033,1.0582019214218032,1.4666999049950391e-05,5aa4244363ebb317d4d07237a51357819655d54eead8ce2fe97c0ff39b12d689
43,fine_4h,tsvd,POINT_ESTIMABLE,UNKNOWN,POINT_AT_TAU,POINT_ESTIMABLE,,,,1.0,0.999691237956151,0.940891237956151,1.058491237956151,3.291600296506658e-05,5aa4244363ebb317d4d07237a51357819655d54eead8ce2fe97c0ff39b12d689
43,daily_gap,crome,SET_ESTIMABLE,NONIDENTIFIED,SET,NONRECOVERABLE,NONIDENTIFIED,SET,assumption_conditional,1.0,,0.8573539146197391,1.1465232205937559,0.05814416600333061,5aa4244363ebb317d4d07237a51357819655d54eead8ce2fe97c0ff39b12d689
43,daily_gap,naive_boundary,SET_ESTIMABLE,NONIDENTIFIED,SET,INCONCLUSIVE,,,,1.0,,,,2.4249995476566255e-05,5aa4244363ebb317d4d07237a51357819655d54eead8ce2fe97c0ff39b12d689
43,daily_gap,ridge,SET_ESTIMABLE,NONIDENTIFIED,SET,POINT_ESTIMABLE,,,,1.0,0.0,-0.0588,0.0588,2.2667001758236438e-05,5aa4244363ebb317d4d07237a51357819655d54eead8ce2fe97c0ff39b12d689
43,daily_gap,tsvd,SET_ESTIMABLE,NONIDENTIFIED,SET,POINT_ESTIMABLE,,,,1.0,0.0,-0.0588,0.0588,3.204200038453564e-05,5aa4244363ebb317d4d07237a51357819655d54eead8ce2fe97c0ff39b12d689
43,target_mark_collapse,crome,NONRECOVERABLE,NONIDENTIFIED,INCONCLUSIVE,NONRECOVERABLE,NONIDENTIFIED,INCONCLUSIVE,population_exact,1.0,,,,0.016614375002973247,5aa4244363ebb317d4d07237a51357819655d54eead8ce2fe97c0ff39b12d689
43,target_mark_collapse,naive_boundary,NONRECOVERABLE,NONIDENTIFIED,INCONCLUSIVE,POINT_ESTIMABLE,,,,1.0,0.9966389216554272,0.9378389216554273,1.0554389216554272,7.370800449280068e-05,5aa4244363ebb317d4d07237a51357819655d54eead8ce2fe97c0ff39b12d689
43,target_mark_collapse,ridge,NONRECOVERABLE,NONIDENTIFIED,INCONCLUSIVE,POINT_ESTIMABLE,,,,1.0,0.0,-0.0588,0.0588,1.5792000340297818e-05,5aa4244363ebb317d4d07237a51357819655d54eead8ce2fe97c0ff39b12d689
43,target_mark_collapse,tsvd,NONRECOVERABLE,NONIDENTIFIED,INCONCLUSIVE,POINT_ESTIMABLE,,,,1.0,0.0,-0.0588,0.0588,3.066699719056487e-05,5aa4244363ebb317d4d07237a51357819655d54eead8ce2fe97c0ff39b12d689
43,rounded_hidden_time,crome,INCONCLUSIVE,UNKNOWN,INCONCLUSIVE,INCONCLUSIVE,UNKNOWN,INCONCLUSIVE,finite_sample_only,1.0,,,,0.0075279160009813495,5aa4244363ebb317d4d07237a51357819655d54eead8ce2fe97c0ff39b12d689
43,rounded_hidden_time,naive_boundary,INCONCLUSIVE,UNKNOWN,INCONCLUSIVE,POINT_ESTIMABLE,,,,1.0,0.007189744522558378,-0.05161025547744162,0.06598974452255837,6.083399784984067e-05,5aa4244363ebb317d4d07237a51357819655d54eead8ce2fe97c0ff39b12d689
43,rounded_hidden_time,ridge,INCONCLUSIVE,UNKNOWN,INCONCLUSIVE,POINT_ESTIMABLE,,,,1.0,0.8847928548273073,0.8259928548273073,0.9435928548273073,1.4416000340133905e-05,5aa4244363ebb317d4d07237a51357819655d54eead8ce2fe97c0ff39b12d689
43,rounded_hidden_time,tsvd,INCONCLUSIVE,UNKNOWN,INCONCLUSIVE,POINT_ESTIMABLE,,,,1.0,0.8849819173355497,0.8261819173355497,0.9437819173355496,3.3291995350737125e-05,5aa4244363ebb317d4d07237a51357819655d54eead8ce2fe97c0ff39b12d689
44,fine_4h,crome,POINT_ESTIMABLE,UNKNOWN,POINT_AT_TAU,POINT_ESTIMABLE,UNKNOWN,POINT_AT_TAU,assumption_conditional,1.0,1.0060059484313273,0.9239014063446718,1.0881104905179828,0.09357799999997951,5aa4244363ebb317d4d07237a51357819655d54eead8ce2fe97c0ff39b12d689
44,fine_4h,naive_boundary,POINT_ESTIMABLE,UNKNOWN,POINT_AT_TAU,POINT_ESTIMABLE,,,,1.0,1.0011097919116072,0.9423097919116072,1.0599097919116072,8.966699533630162e-05,5aa4244363ebb317d4d07237a51357819655d54eead8ce2fe97c0ff39b12d689
44,fine_4h,ridge,POINT_ESTIMABLE,UNKNOWN,POINT_AT_TAU,POINT_ESTIMABLE,,,,1.0,1.003093591220117,0.9442935912201171,1.061893591220117,1.7917001969181e-05,5aa4244363ebb317d4d07237a51357819655d54eead8ce2fe97c0ff39b12d689
44,fine_4h,tsvd,POINT_ESTIMABLE,UNKNOWN,POINT_AT_TAU,POINT_ESTIMABLE,,,,1.0,1.0033666933893248,0.9445666933893249,1.0621666933893248,4.316699778428301e-05,5aa4244363ebb317d4d07237a51357819655d54eead8ce2fe97c0ff39b12d689
44,daily_gap,crome,SET_ESTIMABLE,NONIDENTIFIED,SET,NONRECOVERABLE,NONIDENTIFIED,SET,assumption_conditional,1.0,,0.8671383606140961,1.1572094710731757,0.06475295899872435,5aa4244363ebb317d4d07237a51357819655d54eead8ce2fe97c0ff39b12d689
44,daily_gap,naive_boundary,SET_ESTIMABLE,NONIDENTIFIED,SET,INCONCLUSIVE,,,,1.0,,,,4.1667000914458185e-05,5aa4244363ebb317d4d07237a51357819655d54eead8ce2fe97c0ff39b12d689
44,daily_gap,ridge,SET_ESTIMABLE,NONIDENTIFIED,SET,POINT_ESTIMABLE,,,,1.0,0.0,-0.0588,0.0588,3.216600453015417e-05,5aa4244363ebb317d4d07237a51357819655d54eead8ce2fe97c0ff39b12d689
44,daily_gap,tsvd,SET_ESTIMABLE,NONIDENTIFIED,SET,POINT_ESTIMABLE,,,,1.0,0.0,-0.0588,0.0588,4.104199615539983e-05,5aa4244363ebb317d4d07237a51357819655d54eead8ce2fe97c0ff39b12d689
44,target_mark_collapse,crome,NONRECOVERABLE,NONIDENTIFIED,INCONCLUSIVE,NONRECOVERABLE,NONIDENTIFIED,INCONCLUSIVE,population_exact,1.0,,,,0.016557374998228624,5aa4244363ebb317d4d07237a51357819655d54eead8ce2fe97c0ff39b12d689
44,target_mark_collapse,naive_boundary,NONRECOVERABLE,NONIDENTIFIED,INCONCLUSIVE,POINT_ESTIMABLE,,,,1.0,0.9974284827972475,0.9386284827972475,1.0562284827972475,9.987499652197585e-05,5aa4244363ebb317d4d07237a51357819655d54eead8ce2fe97c0ff39b12d689
44,target_mark_collapse,ridge,NONRECOVERABLE,NONIDENTIFIED,INCONCLUSIVE,POINT_ESTIMABLE,,,,1.0,0.0,-0.0588,0.0588,1.9708000763785094e-05,5aa4244363ebb317d4d07237a51357819655d54eead8ce2fe97c0ff39b12d689
44,target_mark_collapse,tsvd,NONRECOVERABLE,NONIDENTIFIED,INCONCLUSIVE,POINT_ESTIMABLE,,,,1.0,0.0,-0.0588,0.0588,4.287500632926822e-05,5aa4244363ebb317d4d07237a51357819655d54eead8ce2fe97c0ff39b12d689
44,rounded_hidden_time,crome,INCONCLUSIVE,UNKNOWN,INCONCLUSIVE,INCONCLUSIVE,UNKNOWN,INCONCLUSIVE,finite_sample_only,1.0,,,,0.007762208995700348,5aa4244363ebb317d4d07237a51357819655d54eead8ce2fe97c0ff39b12d689
44,rounded_hidden_time,naive_boundary,INCONCLUSIVE,UNKNOWN,INCONCLUSIVE,POINT_ESTIMABLE,,,,1.0,1.006811792313746,0.9480117923137461,1.065611792313746,9.60830002441071e-05,5aa4244363ebb317d4d07237a51357819655d54eead8ce2fe97c0ff39b12d689
44,rounded_hidden_time,ridge,INCONCLUSIVE,UNKNOWN,INCONCLUSIVE,POINT_ESTIMABLE,,,,1.0,0.878020443062993,0.819220443062993,0.936820443062993,1.649999467190355e-05,5aa4244363ebb317d4d07237a51357819655d54eead8ce2fe97c0ff39b12d689
44,rounded_hidden_time,tsvd,INCONCLUSIVE,UNKNOWN,INCONCLUSIVE,POINT_ESTIMABLE,,,,1.0,0.8782155294970087,0.8194155294970087,0.9370155294970086,3.462500171735883e-05,5aa4244363ebb317d4d07237a51357819655d54eead8ce2fe97c0ff39b12d689
45,fine_4h,crome,POINT_ESTIMABLE,UNKNOWN,POINT_AT_TAU,POINT_ESTIMABLE,UNKNOWN,POINT_AT_TAU,assumption_conditional,1.0,1.0060461805218328,0.9237926779337717,1.088299683109894,0.09535154199693352,5aa4244363ebb317d4d07237a51357819655d54eead8ce2fe97c0ff39b12d689
45,fine_4h,naive_boundary,POINT_ESTIMABLE,UNKNOWN,POINT_AT_TAU,POINT_ESTIMABLE,,,,1.0,0.9986877284762055,0.9398877284762055,1.0574877284762054,0.0001059159985743463,5aa4244363ebb317d4d07237a51357819655d54eead8ce2fe97c0ff39b12d689
45,fine_4h,ridge,POINT_ESTIMABLE,UNKNOWN,POINT_AT_TAU,POINT_ESTIMABLE,,,,1.0,1.0049460262186931,0.9461460262186931,1.063746026218693,1.8584003555588424e-05,5aa4244363ebb317d4d07237a51357819655d54eead8ce2fe97c0ff39b12d689
45,fine_4h,tsvd,POINT_ESTIMABLE,UNKNOWN,POINT_AT_TAU,POINT_ESTIMABLE,,,,1.0,1.0052090109206286,0.9464090109206287,1.0640090109206286,4.737500421470031e-05,5aa4244363ebb317d4d07237a51357819655d54eead8ce2fe97c0ff39b12d689
45,daily_gap,crome,SET_ESTIMABLE,NONIDENTIFIED,SET,NONRECOVERABLE,NONIDENTIFIED,SET,assumption_conditional,1.0,,0.8857067743224916,1.1598549267134788,0.06142070799978683,5aa4244363ebb317d4d07237a51357819655d54eead8ce2fe97c0ff39b12d689
45,daily_gap,naive_boundary,SET_ESTIMABLE,NONIDENTIFIED,SET,INCONCLUSIVE,,,,1.0,,,,4.062500374857336e-05,5aa4244363ebb317d4d07237a51357819655d54eead8ce2fe97c0ff39b12d689
45,daily_gap,ridge,SET_ESTIMABLE,NONIDENTIFIED,SET,POINT_ESTIMABLE,,,,1.0,0.0,-0.0588,0.0588,3.254100010963157e-05,5aa4244363ebb317d4d07237a51357819655d54eead8ce2fe97c0ff39b12d689
45,daily_gap,tsvd,SET_ESTIMABLE,NONIDENTIFIED,SET,POINT_ESTIMABLE,,,,1.0,0.0,-0.0588,0.0588,3.9832993934396654e-05,5aa4244363ebb317d4d07237a51357819655d54eead8ce2fe97c0ff39b12d689
45,target_mark_collapse,crome,NONRECOVERABLE,NONIDENTIFIED,INCONCLUSIVE,NONRECOVERABLE,NONIDENTIFIED,INCONCLUSIVE,population_exact,1.0,,,,0.016954665996308904,5aa4244363ebb317d4d07237a51357819655d54eead8ce2fe97c0ff39b12d689
45,target_mark_collapse,naive_boundary,NONRECOVERABLE,NONIDENTIFIED,INCONCLUSIVE,POINT_ESTIMABLE,,,,1.0,1.0007073613043787,0.9419073613043787,1.0595073613043786,0.00010941599612124264,5aa4244363ebb317d4d07237a51357819655d54eead8ce2fe97c0ff39b12d689
45,target_mark_collapse,ridge,NONRECOVERABLE,NONIDENTIFIED,INCONCLUSIVE,POINT_ESTIMABLE,,,,1.0,0.0,-0.0588,0.0588,1.9708000763785094e-05,5aa4244363ebb317d4d07237a51357819655d54eead8ce2fe97c0ff39b12d689
45,target_mark_collapse,tsvd,NONRECOVERABLE,NONIDENTIFIED,INCONCLUSIVE,POINT_ESTIMABLE,,,,1.0,0.0,-0.0588,0.0588,4.749999789055437e-05,5aa4244363ebb317d4d07237a51357819655d54eead8ce2fe97c0ff39b12d689
45,rounded_hidden_time,crome,INCONCLUSIVE,UNKNOWN,INCONCLUSIVE,INCONCLUSIVE,UNKNOWN,INCONCLUSIVE,finite_sample_only,1.0,,,,0.007845374995667953,5aa4244363ebb317d4d07237a51357819655d54eead8ce2fe97c0ff39b12d689
45,rounded_hidden_time,naive_boundary,INCONCLUSIVE,UNKNOWN,INCONCLUSIVE,POINT_ESTIMABLE,,,,1.0,1.0035468713269808,0.9447468713269809,1.0623468713269808,0.00011295799777144566,5aa4244363ebb317d4d07237a51357819655d54eead8ce2fe97c0ff39b12d689
45,rounded_hidden_time,ridge,INCONCLUSIVE,UNKNOWN,INCONCLUSIVE,POINT_ESTIMABLE,,,,1.0,0.8877791126709571,0.8289791126709571,0.9465791126709571,2.0166000467725098e-05,5aa4244363ebb317d4d07237a51357819655d54eead8ce2fe97c0ff39b12d689
45,rounded_hidden_time,tsvd,INCONCLUSIVE,UNKNOWN,INCONCLUSIVE,POINT_ESTIMABLE,,,,1.0,0.8879586449730023,0.8291586449730023,0.9467586449730022,4.325000190874562e-05,5aa4244363ebb317d4d07237a51357819655d54eead8ce2fe97c0ff39b12d689
46,fine_4h,crome,POINT_ESTIMABLE,UNKNOWN,POINT_AT_TAU,POINT_ESTIMABLE,UNKNOWN,POINT_AT_TAU,assumption_conditional,1.0,1.0066018331994089,0.924740955498337,1.0884627109004807,0.0972540420043515,5aa4244363ebb317d4d07237a51357819655d54eead8ce2fe97c0ff39b12d689
46,fine_4h,naive_boundary,POINT_ESTIMABLE,UNKNOWN,POINT_AT_TAU,POINT_ESTIMABLE,,,,1.0,1.003680362987073,0.944880362987073,1.062480362987073,0.00012324999988777563,5aa4244363ebb317d4d07237a51357819655d54eead8ce2fe97c0ff39b12d689
46,fine_4h,ridge,POINT_ESTIMABLE,UNKNOWN,POINT_AT_TAU,POINT_ESTIMABLE,,,,1.0,0.9958218655542871,0.9370218655542871,1.0546218655542872,2.2042004275135696e-05,5aa4244363ebb317d4d07237a51357819655d54eead8ce2fe97c0ff39b12d689
46,fine_4h,tsvd,POINT_ESTIMABLE,UNKNOWN,POINT_AT_TAU,POINT_ESTIMABLE,,,,1.0,0.9960723037900152,0.9372723037900152,1.0548723037900152,4.7708002966828644e-05,5aa4244363ebb317d4d07237a51357819655d54eead8ce2fe97c0ff39b12d689
46,daily_gap,crome,SET_ESTIMABLE,NONIDENTIFIED,SET,NONRECOVERABLE,NONIDENTIFIED,SET,assumption_conditional,1.0,,0.8516164272531548,1.1542425599146735,0.06774112499988405,5aa4244363ebb317d4d07237a51357819655d54eead8ce2fe97c0ff39b12d689
46,daily_gap,naive_boundary,SET_ESTIMABLE,NONIDENTIFIED,SET,INCONCLUSIVE,,,,1.0,,,,4.7041998186614364e-05,5aa4244363ebb317d4d07237a51357819655d54eead8ce2fe97c0ff39b12d689
46,daily_gap,ridge,SET_ESTIMABLE,NONIDENTIFIED,SET,POINT_ESTIMABLE,,,,1.0,0.0,-0.0588,0.0588,3.8499994843732566e-05,5aa4244363ebb317d4d07237a51357819655d54eead8ce2fe97c0ff39b12d689
46,daily_gap,tsvd,SET_ESTIMABLE,NONIDENTIFIED,SET,POINT_ESTIMABLE,,,,1.0,0.0,-0.0588,0.0588,5.366699770092964e-05,5aa4244363ebb317d4d07237a51357819655d54eead8ce2fe97c0ff39b12d689
46,target_mark_collapse,crome,NONRECOVERABLE,NONIDENTIFIED,INCONCLUSIVE,NONRECOVERABLE,NONIDENTIFIED,INCONCLUSIVE,population_exact,1.0,,,,0.01707841699681012,5aa4244363ebb317d4d07237a51357819655d54eead8ce2fe97c0ff39b12d689
46,target_mark_collapse,naive_boundary,NONRECOVERABLE,NONIDENTIFIED,INCONCLUSIVE,POINT_ESTIMABLE,,,,1.0,0.9977334027727611,0.9389334027727612,1.056533402772761,9.237499762093648e-05,5aa4244363ebb317d4d07237a51357819655d54eead8ce2fe97c0ff39b12d689
46,target_mark_collapse,ridge,NONRECOVERABLE,NONIDENTIFIED,INCONCLUSIVE,POINT_ESTIMABLE,,,,1.0,0.0,-0.0588,0.0588,1.9833001715596765e-05,5aa4244363ebb317d4d07237a51357819655d54eead8ce2fe97c0ff39b12d689
46,target_mark_collapse,tsvd,NONRECOVERABLE,NONIDENTIFIED,INCONCLUSIVE,POINT_ESTIMABLE,,,,1.0,0.0,-0.0588,0.0588,3.916699643013999e-05,5aa4244363ebb317d4d07237a51357819655d54eead8ce2fe97c0ff39b12d689
46,rounded_hidden_time,crome,INCONCLUSIVE,UNKNOWN,INCONCLUSIVE,INCONCLUSIVE,UNKNOWN,INCONCLUSIVE,finite_sample_only,1.0,,,,0.007636750000528991,5aa4244363ebb317d4d07237a51357819655d54eead8ce2fe97c0ff39b12d689
46,rounded_hidden_time,naive_boundary,INCONCLUSIVE,UNKNOWN,INCONCLUSIVE,POINT_ESTIMABLE,,,,1.0,1.0062754768826023,0.9474754768826024,1.0650754768826023,7.90410049376078e-05,5aa4244363ebb317d4d07237a51357819655d54eead8ce2fe97c0ff39b12d689
46,rounded_hidden_time,ridge,INCONCLUSIVE,UNKNOWN,INCONCLUSIVE,POINT_ESTIMABLE,,,,1.0,0.8850140318585388,0.8262140318585388,0.9438140318585387,1.5666999388486147e-05,5aa4244363ebb317d4d07237a51357819655d54eead8ce2fe97c0ff39b12d689
46,rounded_hidden_time,tsvd,INCONCLUSIVE,UNKNOWN,INCONCLUSIVE,POINT_ESTIMABLE,,,,1.0,0.8852094526908203,0.8264094526908203,0.9440094526908203,3.362500137882307e-05,5aa4244363ebb317d4d07237a51357819655d54eead8ce2fe97c0ff39b12d689
47,fine_4h,crome,POINT_ESTIMABLE,UNKNOWN,POINT_AT_TAU,POINT_ESTIMABLE,UNKNOWN,POINT_AT_TAU,assumption_conditional,1.0,1.0038587737350426,0.9222855021322729,1.0854320453378123,0.10186595899722306,5aa4244363ebb317d4d07237a51357819655d54eead8ce2fe97c0ff39b12d689
47,fine_4h,naive_boundary,POINT_ESTIMABLE,UNKNOWN,POINT_AT_TAU,POINT_ESTIMABLE,,,,1.0,0.9973247350009757,0.9385247350009758,1.0561247350009757,0.0001245420062332414,5aa4244363ebb317d4d07237a51357819655d54eead8ce2fe97c0ff39b12d689
47,fine_4h,ridge,POINT_ESTIMABLE,UNKNOWN,POINT_AT_TAU,POINT_ESTIMABLE,,,,1.0,0.9950515214347022,0.9362515214347022,1.0538515214347022,2.1457999537233263e-05,5aa4244363ebb317d4d07237a51357819655d54eead8ce2fe97c0ff39b12d689
47,fine_4h,tsvd,POINT_ESTIMABLE,UNKNOWN,POINT_AT_TAU,POINT_ESTIMABLE,,,,1.0,0.9952843311453563,0.9364843311453563,1.0540843311453563,5.3916999604552984e-05,5aa4244363ebb317d4d07237a51357819655d54eead8ce2fe97c0ff39b12d689
47,daily_gap,crome,SET_ESTIMABLE,NONIDENTIFIED,SET,NONRECOVERABLE,NONIDENTIFIED,SET,assumption_conditional,1.0,,0.8685986248332911,1.161839201643082,0.06674608300090767,5aa4244363ebb317d4d07237a51357819655d54eead8ce2fe97c0ff39b12d689
47,daily_gap,naive_boundary,SET_ESTIMABLE,NONIDENTIFIED,SET,INCONCLUSIVE,,,,1.0,,,,4.4749998778570443e-05,5aa4244363ebb317d4d07237a51357819655d54eead8ce2fe97c0ff39b12d689
47,daily_gap,ridge,SET_ESTIMABLE,NONIDENTIFIED,SET,POINT_ESTIMABLE,,,,1.0,0.0,-0.0588,0.0588,3.687500429805368e-05,5aa4244363ebb317d4d07237a51357819655d54eead8ce2fe97c0ff39b12d689
47,daily_gap,tsvd,SET_ESTIMABLE,NONIDENTIFIED,SET,POINT_ESTIMABLE,,,,1.0,0.0,-0.0588,0.0588,4.774999979417771e-05,5aa4244363ebb317d4d07237a51357819655d54eead8ce2fe97c0ff39b12d689
47,target_mark_collapse,crome,NONRECOVERABLE,NONIDENTIFIED,INCONCLUSIVE,NONRECOVERABLE,NONIDENTIFIED,INCONCLUSIVE,population_exact,1.0,,,,0.01675575000263052,5aa4244363ebb317d4d07237a51357819655d54eead8ce2fe97c0ff39b12d689
47,target_mark_collapse,naive_boundary,NONRECOVERABLE,NONIDENTIFIED,INCONCLUSIVE,POINT_ESTIMABLE,,,,1.0,0.9988938716182691,0.9400938716182692,1.057693871618269,7.883400394348428e-05,5aa4244363ebb317d4d07237a51357819655d54eead8ce2fe97c0ff39b12d689
47,target_mark_collapse,ridge,NONRECOVERABLE,NONIDENTIFIED,INCONCLUSIVE,POINT_ESTIMABLE,,,,1.0,0.0,-0.0588,0.0588,1.716599945211783e-05,5aa4244363ebb317d4d07237a51357819655d54eead8ce2fe97c0ff39b12d689
47,target_mark_collapse,tsvd,NONRECOVERABLE,NONIDENTIFIED,INCONCLUSIVE,POINT_ESTIMABLE,,,,1.0,0.0,-0.0588,0.0588,3.2333002309314907e-05,5aa4244363ebb317d4d07237a51357819655d54eead8ce2fe97c0ff39b12d689
47,rounded_hidden_time,crome,INCONCLUSIVE,UNKNOWN,INCONCLUSIVE,INCONCLUSIVE,UNKNOWN,INCONCLUSIVE,finite_sample_only,1.0,,,,0.007527583002229221,5aa4244363ebb317d4d07237a51357819655d54eead8ce2fe97c0ff39b12d689
47,rounded_hidden_time,naive_boundary,INCONCLUSIVE,UNKNOWN,INCONCLUSIVE,POINT_ESTIMABLE,,,,1.0,1.0053820832890257,0.9465820832890257,1.0641820832890256,7.812499825377017e-05,5aa4244363ebb317d4d07237a51357819655d54eead8ce2fe97c0ff39b12d689
47,rounded_hidden_time,ridge,INCONCLUSIVE,UNKNOWN,INCONCLUSIVE,POINT_ESTIMABLE,,,,1.0,0.887152423514403,0.8283524235144031,0.945952423514403,1.575000351294875e-05,5aa4244363ebb317d4d07237a51357819655d54eead8ce2fe97c0ff39b12d689
47,rounded_hidden_time,tsvd,INCONCLUSIVE,UNKNOWN,INCONCLUSIVE,POINT_ESTIMABLE,,,,1.0,0.8873202707647148,0.8285202707647148,0.9461202707647147,3.504099731799215e-05,5aa4244363ebb317d4d07237a51357819655d54eead8ce2fe97c0ff39b12d689
48,fine_4h,crome,POINT_ESTIMABLE,UNKNOWN,POINT_AT_TAU,POINT_ESTIMABLE,UNKNOWN,POINT_AT_TAU,assumption_conditional,1.0,1.0089605169065747,0.9272619018948847,1.0906591319182648,0.15611858299962478,5aa4244363ebb317d4d07237a51357819655d54eead8ce2fe97c0ff39b12d689
48,fine_4h,naive_boundary,POINT_ESTIMABLE,UNKNOWN,POINT_AT_TAU,POINT_ESTIMABLE,,,,1.0,1.0038866094045105,0.9450866094045105,1.0626866094045104,0.00012929199874633923,5aa4244363ebb317d4d07237a51357819655d54eead8ce2fe97c0ff39b12d689
48,fine_4h,ridge,POINT_ESTIMABLE,UNKNOWN,POINT_AT_TAU,POINT_ESTIMABLE,,,,1.0,1.0041981698855673,0.9453981698855674,1.0629981698855673,2.2125001123640686e-05,5aa4244363ebb317d4d07237a51357819655d54eead8ce2fe97c0ff39b12d689
48,fine_4h,tsvd,POINT_ESTIMABLE,UNKNOWN,POINT_AT_TAU,POINT_ESTIMABLE,,,,1.0,1.0044662981114834,0.9456662981114834,1.0632662981114833,5.775000317953527e-05,5aa4244363ebb317d4d07237a51357819655d54eead8ce2fe97c0ff39b12d689
48,daily_gap,crome,SET_ESTIMABLE,NONIDENTIFIED,SET,NONRECOVERABLE,NONIDENTIFIED,SET,assumption_conditional,1.0,,0.8757804809775896,1.1407479129996996,0.060945333003473934,5aa4244363ebb317d4d07237a51357819655d54eead8ce2fe97c0ff39b12d689
48,daily_gap,naive_boundary,SET_ESTIMABLE,NONIDENTIFIED,SET,INCONCLUSIVE,,,,1.0,,,,4.754200199386105e-05,5aa4244363ebb317d4d07237a51357819655d54eead8ce2fe97c0ff39b12d689
48,daily_gap,ridge,SET_ESTIMABLE,NONIDENTIFIED,SET,POINT_ESTIMABLE,,,,1.0,0.0,-0.0588,0.0588,3.8416997995227575e-05,5aa4244363ebb317d4d07237a51357819655d54eead8ce2fe97c0ff39b12d689
48,daily_gap,tsvd,SET_ESTIMABLE,NONIDENTIFIED,SET,POINT_ESTIMABLE,,,,1.0,0.0,-0.0588,0.0588,4.6458000724669546e-05,5aa4244363ebb317d4d07237a51357819655d54eead8ce2fe97c0ff39b12d689
48,target_mark_collapse,crome,NONRECOVERABLE,NONIDENTIFIED,INCONCLUSIVE,NONRECOVERABLE,NONIDENTIFIED,INCONCLUSIVE,population_exact,1.0,,,,0.016906000004382804,5aa4244363ebb317d4d07237a51357819655d54eead8ce2fe97c0ff39b12d689
48,target_mark_collapse,naive_boundary,NONRECOVERABLE,NONIDENTIFIED,INCONCLUSIVE,POINT_ESTIMABLE,,,,1.0,1.0003956060161339,0.9415956060161339,1.0591956060161338,8.799999341135845e-05,5aa4244363ebb317d4d07237a51357819655d54eead8ce2fe97c0ff39b12d689
48,target_mark_collapse,ridge,NONRECOVERABLE,NONIDENTIFIED,INCONCLUSIVE,POINT_ESTIMABLE,,,,1.0,0.0,-0.0588,0.0588,1.8292004824616015e-05,5aa4244363ebb317d4d07237a51357819655d54eead8ce2fe97c0ff39b12d689
48,target_mark_collapse,tsvd,NONRECOVERABLE,NONIDENTIFIED,INCONCLUSIVE,POINT_ESTIMABLE,,,,1.0,0.0,-0.0588,0.0588,3.479100269032642e-05,5aa4244363ebb317d4d07237a51357819655d54eead8ce2fe97c0ff39b12d689
48,rounded_hidden_time,crome,INCONCLUSIVE,UNKNOWN,INCONCLUSIVE,INCONCLUSIVE,UNKNOWN,INCONCLUSIVE,finite_sample_only,1.0,,,,0.007579457997053396,5aa4244363ebb317d4d07237a51357819655d54eead8ce2fe97c0ff39b12d689
48,rounded_hidden_time,naive_boundary,INCONCLUSIVE,UNKNOWN,INCONCLUSIVE,POINT_ESTIMABLE,,,,1.0,1.0039049352052876,0.9451049352052876,1.0627049352052875,8.183299360098317e-05,5aa4244363ebb317d4d07237a51357819655d54eead8ce2fe97c0ff39b12d689
48,rounded_hidden_time,ridge,INCONCLUSIVE,UNKNOWN,INCONCLUSIVE,POINT_ESTIMABLE,,,,1.0,0.8790987509750289,0.8202987509750289,0.9378987509750288,1.6040998161770403e-05,5aa4244363ebb317d4d07237a51357819655d54eead8ce2fe97c0ff39b12d689
48,rounded_hidden_time,tsvd,INCONCLUSIVE,UNKNOWN,INCONCLUSIVE,POINT_ESTIMABLE,,,,1.0,0.8792792732808452,0.8204792732808452,0.9380792732808452,3.412500518606976e-05,5aa4244363ebb317d4d07237a51357819655d54eead8ce2fe97c0ff39b12d689
49,fine_4h,crome,POINT_ESTIMABLE,UNKNOWN,POINT_AT_TAU,POINT_ESTIMABLE,UNKNOWN,POINT_AT_TAU,assumption_conditional,1.0,1.0056789794746095,0.9240485095214637,1.0873094494277553,0.10157037500175647,5aa4244363ebb317d4d07237a51357819655d54eead8ce2fe97c0ff39b12d689
49,fine_4h,naive_boundary,POINT_ESTIMABLE,UNKNOWN,POINT_AT_TAU,POINT_ESTIMABLE,,,,1.0,1.0003454759420407,0.9415454759420407,1.0591454759420407,0.0001081669979612343,5aa4244363ebb317d4d07237a51357819655d54eead8ce2fe97c0ff39b12d689
49,fine_4h,ridge,POINT_ESTIMABLE,UNKNOWN,POINT_AT_TAU,POINT_ESTIMABLE,,,,1.0,1.0027856184146862,0.9439856184146862,1.0615856184146861,1.920799695653841e-05,5aa4244363ebb317d4d07237a51357819655d54eead8ce2fe97c0ff39b12d689
49,fine_4h,tsvd,POINT_ESTIMABLE,UNKNOWN,POINT_AT_TAU,POINT_ESTIMABLE,,,,1.0,1.0030420831840203,0.9442420831840204,1.0618420831840203,4.454199370229617e-05,5aa4244363ebb317d4d07237a51357819655d54eead8ce2fe97c0ff39b12d689
49,daily_gap,crome,SET_ESTIMABLE,NONIDENTIFIED,SET,NONRECOVERABLE,NONIDENTIFIED,SET,assumption_conditional,1.0,,0.904433582596716,1.1754241216380656,0.06130504199973075,5aa4244363ebb317d4d07237a51357819655d54eead8ce2fe97c0ff39b12d689
49,daily_gap,naive_boundary,SET_ESTIMABLE,NONIDENTIFIED,SET,INCONCLUSIVE,,,,1.0,,,,4.129199805902317e-05,5aa4244363ebb317d4d07237a51357819655d54eead8ce2fe97c0ff39b12d689
49,daily_gap,ridge,SET_ESTIMABLE,NONIDENTIFIED,SET,POINT_ESTIMABLE,,,,1.0,0.0,-0.0588,0.0588,3.375000233063474e-05,5aa4244363ebb317d4d07237a51357819655d54eead8ce2fe97c0ff39b12d689
49,daily_gap,tsvd,SET_ESTIMABLE,NONIDENTIFIED,SET,POINT_ESTIMABLE,,,,1.0,0.0,-0.0588,0.0588,4.729200009023771e-05,5aa4244363ebb317d4d07237a51357819655d54eead8ce2fe97c0ff39b12d689
49,target_mark_collapse,crome,NONRECOVERABLE,NONIDENTIFIED,INCONCLUSIVE,NONRECOVERABLE,NONIDENTIFIED,INCONCLUSIVE,population_exact,1.0,,,,0.016752958006691188,5aa4244363ebb317d4d07237a51357819655d54eead8ce2fe97c0ff39b12d689
49,target_mark_collapse,naive_boundary,NONRECOVERABLE,NONIDENTIFIED,INCONCLUSIVE,POINT_ESTIMABLE,,,,1.0,1.0018675560358667,0.9430675560358668,1.0606675560358667,7.966699922690168e-05,5aa4244363ebb317d4d07237a51357819655d54eead8ce2fe97c0ff39b12d689
49,target_mark_collapse,ridge,NONRECOVERABLE,NONIDENTIFIED,INCONCLUSIVE,POINT_ESTIMABLE,,,,1.0,0.0,-0.0588,0.0588,1.6833000699989498e-05,5aa4244363ebb317d4d07237a51357819655d54eead8ce2fe97c0ff39b12d689
49,target_mark_collapse,tsvd,NONRECOVERABLE,NONIDENTIFIED,INCONCLUSIVE,POINT_ESTIMABLE,,,,1.0,0.0,-0.0588,0.0588,3.2125004508998245e-05,5aa4244363ebb317d4d07237a51357819655d54eead8ce2fe97c0ff39b12d689
49,rounded_hidden_time,crome,INCONCLUSIVE,UNKNOWN,INCONCLUSIVE,INCONCLUSIVE,UNKNOWN,INCONCLUSIVE,finite_sample_only,1.0,,,,0.007705000003625173,5aa4244363ebb317d4d07237a51357819655d54eead8ce2fe97c0ff39b12d689
49,rounded_hidden_time,naive_boundary,INCONCLUSIVE,UNKNOWN,INCONCLUSIVE,POINT_ESTIMABLE,,,,1.0,1.0063422067858527,0.9475422067858528,1.0651422067858527,7.670799823245034e-05,5aa4244363ebb317d4d07237a51357819655d54eead8ce2fe97c0ff39b12d689
49,rounded_hidden_time,ridge,INCONCLUSIVE,UNKNOWN,INCONCLUSIVE,POINT_ESTIMABLE,,,,1.0,0.8798956669771817,0.8210956669771817,0.9386956669771817,1.5084006008692086e-05,5aa4244363ebb317d4d07237a51357819655d54eead8ce2fe97c0ff39b12d689
49,rounded_hidden_time,tsvd,INCONCLUSIVE,UNKNOWN,INCONCLUSIVE,POINT_ESTIMABLE,,,,1.0,0.8800561578446738,0.8212561578446739,0.9388561578446738,3.408399788895622e-05,5aa4244363ebb317d4d07237a51357819655d54eead8ce2fe97c0ff39b12d689
50,fine_4h,crome,POINT_ESTIMABLE,UNKNOWN,POINT_AT_TAU,POINT_ESTIMABLE,UNKNOWN,POINT_AT_TAU,assumption_conditional,1.0,1.0080230013253024,0.9259136917075459,1.090132310943059,0.0942254579931614,5aa4244363ebb317d4d07237a51357819655d54eead8ce2fe97c0ff39b12d689
50,fine_4h,naive_boundary,POINT_ESTIMABLE,UNKNOWN,POINT_AT_TAU,POINT_ESTIMABLE,,,,1.0,0.9985961806103407,0.9397961806103408,1.0573961806103407,7.508300041081384e-05,5aa4244363ebb317d4d07237a51357819655d54eead8ce2fe97c0ff39b12d689
50,fine_4h,ridge,POINT_ESTIMABLE,UNKNOWN,POINT_AT_TAU,POINT_ESTIMABLE,,,,1.0,1.0107681999199307,0.9519681999199308,1.0695681999199307,2.420799864921719e-05,5aa4244363ebb317d4d07237a51357819655d54eead8ce2fe97c0ff39b12d689
50,fine_4h,tsvd,POINT_ESTIMABLE,UNKNOWN,POINT_AT_TAU,POINT_ESTIMABLE,,,,1.0,1.011040816575179,0.952240816575179,1.069840816575179,4.200000694254413e-05,5aa4244363ebb317d4d07237a51357819655d54eead8ce2fe97c0ff39b12d689
50,daily_gap,crome,SET_ESTIMABLE,NONIDENTIFIED,SET,NONRECOVERABLE,NONIDENTIFIED,SET,assumption_conditional,1.0,,0.8589454619591981,1.1548025857212796,0.06583079200208886,5aa4244363ebb317d4d07237a51357819655d54eead8ce2fe97c0ff39b12d689
50,daily_gap,naive_boundary,SET_ESTIMABLE,NONIDENTIFIED,SET,INCONCLUSIVE,,,,1.0,,,,2.7207999664824456e-05,5aa4244363ebb317d4d07237a51357819655d54eead8ce2fe97c0ff39b12d689
50,daily_gap,ridge,SET_ESTIMABLE,NONIDENTIFIED,SET,POINT_ESTIMABLE,,,,1.0,0.0,-0.0588,0.0588,2.4417000531684607e-05,5aa4244363ebb317d4d07237a51357819655d54eead8ce2fe97c0ff39b12d689
50,daily_gap,tsvd,SET_ESTIMABLE,NONIDENTIFIED,SET,POINT_ESTIMABLE,,,,1.0,0.0,-0.0588,0.0588,3.7083002098370343e-05,5aa4244363ebb317d4d07237a51357819655d54eead8ce2fe97c0ff39b12d689
50,target_mark_collapse,crome,NONRECOVERABLE,NONIDENTIFIED,INCONCLUSIVE,NONRECOVERABLE,NONIDENTIFIED,INCONCLUSIVE,population_exact,1.0,,,,0.01655900000332622,5aa4244363ebb317d4d07237a51357819655d54eead8ce2fe97c0ff39b12d689
50,target_mark_collapse,naive_boundary,NONRECOVERABLE,NONIDENTIFIED,INCONCLUSIVE,POINT_ESTIMABLE,,,,1.0,0.9991987317518846,0.9403987317518846,1.0579987317518846,7.249999907799065e-05,5aa4244363ebb317d4d07237a51357819655d54eead8ce2fe97c0ff39b12d689
50,target_mark_collapse,ridge,NONRECOVERABLE,NONIDENTIFIED,INCONCLUSIVE,POINT_ESTIMABLE,,,,1.0,0.0,-0.0588,0.0588,1.6584002878516912e-05,5aa4244363ebb317d4d07237a51357819655d54eead8ce2fe97c0ff39b12d689
50,target_mark_collapse,tsvd,NONRECOVERABLE,NONIDENTIFIED,INCONCLUSIVE,POINT_ESTIMABLE,,,,1.0,0.0,-0.0588,0.0588,3.058299625990912e-05,5aa4244363ebb317d4d07237a51357819655d54eead8ce2fe97c0ff39b12d689
50,rounded_hidden_time,crome,INCONCLUSIVE,UNKNOWN,INCONCLUSIVE,INCONCLUSIVE,UNKNOWN,INCONCLUSIVE,finite_sample_only,1.0,,,,0.007519165999838151,5aa4244363ebb317d4d07237a51357819655d54eead8ce2fe97c0ff39b12d689
50,rounded_hidden_time,naive_boundary,INCONCLUSIVE,UNKNOWN,INCONCLUSIVE,POINT_ESTIMABLE,,,,1.0,1.0075682682170368,0.9487682682170369,1.0663682682170368,7.575000199722126e-05,5aa4244363ebb317d4d07237a51357819655d54eead8ce2fe97c0ff39b12d689
50,rounded_hidden_time,ridge,INCONCLUSIVE,UNKNOWN,INCONCLUSIVE,POINT_ESTIMABLE,,,,1.0,0.8819639527513871,0.8231639527513871,0.940763952751387,1.5167002857197076e-05,5aa4244363ebb317d4d07237a51357819655d54eead8ce2fe97c0ff39b12d689
50,rounded_hidden_time,tsvd,INCONCLUSIVE,UNKNOWN,INCONCLUSIVE,POINT_ESTIMABLE,,,,1.0,0.8821429844335938,0.8233429844335939,0.9409429844335938,3.429099888307974e-05,5aa4244363ebb317d4d07237a51357819655d54eead8ce2fe97c0ff39b12d689
51,fine_4h,crome,POINT_ESTIMABLE,UNKNOWN,POINT_AT_TAU,POINT_ESTIMABLE,UNKNOWN,POINT_AT_TAU,assumption_conditional,1.0,1.0058891360342452,0.9241985080796586,1.0875797639888318,0.09511862499493873,5aa4244363ebb317d4d07237a51357819655d54eead8ce2fe97c0ff39b12d689
51,fine_4h,naive_boundary,POINT_ESTIMABLE,UNKNOWN,POINT_AT_TAU,POINT_ESTIMABLE,,,,1.0,0.9963917328500165,0.9375917328500165,1.0551917328500164,8.108299516607076e-05,5aa4244363ebb317d4d07237a51357819655d54eead8ce2fe97c0ff39b12d689
51,fine_4h,ridge,POINT_ESTIMABLE,UNKNOWN,POINT_AT_TAU,POINT_ESTIMABLE,,,,1.0,0.9947379519596988,0.9359379519596989,1.0535379519596988,1.904099917737767e-05,5aa4244363ebb317d4d07237a51357819655d54eead8ce2fe97c0ff39b12d689
51,fine_4h,tsvd,POINT_ESTIMABLE,UNKNOWN,POINT_AT_TAU,POINT_ESTIMABLE,,,,1.0,0.9949973524235209,0.936197352423521,1.053797352423521,4.5417000364977866e-05,5aa4244363ebb317d4d07237a51357819655d54eead8ce2fe97c0ff39b12d689
51,daily_gap,crome,SET_ESTIMABLE,NONIDENTIFIED,SET,NONRECOVERABLE,NONIDENTIFIED,SET,assumption_conditional,1.0,,0.8695440673411385,1.1446907151011965,0.06579579100070987,5aa4244363ebb317d4d07237a51357819655d54eead8ce2fe97c0ff39b12d689
51,daily_gap,naive_boundary,SET_ESTIMABLE,NONIDENTIFIED,SET,INCONCLUSIVE,,,,1.0,,,,3.0832998163532466e-05,5aa4244363ebb317d4d07237a51357819655d54eead8ce2fe97c0ff39b12d689
51,daily_gap,ridge,SET_ESTIMABLE,NONIDENTIFIED,SET,POINT_ESTIMABLE,,,,1.0,0.0,-0.0588,0.0588,3.129200194962323e-05,5aa4244363ebb317d4d07237a51357819655d54eead8ce2fe97c0ff39b12d689
51,daily_gap,tsvd,SET_ESTIMABLE,NONIDENTIFIED,SET,POINT_ESTIMABLE,,,,1.0,0.0,-0.0588,0.0588,4.400000034365803e-05,5aa4244363ebb317d4d07237a51357819655d54eead8ce2fe97c0ff39b12d689
51,target_mark_collapse,crome,NONRECOVERABLE,NONIDENTIFIED,INCONCLUSIVE,NONRECOVERABLE,NONIDENTIFIED,INCONCLUSIVE,population_exact,1.0,,,,0.01675950000208104,5aa4244363ebb317d4d07237a51357819655d54eead8ce2fe97c0ff39b12d689
51,target_mark_collapse,naive_boundary,NONRECOVERABLE,NONIDENTIFIED,INCONCLUSIVE,POINT_ESTIMABLE,,,,1.0,1.0042576496993905,0.9454576496993905,1.0630576496993904,7.329200161620975e-05,5aa4244363ebb317d4d07237a51357819655d54eead8ce2fe97c0ff39b12d689
51,target_mark_collapse,ridge,NONRECOVERABLE,NONIDENTIFIED,INCONCLUSIVE,POINT_ESTIMABLE,,,,1.0,0.0,-0.0588,0.0588,1.6750003851484507e-05,5aa4244363ebb317d4d07237a51357819655d54eead8ce2fe97c0ff39b12d689
51,target_mark_collapse,tsvd,NONRECOVERABLE,NONIDENTIFIED,INCONCLUSIVE,POINT_ESTIMABLE,,,,1.0,0.0,-0.0588,0.0588,3.462500171735883e-05,5aa4244363ebb317d4d07237a51357819655d54eead8ce2fe97c0ff39b12d689
51,rounded_hidden_time,crome,INCONCLUSIVE,UNKNOWN,INCONCLUSIVE,INCONCLUSIVE,UNKNOWN,INCONCLUSIVE,finite_sample_only,1.0,,,,0.007570374997158069,5aa4244363ebb317d4d07237a51357819655d54eead8ce2fe97c0ff39b12d689
51,rounded_hidden_time,naive_boundary,INCONCLUSIVE,UNKNOWN,INCONCLUSIVE,POINT_ESTIMABLE,,,,1.0,1.005184858549917,0.946384858549917,1.063984858549917,7.866600208217278e-05,5aa4244363ebb317d4d07237a51357819655d54eead8ce2fe97c0ff39b12d689
51,rounded_hidden_time,ridge,INCONCLUSIVE,UNKNOWN,INCONCLUSIVE,POINT_ESTIMABLE,,,,1.0,0.8782106928809296,0.8194106928809296,0.9370106928809295,1.5583005733788013e-05,5aa4244363ebb317d4d07237a51357819655d54eead8ce2fe97c0ff39b12d689
51,rounded_hidden_time,tsvd,INCONCLUSIVE,UNKNOWN,INCONCLUSIVE,POINT_ESTIMABLE,,,,1.0,0.8783873742088627,0.8195873742088627,0.9371873742088627,3.4584001696202904e-05,5aa4244363ebb317d4d07237a51357819655d54eead8ce2fe97c0ff39b12d689
52,fine_4h,crome,POINT_ESTIMABLE,UNKNOWN,POINT_AT_TAU,POINT_ESTIMABLE,UNKNOWN,POINT_AT_TAU,assumption_conditional,1.0,1.0091435876363961,0.9268699985024818,1.0914171767703105,0.09533283299970208,5aa4244363ebb317d4d07237a51357819655d54eead8ce2fe97c0ff39b12d689
52,fine_4h,naive_boundary,POINT_ESTIMABLE,UNKNOWN,POINT_AT_TAU,POINT_ESTIMABLE,,,,1.0,1.0007578736362135,0.9419578736362135,1.0595578736362135,0.00010162499529542401,5aa4244363ebb317d4d07237a51357819655d54eead8ce2fe97c0ff39b12d689
52,fine_4h,ridge,POINT_ESTIMABLE,UNKNOWN,POINT_AT_TAU,POINT_ESTIMABLE,,,,1.0,0.9973508051487643,0.9385508051487643,1.0561508051487642,1.879199407994747e-05,5aa4244363ebb317d4d07237a51357819655d54eead8ce2fe97c0ff39b12d689
52,fine_4h,tsvd,POINT_ESTIMABLE,UNKNOWN,POINT_AT_TAU,POINT_ESTIMABLE,,,,1.0,0.997622530184699,0.9388225301846991,1.056422530184699,4.558299406198785e-05,5aa4244363ebb317d4d07237a51357819655d54eead8ce2fe97c0ff39b12d689
52,daily_gap,crome,SET_ESTIMABLE,NONIDENTIFIED,SET,NONRECOVERABLE,NONIDENTIFIED,SET,assumption_conditional,1.0,,0.8783909640208014,1.136483073821972,0.05751962499925867,5aa4244363ebb317d4d07237a51357819655d54eead8ce2fe97c0ff39b12d689
52,daily_gap,naive_boundary,SET_ESTIMABLE,NONIDENTIFIED,SET,INCONCLUSIVE,,,,1.0,,,,4.774999979417771e-05,5aa4244363ebb317d4d07237a51357819655d54eead8ce2fe97c0ff39b12d689
52,daily_gap,ridge,SET_ESTIMABLE,NONIDENTIFIED,SET,POINT_ESTIMABLE,,,,1.0,0.0,-0.0588,0.0588,4.0833001548890024e-05,5aa4244363ebb317d4d07237a51357819655d54eead8ce2fe97c0ff39b12d689
52,daily_gap,tsvd,SET_ESTIMABLE,NONIDENTIFIED,SET,POINT_ESTIMABLE,,,,1.0,0.0,-0.0588,0.0588,4.90829988848418e-05,5aa4244363ebb317d4d07237a51357819655d54eead8ce2fe97c0ff39b12d689
52,target_mark_collapse,crome,NONRECOVERABLE,NONIDENTIFIED,INCONCLUSIVE,NONRECOVERABLE,NONIDENTIFIED,INCONCLUSIVE,population_exact,1.0,,,,0.016790624998975545,5aa4244363ebb317d4d07237a51357819655d54eead8ce2fe97c0ff39b12d689
52,target_mark_collapse,naive_boundary,NONRECOVERABLE,NONIDENTIFIED,INCONCLUSIVE,POINT_ESTIMABLE,,,,1.0,1.001601096077635,0.942801096077635,1.0604010960776349,8.149999484885484e-05,5aa4244363ebb317d4d07237a51357819655d54eead8ce2fe97c0ff39b12d689
52,target_mark_collapse,ridge,NONRECOVERABLE,NONIDENTIFIED,INCONCLUSIVE,POINT_ESTIMABLE,,,,1.0,0.0,-0.0588,0.0588,1.7958998796530068e-05,5aa4244363ebb317d4d07237a51357819655d54eead8ce2fe97c0ff39b12d689
52,target_mark_collapse,tsvd,NONRECOVERABLE,NONIDENTIFIED,INCONCLUSIVE,POINT_ESTIMABLE,,,,1.0,0.0,-0.0588,0.0588,3.6042001738678664e-05,5aa4244363ebb317d4d07237a51357819655d54eead8ce2fe97c0ff39b12d689
52,rounded_hidden_time,crome,INCONCLUSIVE,UNKNOWN,INCONCLUSIVE,INCONCLUSIVE,UNKNOWN,INCONCLUSIVE,finite_sample_only,1.0,,,,0.007836250006221235,5aa4244363ebb317d4d07237a51357819655d54eead8ce2fe97c0ff39b12d689
52,rounded_hidden_time,naive_boundary,INCONCLUSIVE,UNKNOWN,INCONCLUSIVE,POINT_ESTIMABLE,,,,1.0,1.0065476517176248,0.9477476517176249,1.0653476517176248,0.00010445899533806369,5aa4244363ebb317d4d07237a51357819655d54eead8ce2fe97c0ff39b12d689
52,rounded_hidden_time,ridge,INCONCLUSIVE,UNKNOWN,INCONCLUSIVE,POINT_ESTIMABLE,,,,1.0,0.8872921014827435,0.8284921014827435,0.9460921014827435,1.733399403747171e-05,5aa4244363ebb317d4d07237a51357819655d54eead8ce2fe97c0ff39b12d689
52,rounded_hidden_time,tsvd,INCONCLUSIVE,UNKNOWN,INCONCLUSIVE,POINT_ESTIMABLE,,,,1.0,0.8874716020200243,0.8286716020200243,0.9462716020200242,3.666600241558626e-05,5aa4244363ebb317d4d07237a51357819655d54eead8ce2fe97c0ff39b12d689
53,fine_4h,crome,POINT_ESTIMABLE,UNKNOWN,POINT_AT_TAU,POINT_ESTIMABLE,UNKNOWN,POINT_AT_TAU,assumption_conditional,1.0,1.0063540776861637,0.9246737368909304,1.088034418481397,0.10194100000080653,5aa4244363ebb317d4d07237a51357819655d54eead8ce2fe97c0ff39b12d689
53,fine_4h,naive_boundary,POINT_ESTIMABLE,UNKNOWN,POINT_AT_TAU,POINT_ESTIMABLE,,,,1.0,1.0043470160119807,0.9455470160119808,1.0631470160119807,0.0001016669993987307,5aa4244363ebb317d4d07237a51357819655d54eead8ce2fe97c0ff39b12d689
53,fine_4h,ridge,POINT_ESTIMABLE,UNKNOWN,POINT_AT_TAU,POINT_ESTIMABLE,,,,1.0,1.0021390627311817,0.9433390627311817,1.0609390627311817,1.8916995031759143e-05,5aa4244363ebb317d4d07237a51357819655d54eead8ce2fe97c0ff39b12d689
53,fine_4h,tsvd,POINT_ESTIMABLE,UNKNOWN,POINT_AT_TAU,POINT_ESTIMABLE,,,,1.0,1.0023713790967923,0.9435713790967923,1.0611713790967923,4.350000381236896e-05,5aa4244363ebb317d4d07237a51357819655d54eead8ce2fe97c0ff39b12d689
53,daily_gap,crome,SET_ESTIMABLE,NONIDENTIFIED,SET,NONRECOVERABLE,NONIDENTIFIED,SET,assumption_conditional,1.0,,0.871320240936934,1.1717877968202228,0.06115608300024178,5aa4244363ebb317d4d07237a51357819655d54eead8ce2fe97c0ff39b12d689
53,daily_gap,naive_boundary,SET_ESTIMABLE,NONIDENTIFIED,SET,INCONCLUSIVE,,,,1.0,,,,2.4708002456463873e-05,5aa4244363ebb317d4d07237a51357819655d54eead8ce2fe97c0ff39b12d689
53,daily_gap,ridge,SET_ESTIMABLE,NONIDENTIFIED,SET,POINT_ESTIMABLE,,,,1.0,0.0,-0.0588,0.0588,2.3832995793782175e-05,5aa4244363ebb317d4d07237a51357819655d54eead8ce2fe97c0ff39b12d689
53,daily_gap,tsvd,SET_ESTIMABLE,NONIDENTIFIED,SET,POINT_ESTIMABLE,,,,1.0,0.0,-0.0588,0.0588,3.341599949635565e-05,5aa4244363ebb317d4d07237a51357819655d54eead8ce2fe97c0ff39b12d689
53,target_mark_collapse,crome,NONRECOVERABLE,NONIDENTIFIED,INCONCLUSIVE,NONRECOVERABLE,NONIDENTIFIED,INCONCLUSIVE,population_exact,1.0,,,,0.016462708001199644,5aa4244363ebb317d4d07237a51357819655d54eead8ce2fe97c0ff39b12d689
53,target_mark_collapse,naive_boundary,NONRECOVERABLE,NONIDENTIFIED,INCONCLUSIVE,POINT_ESTIMABLE,,,,1.0,0.9975570760087779,0.9387570760087779,1.056357076008778,6.787500024074689e-05,5aa4244363ebb317d4d07237a51357819655d54eead8ce2fe97c0ff39b12d689
53,target_mark_collapse,ridge,NONRECOVERABLE,NONIDENTIFIED,INCONCLUSIVE,POINT_ESTIMABLE,,,,1.0,0.0,-0.0588,0.0588,1.5416997484862804e-05,5aa4244363ebb317d4d07237a51357819655d54eead8ce2fe97c0ff39b12d689
53,target_mark_collapse,tsvd,NONRECOVERABLE,NONIDENTIFIED,INCONCLUSIVE,POINT_ESTIMABLE,,,,1.0,0.0,-0.0588,0.0588,3.333300264785066e-05,5aa4244363ebb317d4d07237a51357819655d54eead8ce2fe97c0ff39b12d689
53,rounded_hidden_time,crome,INCONCLUSIVE,UNKNOWN,INCONCLUSIVE,INCONCLUSIVE,UNKNOWN,INCONCLUSIVE,finite_sample_only,1.0,,,,0.007521749997977167,5aa4244363ebb317d4d07237a51357819655d54eead8ce2fe97c0ff39b12d689
53,rounded_hidden_time,naive_boundary,INCONCLUSIVE,UNKNOWN,INCONCLUSIVE,POINT_ESTIMABLE,,,,1.0,1.0053695061362096,0.9465695061362096,1.0641695061362095,7.541700324509293e-05,5aa4244363ebb317d4d07237a51357819655d54eead8ce2fe97c0ff39b12d689
53,rounded_hidden_time,ridge,INCONCLUSIVE,UNKNOWN,INCONCLUSIVE,POINT_ESTIMABLE,,,,1.0,0.8786735631695607,0.8198735631695607,0.9374735631695607,1.4750003174412996e-05,5aa4244363ebb317d4d07237a51357819655d54eead8ce2fe97c0ff39b12d689
53,rounded_hidden_time,tsvd,INCONCLUSIVE,UNKNOWN,INCONCLUSIVE,POINT_ESTIMABLE,,,,1.0,0.8788431013094578,0.8200431013094578,0.9376431013094577,3.3166994398925453e-05,5aa4244363ebb317d4d07237a51357819655d54eead8ce2fe97c0ff39b12d689
54,fine_4h,crome,POINT_ESTIMABLE,UNKNOWN,POINT_AT_TAU,POINT_ESTIMABLE,UNKNOWN,POINT_AT_TAU,assumption_conditional,1.0,1.0063847424481172,0.924511544566135,1.0882579403300991,0.10309599999891361,5aa4244363ebb317d4d07237a51357819655d54eead8ce2fe97c0ff39b12d689
54,fine_4h,naive_boundary,POINT_ESTIMABLE,UNKNOWN,POINT_AT_TAU,POINT_ESTIMABLE,,,,1.0,0.9986527879506165,0.9398527879506166,1.0574527879506166,0.0001435410013073124,5aa4244363ebb317d4d07237a51357819655d54eead8ce2fe97c0ff39b12d689
54,fine_4h,ridge,POINT_ESTIMABLE,UNKNOWN,POINT_AT_TAU,POINT_ESTIMABLE,,,,1.0,1.0019665377828395,0.9431665377828395,1.0607665377828395,9.354199573863298e-05,5aa4244363ebb317d4d07237a51357819655d54eead8ce2fe97c0ff39b12d689
54,fine_4h,tsvd,POINT_ESTIMABLE,UNKNOWN,POINT_AT_TAU,POINT_ESTIMABLE,,,,1.0,1.002217352599763,0.9434173525997631,1.061017352599763,6.0582999140024185e-05,5aa4244363ebb317d4d07237a51357819655d54eead8ce2fe97c0ff39b12d689
54,daily_gap,crome,SET_ESTIMABLE,NONIDENTIFIED,SET,NONRECOVERABLE,NONIDENTIFIED,SET,assumption_conditional,1.0,,0.8771211057218362,1.1535832970321818,0.07638595900061773,5aa4244363ebb317d4d07237a51357819655d54eead8ce2fe97c0ff39b12d689
54,daily_gap,naive_boundary,SET_ESTIMABLE,NONIDENTIFIED,SET,INCONCLUSIVE,,,,1.0,,,,4.9041998863685876e-05,5aa4244363ebb317d4d07237a51357819655d54eead8ce2fe97c0ff39b12d689
54,daily_gap,ridge,SET_ESTIMABLE,NONIDENTIFIED,SET,POINT_ESTIMABLE,,,,1.0,0.0,-0.0588,0.0588,3.9040998672135174e-05,5aa4244363ebb317d4d07237a51357819655d54eead8ce2fe97c0ff39b12d689
54,daily_gap,tsvd,SET_ESTIMABLE,NONIDENTIFIED,SET,POINT_ESTIMABLE,,,,1.0,0.0,-0.0588,0.0588,5.137499829288572e-05,5aa4244363ebb317d4d07237a51357819655d54eead8ce2fe97c0ff39b12d689
54,target_mark_collapse,crome,NONRECOVERABLE,NONIDENTIFIED,INCONCLUSIVE,NONRECOVERABLE,NONIDENTIFIED,INCONCLUSIVE,population_exact,1.0,,,,0.01692554100009147,5aa4244363ebb317d4d07237a51357819655d54eead8ce2fe97c0ff39b12d689
54,target_mark_collapse,naive_boundary,NONRECOVERABLE,NONIDENTIFIED,INCONCLUSIVE,POINT_ESTIMABLE,,,,1.0,1.0047493700443202,0.9459493700443202,1.0635493700443202,0.00010395799472462386,5aa4244363ebb317d4d07237a51357819655d54eead8ce2fe97c0ff39b12d689
54,target_mark_collapse,ridge,NONRECOVERABLE,NONIDENTIFIED,INCONCLUSIVE,POINT_ESTIMABLE,,,,1.0,0.0,-0.0588,0.0588,2.1041996660642326e-05,5aa4244363ebb317d4d07237a51357819655d54eead8ce2fe97c0ff39b12d689
54,target_mark_collapse,tsvd,NONRECOVERABLE,NONIDENTIFIED,INCONCLUSIVE,POINT_ESTIMABLE,,,,1.0,0.0,-0.0588,0.0588,4.9875001423060894e-05,5aa4244363ebb317d4d07237a51357819655d54eead8ce2fe97c0ff39b12d689
54,rounded_hidden_time,crome,INCONCLUSIVE,UNKNOWN,INCONCLUSIVE,INCONCLUSIVE,UNKNOWN,INCONCLUSIVE,finite_sample_only,1.0,,,,0.007837375000235625,5aa4244363ebb317d4d07237a51357819655d54eead8ce2fe97c0ff39b12d689
54,rounded_hidden_time,naive_boundary,INCONCLUSIVE,UNKNOWN,INCONCLUSIVE,POINT_ESTIMABLE,,,,1.0,1.0055696475946043,0.9467696475946044,1.0643696475946043,9.27500004763715e-05,5aa4244363ebb317d4d07237a51357819655d54eead8ce2fe97c0ff39b12d689
54,rounded_hidden_time,ridge,INCONCLUSIVE,UNKNOWN,INCONCLUSIVE,POINT_ESTIMABLE,,,,1.0,0.8927220702704135,0.8339220702704135,0.9515220702704135,1.700000575510785e-05,5aa4244363ebb317d4d07237a51357819655d54eead8ce2fe97c0ff39b12d689
54,rounded_hidden_time,tsvd,INCONCLUSIVE,UNKNOWN,INCONCLUSIVE,POINT_ESTIMABLE,,,,1.0,0.8928973869869933,0.8340973869869933,0.9516973869869932,3.591699351090938e-05,5aa4244363ebb317d4d07237a51357819655d54eead8ce2fe97c0ff39b12d689
55,fine_4h,crome,POINT_ESTIMABLE,UNKNOWN,POINT_AT_TAU,POINT_ESTIMABLE,UNKNOWN,POINT_AT_TAU,assumption_conditional,1.0,1.0061532225937546,0.9246920117472818,1.0876144334402273,0.0992657919996418,5aa4244363ebb317d4d07237a51357819655d54eead8ce2fe97c0ff39b12d689
55,fine_4h,naive_boundary,POINT_ESTIMABLE,UNKNOWN,POINT_AT_TAU,POINT_ESTIMABLE,,,,1.0,1.0010064227051807,0.9422064227051807,1.0598064227051807,9.054200199898332e-05,5aa4244363ebb317d4d07237a51357819655d54eead8ce2fe97c0ff39b12d689
55,fine_4h,ridge,POINT_ESTIMABLE,UNKNOWN,POINT_AT_TAU,POINT_ESTIMABLE,,,,1.0,1.001924884476024,0.943124884476024,1.060724884476024,1.912500010803342e-05,5aa4244363ebb317d4d07237a51357819655d54eead8ce2fe97c0ff39b12d689
55,fine_4h,tsvd,POINT_ESTIMABLE,UNKNOWN,POINT_AT_TAU,POINT_ESTIMABLE,,,,1.0,1.0021790642866009,0.9433790642866009,1.0609790642866008,4.462499782675877e-05,5aa4244363ebb317d4d07237a51357819655d54eead8ce2fe97c0ff39b12d689
55,daily_gap,crome,SET_ESTIMABLE,NONIDENTIFIED,SET,NONRECOVERABLE,NONIDENTIFIED,SET,assumption_conditional,1.0,,0.8561030880199743,1.1683503628715532,0.06327004099875921,5aa4244363ebb317d4d07237a51357819655d54eead8ce2fe97c0ff39b12d689
55,daily_gap,naive_boundary,SET_ESTIMABLE,NONIDENTIFIED,SET,INCONCLUSIVE,,,,1.0,,,,2.8624999686144292e-05,5aa4244363ebb317d4d07237a51357819655d54eead8ce2fe97c0ff39b12d689
55,daily_gap,ridge,SET_ESTIMABLE,NONIDENTIFIED,SET,POINT_ESTIMABLE,,,,1.0,0.0,-0.0588,0.0588,2.616599522298202e-05,5aa4244363ebb317d4d07237a51357819655d54eead8ce2fe97c0ff39b12d689
55,daily_gap,tsvd,SET_ESTIMABLE,NONIDENTIFIED,SET,POINT_ESTIMABLE,,,,1.0,0.0,-0.0588,0.0588,3.483399632386863e-05,5aa4244363ebb317d4d07237a51357819655d54eead8ce2fe97c0ff39b12d689
55,target_mark_collapse,crome,NONRECOVERABLE,NONIDENTIFIED,INCONCLUSIVE,NONRECOVERABLE,NONIDENTIFIED,INCONCLUSIVE,population_exact,1.0,,,,0.016493250004714355,5aa4244363ebb317d4d07237a51357819655d54eead8ce2fe97c0ff39b12d689
55,target_mark_collapse,naive_boundary,NONRECOVERABLE,NONIDENTIFIED,INCONCLUSIVE,POINT_ESTIMABLE,,,,1.0,0.9976789430220908,0.9388789430220909,1.0564789430220909,7.433300197590142e-05,5aa4244363ebb317d4d07237a51357819655d54eead8ce2fe97c0ff39b12d689
55,target_mark_collapse,ridge,NONRECOVERABLE,NONIDENTIFIED,INCONCLUSIVE,POINT_ESTIMABLE,,,,1.0,0.0,-0.0588,0.0588,2.041600237134844e-05,5aa4244363ebb317d4d07237a51357819655d54eead8ce2fe97c0ff39b12d689
55,target_mark_collapse,tsvd,NONRECOVERABLE,NONIDENTIFIED,INCONCLUSIVE,POINT_ESTIMABLE,,,,1.0,0.0,-0.0588,0.0588,3.274999471614137e-05,5aa4244363ebb317d4d07237a51357819655d54eead8ce2fe97c0ff39b12d689
55,rounded_hidden_time,crome,INCONCLUSIVE,UNKNOWN,INCONCLUSIVE,INCONCLUSIVE,UNKNOWN,INCONCLUSIVE,finite_sample_only,1.0,,,,0.0074687499945866875,5aa4244363ebb317d4d07237a51357819655d54eead8ce2fe97c0ff39b12d689
55,rounded_hidden_time,naive_boundary,INCONCLUSIVE,UNKNOWN,INCONCLUSIVE,POINT_ESTIMABLE,,,,1.0,1.0065811465606587,0.9477811465606587,1.0653811465606586,7.495799945900217e-05,5aa4244363ebb317d4d07237a51357819655d54eead8ce2fe97c0ff39b12d689
55,rounded_hidden_time,ridge,INCONCLUSIVE,UNKNOWN,INCONCLUSIVE,POINT_ESTIMABLE,,,,1.0,0.8784141870838312,0.8196141870838313,0.9372141870838312,1.4792000001762062e-05,5aa4244363ebb317d4d07237a51357819655d54eead8ce2fe97c0ff39b12d689
55,rounded_hidden_time,tsvd,INCONCLUSIVE,UNKNOWN,INCONCLUSIVE,POINT_ESTIMABLE,,,,1.0,0.8786093639919198,0.8198093639919198,0.9374093639919198,3.337499947519973e-05,5aa4244363ebb317d4d07237a51357819655d54eead8ce2fe97c0ff39b12d689
56,fine_4h,crome,POINT_ESTIMABLE,UNKNOWN,POINT_AT_TAU,POINT_ESTIMABLE,UNKNOWN,POINT_AT_TAU,assumption_conditional,1.0,1.0066079156044645,0.9250368869784191,1.0881789442305099,0.09919695799908368,5aa4244363ebb317d4d07237a51357819655d54eead8ce2fe97c0ff39b12d689
56,fine_4h,naive_boundary,POINT_ESTIMABLE,UNKNOWN,POINT_AT_TAU,POINT_ESTIMABLE,,,,1.0,1.003761170530405,0.9449611705304051,1.062561170530405,6.841700087534264e-05,5aa4244363ebb317d4d07237a51357819655d54eead8ce2fe97c0ff39b12d689
56,fine_4h,ridge,POINT_ESTIMABLE,UNKNOWN,POINT_AT_TAU,POINT_ESTIMABLE,,,,1.0,1.0033746626158808,0.9445746626158809,1.0621746626158808,1.612499909242615e-05,5aa4244363ebb317d4d07237a51357819655d54eead8ce2fe97c0ff39b12d689
56,fine_4h,tsvd,POINT_ESTIMABLE,UNKNOWN,POINT_AT_TAU,POINT_ESTIMABLE,,,,1.0,1.0036431031719064,0.9448431031719065,1.0624431031719064,3.7750003684777766e-05,5aa4244363ebb317d4d07237a51357819655d54eead8ce2fe97c0ff39b12d689
56,daily_gap,crome,SET_ESTIMABLE,NONIDENTIFIED,SET,NONRECOVERABLE,NONIDENTIFIED,SET,assumption_conditional,1.0,,0.8681226195789095,1.1405232492672115,0.0648055000056047,5aa4244363ebb317d4d07237a51357819655d54eead8ce2fe97c0ff39b12d689
56,daily_gap,naive_boundary,SET_ESTIMABLE,NONIDENTIFIED,SET,INCONCLUSIVE,,,,1.0,,,,2.7000001864507794e-05,5aa4244363ebb317d4d07237a51357819655d54eead8ce2fe97c0ff39b12d689
56,daily_gap,ridge,SET_ESTIMABLE,NONIDENTIFIED,SET,POINT_ESTIMABLE,,,,1.0,0.0,-0.0588,0.0588,2.504199801478535e-05,5aa4244363ebb317d4d07237a51357819655d54eead8ce2fe97c0ff39b12d689
56,daily_gap,tsvd,SET_ESTIMABLE,NONIDENTIFIED,SET,POINT_ESTIMABLE,,,,1.0,0.0,-0.0588,0.0588,3.629199636634439e-05,5aa4244363ebb317d4d07237a51357819655d54eead8ce2fe97c0ff39b12d689
56,target_mark_collapse,crome,NONRECOVERABLE,NONIDENTIFIED,INCONCLUSIVE,NONRECOVERABLE,NONIDENTIFIED,INCONCLUSIVE,population_exact,1.0,,,,0.016709415998775512,5aa4244363ebb317d4d07237a51357819655d54eead8ce2fe97c0ff39b12d689
56,target_mark_collapse,naive_boundary,NONRECOVERABLE,NONIDENTIFIED,INCONCLUSIVE,POINT_ESTIMABLE,,,,1.0,0.9957167313915647,0.9369167313915647,1.0545167313915647,7.229200127767399e-05,5aa4244363ebb317d4d07237a51357819655d54eead8ce2fe97c0ff39b12d689
56,target_mark_collapse,ridge,NONRECOVERABLE,NONIDENTIFIED,INCONCLUSIVE,POINT_ESTIMABLE,,,,1.0,0.0,-0.0588,0.0588,1.620799594093114e-05,5aa4244363ebb317d4d07237a51357819655d54eead8ce2fe97c0ff39b12d689
56,target_mark_collapse,tsvd,NONRECOVERABLE,NONIDENTIFIED,INCONCLUSIVE,POINT_ESTIMABLE,,,,1.0,0.0,-0.0588,0.0588,3.0208000680431724e-05,5aa4244363ebb317d4d07237a51357819655d54eead8ce2fe97c0ff39b12d689
56,rounded_hidden_time,crome,INCONCLUSIVE,UNKNOWN,INCONCLUSIVE,INCONCLUSIVE,UNKNOWN,INCONCLUSIVE,finite_sample_only,1.0,,,,0.007541040999058168,5aa4244363ebb317d4d07237a51357819655d54eead8ce2fe97c0ff39b12d689
56,rounded_hidden_time,naive_boundary,INCONCLUSIVE,UNKNOWN,INCONCLUSIVE,POINT_ESTIMABLE,,,,1.0,1.0054081472940488,0.9466081472940489,1.0642081472940488,7.795899728080258e-05,5aa4244363ebb317d4d07237a51357819655d54eead8ce2fe97c0ff39b12d689
56,rounded_hidden_time,ridge,INCONCLUSIVE,UNKNOWN,INCONCLUSIVE,POINT_ESTIMABLE,,,,1.0,0.8724684538544772,0.8136684538544773,0.9312684538544772,1.4999997802078724e-05,5aa4244363ebb317d4d07237a51357819655d54eead8ce2fe97c0ff39b12d689
56,rounded_hidden_time,tsvd,INCONCLUSIVE,UNKNOWN,INCONCLUSIVE,POINT_ESTIMABLE,,,,1.0,0.8726386477296744,0.8138386477296744,0.9314386477296743,3.366700548212975e-05,5aa4244363ebb317d4d07237a51357819655d54eead8ce2fe97c0ff39b12d689
57,fine_4h,crome,POINT_ESTIMABLE,UNKNOWN,POINT_AT_TAU,POINT_ESTIMABLE,UNKNOWN,POINT_AT_TAU,assumption_conditional,1.0,1.0074729404402172,0.9257935542615282,1.0891523266189063,0.09950099999696249,5aa4244363ebb317d4d07237a51357819655d54eead8ce2fe97c0ff39b12d689
57,fine_4h,naive_boundary,POINT_ESTIMABLE,UNKNOWN,POINT_AT_TAU,POINT_ESTIMABLE,,,,1.0,1.0005256534579132,0.9417256534579133,1.0593256534579132,8.145799802150577e-05,5aa4244363ebb317d4d07237a51357819655d54eead8ce2fe97c0ff39b12d689
57,fine_4h,ridge,POINT_ESTIMABLE,UNKNOWN,POINT_AT_TAU,POINT_ESTIMABLE,,,,1.0,1.0012921744833383,0.9424921744833383,1.0600921744833383,1.8082995666190982e-05,5aa4244363ebb317d4d07237a51357819655d54eead8ce2fe97c0ff39b12d689
57,fine_4h,tsvd,POINT_ESTIMABLE,UNKNOWN,POINT_AT_TAU,POINT_ESTIMABLE,,,,1.0,1.0015375805093558,0.9427375805093559,1.0603375805093558,4.308300412958488e-05,5aa4244363ebb317d4d07237a51357819655d54eead8ce2fe97c0ff39b12d689
57,daily_gap,crome,SET_ESTIMABLE,NONIDENTIFIED,SET,NONRECOVERABLE,NONIDENTIFIED,SET,assumption_conditional,1.0,,0.8614160879883416,1.154526768415693,0.061162707999756094,5aa4244363ebb317d4d07237a51357819655d54eead8ce2fe97c0ff39b12d689
57,daily_gap,naive_boundary,SET_ESTIMABLE,NONIDENTIFIED,SET,INCONCLUSIVE,,,,1.0,,,,2.5417000870220363e-05,5aa4244363ebb317d4d07237a51357819655d54eead8ce2fe97c0ff39b12d689
57,daily_gap,ridge,SET_ESTIMABLE,NONIDENTIFIED,SET,POINT_ESTIMABLE,,,,1.0,0.0,-0.0588,0.0588,2.28749995585531e-05,5aa4244363ebb317d4d07237a51357819655d54eead8ce2fe97c0ff39b12d689
57,daily_gap,tsvd,SET_ESTIMABLE,NONIDENTIFIED,SET,POINT_ESTIMABLE,,,,1.0,0.0,-0.0588,0.0588,3.4666998544707894e-05,5aa4244363ebb317d4d07237a51357819655d54eead8ce2fe97c0ff39b12d689
57,target_mark_collapse,crome,NONRECOVERABLE,NONIDENTIFIED,INCONCLUSIVE,NONRECOVERABLE,NONIDENTIFIED,INCONCLUSIVE,population_exact,1.0,,,,0.01638516700040782,5aa4244363ebb317d4d07237a51357819655d54eead8ce2fe97c0ff39b12d689
57,target_mark_collapse,naive_boundary,NONRECOVERABLE,NONIDENTIFIED,INCONCLUSIVE,POINT_ESTIMABLE,,,,1.0,1.0024762411172015,0.9436762411172015,1.0612762411172014,7.566699787275866e-05,5aa4244363ebb317d4d07237a51357819655d54eead8ce2fe97c0ff39b12d689
57,target_mark_collapse,ridge,NONRECOVERABLE,NONIDENTIFIED,INCONCLUSIVE,POINT_ESTIMABLE,,,,1.0,0.0,-0.0588,0.0588,1.5958001313265413e-05,5aa4244363ebb317d4d07237a51357819655d54eead8ce2fe97c0ff39b12d689
57,target_mark_collapse,tsvd,NONRECOVERABLE,NONIDENTIFIED,INCONCLUSIVE,POINT_ESTIMABLE,,,,1.0,0.0,-0.0588,0.0588,3.1249997846316546e-05,5aa4244363ebb317d4d07237a51357819655d54eead8ce2fe97c0ff39b12d689
57,rounded_hidden_time,crome,INCONCLUSIVE,UNKNOWN,INCONCLUSIVE,INCONCLUSIVE,UNKNOWN,INCONCLUSIVE,finite_sample_only,1.0,,,,0.007496250000258442,5aa4244363ebb317d4d07237a51357819655d54eead8ce2fe97c0ff39b12d689
57,rounded_hidden_time,naive_boundary,INCONCLUSIVE,UNKNOWN,INCONCLUSIVE,POINT_ESTIMABLE,,,,1.0,0.005549213365239749,-0.05325078663476025,0.06434921336523974,6.308299634838477e-05,5aa4244363ebb317d4d07237a51357819655d54eead8ce2fe97c0ff39b12d689
57,rounded_hidden_time,ridge,INCONCLUSIVE,UNKNOWN,INCONCLUSIVE,POINT_ESTIMABLE,,,,1.0,0.8854693208936252,0.8266693208936252,0.9442693208936251,1.4917000953573734e-05,5aa4244363ebb317d4d07237a51357819655d54eead8ce2fe97c0ff39b12d689
57,rounded_hidden_time,tsvd,INCONCLUSIVE,UNKNOWN,INCONCLUSIVE,POINT_ESTIMABLE,,,,1.0,0.8856400519313575,0.8268400519313576,0.9444400519313575,3.4292002965230495e-05,5aa4244363ebb317d4d07237a51357819655d54eead8ce2fe97c0ff39b12d689
58,fine_4h,crome,POINT_ESTIMABLE,UNKNOWN,POINT_AT_TAU,POINT_ESTIMABLE,UNKNOWN,POINT_AT_TAU,assumption_conditional,1.0,1.0047189068419613,0.9226726390545826,1.08676517462934,0.09796612499485491,5aa4244363ebb317d4d07237a51357819655d54eead8ce2fe97c0ff39b12d689
58,fine_4h,naive_boundary,POINT_ESTIMABLE,UNKNOWN,POINT_AT_TAU,POINT_ESTIMABLE,,,,1.0,0.999342898729419,0.940542898729419,1.058142898729419,8.349999552592635e-05,5aa4244363ebb317d4d07237a51357819655d54eead8ce2fe97c0ff39b12d689
58,fine_4h,ridge,POINT_ESTIMABLE,UNKNOWN,POINT_AT_TAU,POINT_ESTIMABLE,,,,1.0,0.9985642976407906,0.9397642976407906,1.0573642976407907,1.9208004232496023e-05,5aa4244363ebb317d4d07237a51357819655d54eead8ce2fe97c0ff39b12d689
58,fine_4h,tsvd,POINT_ESTIMABLE,UNKNOWN,POINT_AT_TAU,POINT_ESTIMABLE,,,,1.0,0.9988608255176165,0.9400608255176165,1.0576608255176165,4.533299943432212e-05,5aa4244363ebb317d4d07237a51357819655d54eead8ce2fe97c0ff39b12d689
58,daily_gap,crome,SET_ESTIMABLE,NONIDENTIFIED,SET,NONRECOVERABLE,NONIDENTIFIED,SET,assumption_conditional,1.0,,0.8942625270240819,1.1433371681059508,0.05995750000147382,5aa4244363ebb317d4d07237a51357819655d54eead8ce2fe97c0ff39b12d689
58,daily_gap,naive_boundary,SET_ESTIMABLE,NONIDENTIFIED,SET,INCONCLUSIVE,,,,1.0,,,,2.6792004064191133e-05,5aa4244363ebb317d4d07237a51357819655d54eead8ce2fe97c0ff39b12d689
58,daily_gap,ridge,SET_ESTIMABLE,NONIDENTIFIED,SET,POINT_ESTIMABLE,,,,1.0,0.0,-0.0588,0.0588,2.5875000574160367e-05,5aa4244363ebb317d4d07237a51357819655d54eead8ce2fe97c0ff39b12d689
58,daily_gap,tsvd,SET_ESTIMABLE,NONIDENTIFIED,SET,POINT_ESTIMABLE,,,,1.0,0.0,-0.0588,0.0588,3.724999987753108e-05,5aa4244363ebb317d4d07237a51357819655d54eead8ce2fe97c0ff39b12d689
58,target_mark_collapse,crome,NONRECOVERABLE,NONIDENTIFIED,INCONCLUSIVE,NONRECOVERABLE,NONIDENTIFIED,INCONCLUSIVE,population_exact,1.0,,,,0.016628333993139677,5aa4244363ebb317d4d07237a51357819655d54eead8ce2fe97c0ff39b12d689
58,target_mark_collapse,naive_boundary,NONRECOVERABLE,NONIDENTIFIED,INCONCLUSIVE,POINT_ESTIMABLE,,,,1.0,0.9924852018396552,0.9336852018396552,1.0512852018396552,7.041599747026339e-05,5aa4244363ebb317d4d07237a51357819655d54eead8ce2fe97c0ff39b12d689
58,target_mark_collapse,ridge,NONRECOVERABLE,NONIDENTIFIED,INCONCLUSIVE,POINT_ESTIMABLE,,,,1.0,0.0,-0.0588,0.0588,1.612499909242615e-05,5aa4244363ebb317d4d07237a51357819655d54eead8ce2fe97c0ff39b12d689
58,target_mark_collapse,tsvd,NONRECOVERABLE,NONIDENTIFIED,INCONCLUSIVE,POINT_ESTIMABLE,,,,1.0,0.0,-0.0588,0.0588,3.608399856602773e-05,5aa4244363ebb317d4d07237a51357819655d54eead8ce2fe97c0ff39b12d689
58,rounded_hidden_time,crome,INCONCLUSIVE,UNKNOWN,INCONCLUSIVE,INCONCLUSIVE,UNKNOWN,INCONCLUSIVE,finite_sample_only,1.0,,,,0.0075782499989145435,5aa4244363ebb317d4d07237a51357819655d54eead8ce2fe97c0ff39b12d689
58,rounded_hidden_time,naive_boundary,INCONCLUSIVE,UNKNOWN,INCONCLUSIVE,POINT_ESTIMABLE,,,,1.0,0.006054273108770187,-0.05274572689122981,0.06485427310877019,6.28749985480681e-05,5aa4244363ebb317d4d07237a51357819655d54eead8ce2fe97c0ff39b12d689
58,rounded_hidden_time,ridge,INCONCLUSIVE,UNKNOWN,INCONCLUSIVE,POINT_ESTIMABLE,,,,1.0,0.8830245872781834,0.8242245872781835,0.9418245872781834,1.4958000974729657e-05,5aa4244363ebb317d4d07237a51357819655d54eead8ce2fe97c0ff39b12d689
58,rounded_hidden_time,tsvd,INCONCLUSIVE,UNKNOWN,INCONCLUSIVE,POINT_ESTIMABLE,,,,1.0,0.8832127839091866,0.8244127839091866,0.9420127839091865,3.4040996979456395e-05,5aa4244363ebb317d4d07237a51357819655d54eead8ce2fe97c0ff39b12d689
59,fine_4h,crome,POINT_ESTIMABLE,UNKNOWN,POINT_AT_TAU,POINT_ESTIMABLE,UNKNOWN,POINT_AT_TAU,assumption_conditional,1.0,1.0035585442484534,0.9217212977627683,1.0853957907341385,0.09572716699767625,5aa4244363ebb317d4d07237a51357819655d54eead8ce2fe97c0ff39b12d689
59,fine_4h,naive_boundary,POINT_ESTIMABLE,UNKNOWN,POINT_AT_TAU,POINT_ESTIMABLE,,,,1.0,0.9962013640096883,0.9374013640096883,1.0550013640096882,5.8625002566259354e-05,5aa4244363ebb317d4d07237a51357819655d54eead8ce2fe97c0ff39b12d689
59,fine_4h,ridge,POINT_ESTIMABLE,UNKNOWN,POINT_AT_TAU,POINT_ESTIMABLE,,,,1.0,1.0069733330910824,0.9481733330910824,1.0657733330910824,1.4416997146327049e-05,5aa4244363ebb317d4d07237a51357819655d54eead8ce2fe97c0ff39b12d689
59,fine_4h,tsvd,POINT_ESTIMABLE,UNKNOWN,POINT_AT_TAU,POINT_ESTIMABLE,,,,1.0,1.0072158158594542,0.9484158158594542,1.0660158158594542,3.504099731799215e-05,5aa4244363ebb317d4d07237a51357819655d54eead8ce2fe97c0ff39b12d689
59,daily_gap,crome,SET_ESTIMABLE,NONIDENTIFIED,SET,NONRECOVERABLE,NONIDENTIFIED,SET,assumption_conditional,1.0,,0.8538102673406136,1.156493554708252,0.06424387500010198,5aa4244363ebb317d4d07237a51357819655d54eead8ce2fe97c0ff39b12d689
59,daily_gap,naive_boundary,SET_ESTIMABLE,NONIDENTIFIED,SET,INCONCLUSIVE,,,,1.0,,,,2.341700019314885e-05,5aa4244363ebb317d4d07237a51357819655d54eead8ce2fe97c0ff39b12d689
59,daily_gap,ridge,SET_ESTIMABLE,NONIDENTIFIED,SET,POINT_ESTIMABLE,,,,1.0,0.0,-0.0588,0.0588,2.2166997950989753e-05,5aa4244363ebb317d4d07237a51357819655d54eead8ce2fe97c0ff39b12d689
59,daily_gap,tsvd,SET_ESTIMABLE,NONIDENTIFIED,SET,POINT_ESTIMABLE,,,,1.0,0.0,-0.0588,0.0588,3.329200262669474e-05,5aa4244363ebb317d4d07237a51357819655d54eead8ce2fe97c0ff39b12d689
59,target_mark_collapse,crome,NONRECOVERABLE,NONIDENTIFIED,INCONCLUSIVE,NONRECOVERABLE,NONIDENTIFIED,INCONCLUSIVE,population_exact,1.0,,,,0.016560000003664754,5aa4244363ebb317d4d07237a51357819655d54eead8ce2fe97c0ff39b12d689
59,target_mark_collapse,naive_boundary,NONRECOVERABLE,NONIDENTIFIED,INCONCLUSIVE,POINT_ESTIMABLE,,,,1.0,0.9995459203303809,0.940745920330381,1.0583459203303809,6.925000343471766e-05,5aa4244363ebb317d4d07237a51357819655d54eead8ce2fe97c0ff39b12d689
59,target_mark_collapse,ridge,NONRECOVERABLE,NONIDENTIFIED,INCONCLUSIVE,POINT_ESTIMABLE,,,,1.0,0.0,-0.0588,0.0588,1.5124998753890395e-05,5aa4244363ebb317d4d07237a51357819655d54eead8ce2fe97c0ff39b12d689
59,target_mark_collapse,tsvd,NONRECOVERABLE,NONIDENTIFIED,INCONCLUSIVE,POINT_ESTIMABLE,,,,1.0,0.0,-0.0588,0.0588,2.9374998121056706e-05,5aa4244363ebb317d4d07237a51357819655d54eead8ce2fe97c0ff39b12d689
59,rounded_hidden_time,crome,INCONCLUSIVE,UNKNOWN,INCONCLUSIVE,INCONCLUSIVE,UNKNOWN,INCONCLUSIVE,finite_sample_only,1.0,,,,0.007518374994106125,5aa4244363ebb317d4d07237a51357819655d54eead8ce2fe97c0ff39b12d689
59,rounded_hidden_time,naive_boundary,INCONCLUSIVE,UNKNOWN,INCONCLUSIVE,POINT_ESTIMABLE,,,,1.0,0.005302316873005897,-0.0534976831269941,0.0641023168730059,6.216699694050476e-05,5aa4244363ebb317d4d07237a51357819655d54eead8ce2fe97c0ff39b12d689
59,rounded_hidden_time,ridge,INCONCLUSIVE,UNKNOWN,INCONCLUSIVE,POINT_ESTIMABLE,,,,1.0,0.8746907652851783,0.8158907652851783,0.9334907652851783,1.4500001270789653e-05,5aa4244363ebb317d4d07237a51357819655d54eead8ce2fe97c0ff39b12d689
59,rounded_hidden_time,tsvd,INCONCLUSIVE,UNKNOWN,INCONCLUSIVE,POINT_ESTIMABLE,,,,1.0,0.8748630380413079,0.816063038041308,0.9336630380413079,3.329200262669474e-05,5aa4244363ebb317d4d07237a51357819655d54eead8ce2fe97c0ff39b12d689
60,fine_4h,crome,POINT_ESTIMABLE,UNKNOWN,POINT_AT_TAU,POINT_ESTIMABLE,UNKNOWN,POINT_AT_TAU,assumption_conditional,1.0,1.0071842113975171,0.9255562183275888,1.0888122044674455,0.09918654200009769,5aa4244363ebb317d4d07237a51357819655d54eead8ce2fe97c0ff39b12d689
60,fine_4h,naive_boundary,POINT_ESTIMABLE,UNKNOWN,POINT_AT_TAU,POINT_ESTIMABLE,,,,1.0,1.0031881135682388,0.9443881135682388,1.0619881135682387,5.8917001297231764e-05,5aa4244363ebb317d4d07237a51357819655d54eead8ce2fe97c0ff39b12d689
60,fine_4h,ridge,POINT_ESTIMABLE,UNKNOWN,POINT_AT_TAU,POINT_ESTIMABLE,,,,1.0,1.0076287319456587,0.9488287319456588,1.0664287319456587,1.4375000318977982e-05,5aa4244363ebb317d4d07237a51357819655d54eead8ce2fe97c0ff39b12d689
60,fine_4h,tsvd,POINT_ESTIMABLE,UNKNOWN,POINT_AT_TAU,POINT_ESTIMABLE,,,,1.0,1.0079006496590641,0.9491006496590642,1.066700649659064,3.374999505467713e-05,5aa4244363ebb317d4d07237a51357819655d54eead8ce2fe97c0ff39b12d689
60,daily_gap,crome,SET_ESTIMABLE,NONIDENTIFIED,SET,NONRECOVERABLE,NONIDENTIFIED,SET,assumption_conditional,1.0,,0.8739041779108626,1.1340827837914014,0.06581825000466779,5aa4244363ebb317d4d07237a51357819655d54eead8ce2fe97c0ff39b12d689
60,daily_gap,naive_boundary,SET_ESTIMABLE,NONIDENTIFIED,SET,INCONCLUSIVE,,,,1.0,,,,2.454200148349628e-05,5aa4244363ebb317d4d07237a51357819655d54eead8ce2fe97c0ff39b12d689
60,daily_gap,ridge,SET_ESTIMABLE,NONIDENTIFIED,SET,POINT_ESTIMABLE,,,,1.0,0.0,-0.0588,0.0588,2.300000051036477e-05,5aa4244363ebb317d4d07237a51357819655d54eead8ce2fe97c0ff39b12d689
60,daily_gap,tsvd,SET_ESTIMABLE,NONIDENTIFIED,SET,POINT_ESTIMABLE,,,,1.0,0.0,-0.0588,0.0588,3.5707998904399574e-05,5aa4244363ebb317d4d07237a51357819655d54eead8ce2fe97c0ff39b12d689
60,target_mark_collapse,crome,NONRECOVERABLE,NONIDENTIFIED,INCONCLUSIVE,NONRECOVERABLE,NONIDENTIFIED,INCONCLUSIVE,population_exact,1.0,,,,0.016422332999354694,5aa4244363ebb317d4d07237a51357819655d54eead8ce2fe97c0ff39b12d689
60,target_mark_collapse,naive_boundary,NONRECOVERABLE,NONIDENTIFIED,INCONCLUSIVE,POINT_ESTIMABLE,,,,1.0,1.0001660263702976,0.9413660263702976,1.0589660263702976,6.641700019827113e-05,5aa4244363ebb317d4d07237a51357819655d54eead8ce2fe97c0ff39b12d689
60,target_mark_collapse,ridge,NONRECOVERABLE,NONIDENTIFIED,INCONCLUSIVE,POINT_ESTIMABLE,,,,1.0,0.0,-0.0588,0.0588,1.570799940964207e-05,5aa4244363ebb317d4d07237a51357819655d54eead8ce2fe97c0ff39b12d689
60,target_mark_collapse,tsvd,NONRECOVERABLE,NONIDENTIFIED,INCONCLUSIVE,POINT_ESTIMABLE,,,,1.0,0.0,-0.0588,0.0588,2.966700412798673e-05,5aa4244363ebb317d4d07237a51357819655d54eead8ce2fe97c0ff39b12d689
60,rounded_hidden_time,crome,INCONCLUSIVE,UNKNOWN,INCONCLUSIVE,INCONCLUSIVE,UNKNOWN,INCONCLUSIVE,finite_sample_only,1.0,,,,0.007408083998598158,5aa4244363ebb317d4d07237a51357819655d54eead8ce2fe97c0ff39b12d689
60,rounded_hidden_time,naive_boundary,INCONCLUSIVE,UNKNOWN,INCONCLUSIVE,POINT_ESTIMABLE,,,,1.0,1.0078025039233176,0.9490025039233176,1.0666025039233176,7.175000064307824e-05,5aa4244363ebb317d4d07237a51357819655d54eead8ce2fe97c0ff39b12d689
60,rounded_hidden_time,ridge,INCONCLUSIVE,UNKNOWN,INCONCLUSIVE,POINT_ESTIMABLE,,,,1.0,0.8832636830215705,0.8244636830215706,0.9420636830215705,1.4375000318977982e-05,5aa4244363ebb317d4d07237a51357819655d54eead8ce2fe97c0ff39b12d689
60,rounded_hidden_time,tsvd,INCONCLUSIVE,UNKNOWN,INCONCLUSIVE,POINT_ESTIMABLE,,,,1.0,0.8834724402862036,0.8246724402862037,0.9422724402862036,3.345900040585548e-05,5aa4244363ebb317d4d07237a51357819655d54eead8ce2fe97c0ff39b12d689
61,fine_4h,crome,POINT_ESTIMABLE,UNKNOWN,POINT_AT_TAU,POINT_ESTIMABLE,UNKNOWN,POINT_AT_TAU,assumption_conditional,1.0,1.005629406651952,0.9236285685812484,1.0876302447226556,0.09779133399570128,5aa4244363ebb317d4d07237a51357819655d54eead8ce2fe97c0ff39b12d689
61,fine_4h,naive_boundary,POINT_ESTIMABLE,UNKNOWN,POINT_AT_TAU,POINT_ESTIMABLE,,,,1.0,0.9947064726407244,0.9359064726407245,1.0535064726407244,5.816700286231935e-05,5aa4244363ebb317d4d07237a51357819655d54eead8ce2fe97c0ff39b12d689
61,fine_4h,ridge,POINT_ESTIMABLE,UNKNOWN,POINT_AT_TAU,POINT_ESTIMABLE,,,,1.0,0.9962124774126261,0.9374124774126261,1.0550124774126262,1.4208002539817244e-05,5aa4244363ebb317d4d07237a51357819655d54eead8ce2fe97c0ff39b12d689
61,fine_4h,tsvd,POINT_ESTIMABLE,UNKNOWN,POINT_AT_TAU,POINT_ESTIMABLE,,,,1.0,0.9964920059263656,0.9376920059263656,1.0552920059263655,3.237499913666397e-05,5aa4244363ebb317d4d07237a51357819655d54eead8ce2fe97c0ff39b12d689
61,daily_gap,crome,SET_ESTIMABLE,NONIDENTIFIED,SET,NONRECOVERABLE,NONIDENTIFIED,SET,assumption_conditional,1.0,,0.8700694416478368,1.1657924673635958,0.06640295800025342,5aa4244363ebb317d4d07237a51357819655d54eead8ce2fe97c0ff39b12d689
61,daily_gap,naive_boundary,SET_ESTIMABLE,NONIDENTIFIED,SET,INCONCLUSIVE,,,,1.0,,,,2.4125001800712198e-05,5aa4244363ebb317d4d07237a51357819655d54eead8ce2fe97c0ff39b12d689
61,daily_gap,ridge,SET_ESTIMABLE,NONIDENTIFIED,SET,POINT_ESTIMABLE,,,,1.0,0.0,-0.0588,0.0588,2.079099795082584e-05,5aa4244363ebb317d4d07237a51357819655d54eead8ce2fe97c0ff39b12d689
61,daily_gap,tsvd,SET_ESTIMABLE,NONIDENTIFIED,SET,POINT_ESTIMABLE,,,,1.0,0.0,-0.0588,0.0588,3.037499845959246e-05,5aa4244363ebb317d4d07237a51357819655d54eead8ce2fe97c0ff39b12d689
61,target_mark_collapse,crome,NONRECOVERABLE,NONIDENTIFIED,INCONCLUSIVE,NONRECOVERABLE,NONIDENTIFIED,INCONCLUSIVE,population_exact,1.0,,,,0.016341875001671724,5aa4244363ebb317d4d07237a51357819655d54eead8ce2fe97c0ff39b12d689
61,target_mark_collapse,naive_boundary,NONRECOVERABLE,NONIDENTIFIED,INCONCLUSIVE,POINT_ESTIMABLE,,,,1.0,0.9988851110280813,0.9400851110280813,1.0576851110280814,6.662499799858779e-05,5aa4244363ebb317d4d07237a51357819655d54eead8ce2fe97c0ff39b12d689
61,target_mark_collapse,ridge,NONRECOVERABLE,NONIDENTIFIED,INCONCLUSIVE,POINT_ESTIMABLE,,,,1.0,0.0,-0.0588,0.0588,1.5000005078036338e-05,5aa4244363ebb317d4d07237a51357819655d54eead8ce2fe97c0ff39b12d689
61,target_mark_collapse,tsvd,NONRECOVERABLE,NONIDENTIFIED,INCONCLUSIVE,POINT_ESTIMABLE,,,,1.0,0.0,-0.0588,0.0588,2.9125003493390977e-05,5aa4244363ebb317d4d07237a51357819655d54eead8ce2fe97c0ff39b12d689
61,rounded_hidden_time,crome,INCONCLUSIVE,UNKNOWN,INCONCLUSIVE,INCONCLUSIVE,UNKNOWN,INCONCLUSIVE,finite_sample_only,1.0,,,,0.007422125003358815,5aa4244363ebb317d4d07237a51357819655d54eead8ce2fe97c0ff39b12d689
61,rounded_hidden_time,naive_boundary,INCONCLUSIVE,UNKNOWN,INCONCLUSIVE,POINT_ESTIMABLE,,,,1.0,1.0051797284647341,0.9463797284647342,1.063979728464734,7.337499846471474e-05,5aa4244363ebb317d4d07237a51357819655d54eead8ce2fe97c0ff39b12d689
61,rounded_hidden_time,ridge,INCONCLUSIVE,UNKNOWN,INCONCLUSIVE,POINT_ESTIMABLE,,,,1.0,0.8834722115790424,0.8246722115790425,0.9422722115790424,1.3875003787688911e-05,5aa4244363ebb317d4d07237a51357819655d54eead8ce2fe97c0ff39b12d689
61,rounded_hidden_time,tsvd,INCONCLUSIVE,UNKNOWN,INCONCLUSIVE,POINT_ESTIMABLE,,,,1.0,0.8836543198968425,0.8248543198968425,0.9424543198968425,3.245900006731972e-05,5aa4244363ebb317d4d07237a51357819655d54eead8ce2fe97c0ff39b12d689
62,fine_4h,crome,POINT_ESTIMABLE,UNKNOWN,POINT_AT_TAU,POINT_ESTIMABLE,UNKNOWN,POINT_AT_TAU,assumption_conditional,1.0,1.0059026013657937,0.9239313283675249,1.0878738743640626,0.09458204199472675,5aa4244363ebb317d4d07237a51357819655d54eead8ce2fe97c0ff39b12d689
62,fine_4h,naive_boundary,POINT_ESTIMABLE,UNKNOWN,POINT_AT_TAU,POINT_ESTIMABLE,,,,1.0,1.0004513550280265,0.9416513550280265,1.0592513550280265,6.150000263005495e-05,5aa4244363ebb317d4d07237a51357819655d54eead8ce2fe97c0ff39b12d689
62,fine_4h,ridge,POINT_ESTIMABLE,UNKNOWN,POINT_AT_TAU,POINT_ESTIMABLE,,,,1.0,0.9991431637465733,0.9403431637465733,1.0579431637465733,1.4458004443440586e-05,5aa4244363ebb317d4d07237a51357819655d54eead8ce2fe97c0ff39b12d689
62,fine_4h,tsvd,POINT_ESTIMABLE,UNKNOWN,POINT_AT_TAU,POINT_ESTIMABLE,,,,1.0,0.9994274938346109,0.940627493834611,1.058227493834611,3.5707998904399574e-05,5aa4244363ebb317d4d07237a51357819655d54eead8ce2fe97c0ff39b12d689
62,daily_gap,crome,SET_ESTIMABLE,NONIDENTIFIED,SET,NONRECOVERABLE,NONIDENTIFIED,SET,assumption_conditional,1.0,,0.8614405550707682,1.1615981002231306,0.06267937499796972,5aa4244363ebb317d4d07237a51357819655d54eead8ce2fe97c0ff39b12d689
62,daily_gap,naive_boundary,SET_ESTIMABLE,NONIDENTIFIED,SET,INCONCLUSIVE,,,,1.0,,,,2.3959000827744603e-05,5aa4244363ebb317d4d07237a51357819655d54eead8ce2fe97c0ff39b12d689
62,daily_gap,ridge,SET_ESTIMABLE,NONIDENTIFIED,SET,POINT_ESTIMABLE,,,,1.0,0.0,-0.0588,0.0588,2.112500078510493e-05,5aa4244363ebb317d4d07237a51357819655d54eead8ce2fe97c0ff39b12d689
62,daily_gap,tsvd,SET_ESTIMABLE,NONIDENTIFIED,SET,POINT_ESTIMABLE,,,,1.0,0.0,-0.0588,0.0588,3.366699820617214e-05,5aa4244363ebb317d4d07237a51357819655d54eead8ce2fe97c0ff39b12d689
62,target_mark_collapse,crome,NONRECOVERABLE,NONIDENTIFIED,INCONCLUSIVE,NONRECOVERABLE,NONIDENTIFIED,INCONCLUSIVE,population_exact,1.0,,,,0.016397999999753665,5aa4244363ebb317d4d07237a51357819655d54eead8ce2fe97c0ff39b12d689
62,target_mark_collapse,naive_boundary,NONRECOVERABLE,NONIDENTIFIED,INCONCLUSIVE,POINT_ESTIMABLE,,,,1.0,1.001329908618932,0.942529908618932,1.060129908618932,6.841700087534264e-05,5aa4244363ebb317d4d07237a51357819655d54eead8ce2fe97c0ff39b12d689
62,target_mark_collapse,ridge,NONRECOVERABLE,NONIDENTIFIED,INCONCLUSIVE,POINT_ESTIMABLE,,,,1.0,0.0,-0.0588,0.0588,1.4750003174412996e-05,5aa4244363ebb317d4d07237a51357819655d54eead8ce2fe97c0ff39b12d689
62,target_mark_collapse,tsvd,NONRECOVERABLE,NONIDENTIFIED,INCONCLUSIVE,POINT_ESTIMABLE,,,,1.0,0.0,-0.0588,0.0588,3.258300421293825e-05,5aa4244363ebb317d4d07237a51357819655d54eead8ce2fe97c0ff39b12d689
62,rounded_hidden_time,crome,INCONCLUSIVE,UNKNOWN,INCONCLUSIVE,INCONCLUSIVE,UNKNOWN,INCONCLUSIVE,finite_sample_only,1.0,,,,0.007550499998615123,5aa4244363ebb317d4d07237a51357819655d54eead8ce2fe97c0ff39b12d689
62,rounded_hidden_time,naive_boundary,INCONCLUSIVE,UNKNOWN,INCONCLUSIVE,POINT_ESTIMABLE,,,,1.0,1.00588602752822,0.94708602752822,1.06468602752822,7.787499635014683e-05,5aa4244363ebb317d4d07237a51357819655d54eead8ce2fe97c0ff39b12d689
62,rounded_hidden_time,ridge,INCONCLUSIVE,UNKNOWN,INCONCLUSIVE,POINT_ESTIMABLE,,,,1.0,0.8849985267525653,0.8261985267525653,0.9437985267525653,1.454199809813872e-05,5aa4244363ebb317d4d07237a51357819655d54eead8ce2fe97c0ff39b12d689
62,rounded_hidden_time,tsvd,INCONCLUSIVE,UNKNOWN,INCONCLUSIVE,POINT_ESTIMABLE,,,,1.0,0.8851801411376017,0.8263801411376017,0.9439801411376016,3.2707997888792306e-05,5aa4244363ebb317d4d07237a51357819655d54eead8ce2fe97c0ff39b12d689
63,fine_4h,crome,POINT_ESTIMABLE,UNKNOWN,POINT_AT_TAU,POINT_ESTIMABLE,UNKNOWN,POINT_AT_TAU,assumption_conditional,1.0,1.006697283325014,0.9250277716638722,1.088366794986156,0.09604937500262167,5aa4244363ebb317d4d07237a51357819655d54eead8ce2fe97c0ff39b12d689
63,fine_4h,naive_boundary,POINT_ESTIMABLE,UNKNOWN,POINT_AT_TAU,POINT_ESTIMABLE,,,,1.0,1.0010054916024633,0.9422054916024634,1.0598054916024633,5.804099782835692e-05,5aa4244363ebb317d4d07237a51357819655d54eead8ce2fe97c0ff39b12d689
63,fine_4h,ridge,POINT_ESTIMABLE,UNKNOWN,POINT_AT_TAU,POINT_ESTIMABLE,,,,1.0,0.9959339855860775,0.9371339855860775,1.0547339855860776,1.4083998394198716e-05,5aa4244363ebb317d4d07237a51357819655d54eead8ce2fe97c0ff39b12d689
63,fine_4h,tsvd,POINT_ESTIMABLE,UNKNOWN,POINT_AT_TAU,POINT_ESTIMABLE,,,,1.0,0.9961723741533925,0.9373723741533926,1.0549723741533925,3.3958000130951405e-05,5aa4244363ebb317d4d07237a51357819655d54eead8ce2fe97c0ff39b12d689
63,daily_gap,crome,SET_ESTIMABLE,NONIDENTIFIED,SET,NONRECOVERABLE,NONIDENTIFIED,SET,assumption_conditional,1.0,,0.869352092290904,1.1314363797062426,0.057563332993595395,5aa4244363ebb317d4d07237a51357819655d54eead8ce2fe97c0ff39b12d689
63,daily_gap,naive_boundary,SET_ESTIMABLE,NONIDENTIFIED,SET,INCONCLUSIVE,,,,1.0,,,,2.3625005269423127e-05,5aa4244363ebb317d4d07237a51357819655d54eead8ce2fe97c0ff39b12d689
63,daily_gap,ridge,SET_ESTIMABLE,NONIDENTIFIED,SET,POINT_ESTIMABLE,,,,1.0,0.0,-0.0588,0.0588,2.2291998902801424e-05,5aa4244363ebb317d4d07237a51357819655d54eead8ce2fe97c0ff39b12d689
63,daily_gap,tsvd,SET_ESTIMABLE,NONIDENTIFIED,SET,POINT_ESTIMABLE,,,,1.0,0.0,-0.0588,0.0588,3.341599949635565e-05,5aa4244363ebb317d4d07237a51357819655d54eead8ce2fe97c0ff39b12d689
63,target_mark_collapse,crome,NONRECOVERABLE,NONIDENTIFIED,INCONCLUSIVE,NONRECOVERABLE,NONIDENTIFIED,INCONCLUSIVE,population_exact,1.0,,,,0.016637708999041934,5aa4244363ebb317d4d07237a51357819655d54eead8ce2fe97c0ff39b12d689
63,target_mark_collapse,naive_boundary,NONRECOVERABLE,NONIDENTIFIED,INCONCLUSIVE,POINT_ESTIMABLE,,,,1.0,0.997515952775976,0.9387159527759761,1.056315952775976,6.662499799858779e-05,5aa4244363ebb317d4d07237a51357819655d54eead8ce2fe97c0ff39b12d689
63,target_mark_collapse,ridge,NONRECOVERABLE,NONIDENTIFIED,INCONCLUSIVE,POINT_ESTIMABLE,,,,1.0,0.0,-0.0588,0.0588,1.5666999388486147e-05,5aa4244363ebb317d4d07237a51357819655d54eead8ce2fe97c0ff39b12d689
63,target_mark_collapse,tsvd,NONRECOVERABLE,NONIDENTIFIED,INCONCLUSIVE,POINT_ESTIMABLE,,,,1.0,0.0,-0.0588,0.0588,3.004099562531337e-05,5aa4244363ebb317d4d07237a51357819655d54eead8ce2fe97c0ff39b12d689
63,rounded_hidden_time,crome,INCONCLUSIVE,UNKNOWN,INCONCLUSIVE,INCONCLUSIVE,UNKNOWN,INCONCLUSIVE,finite_sample_only,1.0,,,,0.007576041993161198,5aa4244363ebb317d4d07237a51357819655d54eead8ce2fe97c0ff39b12d689
63,rounded_hidden_time,naive_boundary,INCONCLUSIVE,UNKNOWN,INCONCLUSIVE,POINT_ESTIMABLE,,,,1.0,1.0057712629964295,0.9469712629964295,1.0645712629964295,7.358300354098901e-05,5aa4244363ebb317d4d07237a51357819655d54eead8ce2fe97c0ff39b12d689
63,rounded_hidden_time,ridge,INCONCLUSIVE,UNKNOWN,INCONCLUSIVE,POINT_ESTIMABLE,,,,1.0,0.8763367324474504,0.8175367324474504,0.9351367324474503,1.454199809813872e-05,5aa4244363ebb317d4d07237a51357819655d54eead8ce2fe97c0ff39b12d689
63,rounded_hidden_time,tsvd,INCONCLUSIVE,UNKNOWN,INCONCLUSIVE,POINT_ESTIMABLE,,,,1.0,0.8765146338489105,0.8177146338489105,0.9353146338489104,4.1332998080179095e-05,5aa4244363ebb317d4d07237a51357819655d54eead8ce2fe97c0ff39b12d689
64,fine_4h,crome,POINT_ESTIMABLE,UNKNOWN,POINT_AT_TAU,POINT_ESTIMABLE,UNKNOWN,POINT_AT_TAU,assumption_conditional,1.0,1.0044677959753099,0.9228848310041526,1.0860507609464671,0.100771416000498,5aa4244363ebb317d4d07237a51357819655d54eead8ce2fe97c0ff39b12d689
64,fine_4h,naive_boundary,POINT_ESTIMABLE,UNKNOWN,POINT_AT_TAU,POINT_ESTIMABLE,,,,1.0,1.0039929779788699,0.9451929779788699,1.0627929779788698,6.666599801974371e-05,5aa4244363ebb317d4d07237a51357819655d54eead8ce2fe97c0ff39b12d689
64,fine_4h,ridge,POINT_ESTIMABLE,UNKNOWN,POINT_AT_TAU,POINT_ESTIMABLE,,,,1.0,1.009194800274263,0.950394800274263,1.067994800274263,1.4625002222601324e-05,5aa4244363ebb317d4d07237a51357819655d54eead8ce2fe97c0ff39b12d689
64,fine_4h,tsvd,POINT_ESTIMABLE,UNKNOWN,POINT_AT_TAU,POINT_ESTIMABLE,,,,1.0,1.0094535829941276,0.9506535829941276,1.0682535829941275,3.54999938281253e-05,5aa4244363ebb317d4d07237a51357819655d54eead8ce2fe97c0ff39b12d689
64,daily_gap,crome,SET_ESTIMABLE,NONIDENTIFIED,SET,NONRECOVERABLE,NONIDENTIFIED,SET,assumption_conditional,1.0,,0.87055256738456,1.1481938742271505,0.06027070799609646,5aa4244363ebb317d4d07237a51357819655d54eead8ce2fe97c0ff39b12d689
64,daily_gap,naive_boundary,SET_ESTIMABLE,NONIDENTIFIED,SET,INCONCLUSIVE,,,,1.0,,,,2.2958003683015704e-05,5aa4244363ebb317d4d07237a51357819655d54eead8ce2fe97c0ff39b12d689
64,daily_gap,ridge,SET_ESTIMABLE,NONIDENTIFIED,SET,POINT_ESTIMABLE,,,,1.0,0.0,-0.0588,0.0588,2.1540996385738254e-05,5aa4244363ebb317d4d07237a51357819655d54eead8ce2fe97c0ff39b12d689
64,daily_gap,tsvd,SET_ESTIMABLE,NONIDENTIFIED,SET,POINT_ESTIMABLE,,,,1.0,0.0,-0.0588,0.0588,3.399999695830047e-05,5aa4244363ebb317d4d07237a51357819655d54eead8ce2fe97c0ff39b12d689
64,target_mark_collapse,crome,NONRECOVERABLE,NONIDENTIFIED,INCONCLUSIVE,NONRECOVERABLE,NONIDENTIFIED,INCONCLUSIVE,population_exact,1.0,,,,0.01654529199731769,5aa4244363ebb317d4d07237a51357819655d54eead8ce2fe97c0ff39b12d689
64,target_mark_collapse,naive_boundary,NONRECOVERABLE,NONIDENTIFIED,INCONCLUSIVE,POINT_ESTIMABLE,,,,1.0,1.0025636556968334,0.9437636556968334,1.0613636556968333,7.433400605805218e-05,5aa4244363ebb317d4d07237a51357819655d54eead8ce2fe97c0ff39b12d689
64,target_mark_collapse,ridge,NONRECOVERABLE,NONIDENTIFIED,INCONCLUSIVE,POINT_ESTIMABLE,,,,1.0,0.0,-0.0588,0.0588,1.6375000996049494e-05,5aa4244363ebb317d4d07237a51357819655d54eead8ce2fe97c0ff39b12d689
64,target_mark_collapse,tsvd,NONRECOVERABLE,NONIDENTIFIED,INCONCLUSIVE,POINT_ESTIMABLE,,,,1.0,0.0,-0.0588,0.0588,3.316700167488307e-05,5aa4244363ebb317d4d07237a51357819655d54eead8ce2fe97c0ff39b12d689
64,rounded_hidden_time,crome,INCONCLUSIVE,UNKNOWN,INCONCLUSIVE,INCONCLUSIVE,UNKNOWN,INCONCLUSIVE,finite_sample_only,1.0,,,,0.007571874994027894,5aa4244363ebb317d4d07237a51357819655d54eead8ce2fe97c0ff39b12d689
64,rounded_hidden_time,naive_boundary,INCONCLUSIVE,UNKNOWN,INCONCLUSIVE,POINT_ESTIMABLE,,,,1.0,1.0064263171235774,0.9476263171235775,1.0652263171235774,7.437499880325049e-05,5aa4244363ebb317d4d07237a51357819655d54eead8ce2fe97c0ff39b12d689
64,rounded_hidden_time,ridge,INCONCLUSIVE,UNKNOWN,INCONCLUSIVE,POINT_ESTIMABLE,,,,1.0,0.8778838079451857,0.8190838079451858,0.9366838079451857,1.4457997167482972e-05,5aa4244363ebb317d4d07237a51357819655d54eead8ce2fe97c0ff39b12d689
64,rounded_hidden_time,tsvd,INCONCLUSIVE,UNKNOWN,INCONCLUSIVE,POINT_ESTIMABLE,,,,1.0,0.8780621626251256,0.8192621626251256,0.9368621626251256,3.3166004868689924e-05,5aa4244363ebb317d4d07237a51357819655d54eead8ce2fe97c0ff39b12d689
65,fine_4h,crome,POINT_ESTIMABLE,UNKNOWN,POINT_AT_TAU,POINT_ESTIMABLE,UNKNOWN,POINT_AT_TAU,assumption_conditional,1.0,1.0068494356735398,0.9251139975812795,1.0885848737658,0.09969945799821289,5aa4244363ebb317d4d07237a51357819655d54eead8ce2fe97c0ff39b12d689
65,fine_4h,naive_boundary,POINT_ESTIMABLE,UNKNOWN,POINT_AT_TAU,POINT_ESTIMABLE,,,,1.0,0.9979156002441676,0.9391156002441676,1.0567156002441676,5.920900002820417e-05,5aa4244363ebb317d4d07237a51357819655d54eead8ce2fe97c0ff39b12d689
65,fine_4h,ridge,POINT_ESTIMABLE,UNKNOWN,POINT_AT_TAU,POINT_ESTIMABLE,,,,1.0,1.0050834891423581,0.9462834891423582,1.063883489142358,1.462499494664371e-05,5aa4244363ebb317d4d07237a51357819655d54eead8ce2fe97c0ff39b12d689
65,fine_4h,tsvd,POINT_ESTIMABLE,UNKNOWN,POINT_AT_TAU,POINT_ESTIMABLE,,,,1.0,1.0053727371657026,0.9465727371657027,1.0641727371657026,3.35000004270114e-05,5aa4244363ebb317d4d07237a51357819655d54eead8ce2fe97c0ff39b12d689
65,daily_gap,crome,SET_ESTIMABLE,NONIDENTIFIED,SET,NONRECOVERABLE,NONIDENTIFIED,SET,assumption_conditional,1.0,,0.8812710557508436,1.1548356409246905,0.06273862499801908,5aa4244363ebb317d4d07237a51357819655d54eead8ce2fe97c0ff39b12d689
65,daily_gap,naive_boundary,SET_ESTIMABLE,NONIDENTIFIED,SET,INCONCLUSIVE,,,,1.0,,,,2.7499998395796865e-05,5aa4244363ebb317d4d07237a51357819655d54eead8ce2fe97c0ff39b12d689
65,daily_gap,ridge,SET_ESTIMABLE,NONIDENTIFIED,SET,POINT_ESTIMABLE,,,,1.0,0.0,-0.0588,0.0588,2.5749999622348696e-05,5aa4244363ebb317d4d07237a51357819655d54eead8ce2fe97c0ff39b12d689
65,daily_gap,tsvd,SET_ESTIMABLE,NONIDENTIFIED,SET,POINT_ESTIMABLE,,,,1.0,0.0,-0.0588,0.0588,3.4000004234258085e-05,5aa4244363ebb317d4d07237a51357819655d54eead8ce2fe97c0ff39b12d689
65,target_mark_collapse,crome,NONRECOVERABLE,NONIDENTIFIED,INCONCLUSIVE,NONRECOVERABLE,NONIDENTIFIED,INCONCLUSIVE,population_exact,1.0,,,,0.016523374993994366,5aa4244363ebb317d4d07237a51357819655d54eead8ce2fe97c0ff39b12d689
65,target_mark_collapse,naive_boundary,NONRECOVERABLE,NONIDENTIFIED,INCONCLUSIVE,POINT_ESTIMABLE,,,,1.0,0.9990961899640842,0.9402961899640843,1.0578961899640842,6.745900464011356e-05,5aa4244363ebb317d4d07237a51357819655d54eead8ce2fe97c0ff39b12d689
65,target_mark_collapse,ridge,NONRECOVERABLE,NONIDENTIFIED,INCONCLUSIVE,POINT_ESTIMABLE,,,,1.0,0.0,-0.0588,0.0588,1.5124998753890395e-05,5aa4244363ebb317d4d07237a51357819655d54eead8ce2fe97c0ff39b12d689
65,target_mark_collapse,tsvd,NONRECOVERABLE,NONIDENTIFIED,INCONCLUSIVE,POINT_ESTIMABLE,,,,1.0,0.0,-0.0588,0.0588,2.8959002520423383e-05,5aa4244363ebb317d4d07237a51357819655d54eead8ce2fe97c0ff39b12d689
65,rounded_hidden_time,crome,INCONCLUSIVE,UNKNOWN,INCONCLUSIVE,INCONCLUSIVE,UNKNOWN,INCONCLUSIVE,finite_sample_only,1.0,,,,0.007538416000897996,5aa4244363ebb317d4d07237a51357819655d54eead8ce2fe97c0ff39b12d689
65,rounded_hidden_time,naive_boundary,INCONCLUSIVE,UNKNOWN,INCONCLUSIVE,POINT_ESTIMABLE,,,,1.0,1.0071996499454998,0.9483996499454999,1.0659996499454998,7.212500349851325e-05,5aa4244363ebb317d4d07237a51357819655d54eead8ce2fe97c0ff39b12d689
65,rounded_hidden_time,ridge,INCONCLUSIVE,UNKNOWN,INCONCLUSIVE,POINT_ESTIMABLE,,,,1.0,0.8841851172421894,0.8253851172421894,0.9429851172421894,1.412499841535464e-05,5aa4244363ebb317d4d07237a51357819655d54eead8ce2fe97c0ff39b12d689
65,rounded_hidden_time,tsvd,INCONCLUSIVE,UNKNOWN,INCONCLUSIVE,POINT_ESTIMABLE,,,,1.0,0.8843654110323235,0.8255654110323235,0.9431654110323234,3.2625001040287316e-05,5aa4244363ebb317d4d07237a51357819655d54eead8ce2fe97c0ff39b12d689
66,fine_4h,crome,POINT_ESTIMABLE,UNKNOWN,POINT_AT_TAU,POINT_ESTIMABLE,UNKNOWN,POINT_AT_TAU,assumption_conditional,1.0,1.0058417520229102,0.9237304731592088,1.0879530308866114,0.09408762500243029,5aa4244363ebb317d4d07237a51357819655d54eead8ce2fe97c0ff39b12d689
66,fine_4h,naive_boundary,POINT_ESTIMABLE,UNKNOWN,POINT_AT_TAU,POINT_ESTIMABLE,,,,1.0,1.000821356032738,0.942021356032738,1.0596213560327379,6.454099639086053e-05,5aa4244363ebb317d4d07237a51357819655d54eead8ce2fe97c0ff39b12d689
66,fine_4h,ridge,POINT_ESTIMABLE,UNKNOWN,POINT_AT_TAU,POINT_ESTIMABLE,,,,1.0,1.00554394872311,0.94674394872311,1.06434394872311,1.4792000001762062e-05,5aa4244363ebb317d4d07237a51357819655d54eead8ce2fe97c0ff39b12d689
66,fine_4h,tsvd,POINT_ESTIMABLE,UNKNOWN,POINT_AT_TAU,POINT_ESTIMABLE,,,,1.0,1.005820611791014,0.947020611791014,1.064620611791014,3.454199759289622e-05,5aa4244363ebb317d4d07237a51357819655d54eead8ce2fe97c0ff39b12d689
66,daily_gap,crome,SET_ESTIMABLE,NONIDENTIFIED,SET,NONRECOVERABLE,NONIDENTIFIED,SET,assumption_conditional,1.0,,0.8928944162734344,1.1283701497240566,0.06223599999793805,5aa4244363ebb317d4d07237a51357819655d54eead8ce2fe97c0ff39b12d689
66,daily_gap,naive_boundary,SET_ESTIMABLE,NONIDENTIFIED,SET,INCONCLUSIVE,,,,1.0,,,,2.562500594649464e-05,5aa4244363ebb317d4d07237a51357819655d54eead8ce2fe97c0ff39b12d689
66,daily_gap,ridge,SET_ESTIMABLE,NONIDENTIFIED,SET,POINT_ESTIMABLE,,,,1.0,0.0,-0.0588,0.0588,2.3790998966433108e-05,5aa4244363ebb317d4d07237a51357819655d54eead8ce2fe97c0ff39b12d689
66,daily_gap,tsvd,SET_ESTIMABLE,NONIDENTIFIED,SET,POINT_ESTIMABLE,,,,1.0,0.0,-0.0588,0.0588,3.38749960064888e-05,5aa4244363ebb317d4d07237a51357819655d54eead8ce2fe97c0ff39b12d689
66,target_mark_collapse,crome,NONRECOVERABLE,NONIDENTIFIED,INCONCLUSIVE,NONRECOVERABLE,NONIDENTIFIED,INCONCLUSIVE,population_exact,1.0,,,,0.016315666995069478,5aa4244363ebb317d4d07237a51357819655d54eead8ce2fe97c0ff39b12d689
66,target_mark_collapse,naive_boundary,NONRECOVERABLE,NONIDENTIFIED,INCONCLUSIVE,POINT_ESTIMABLE,,,,1.0,1.0019158187669943,0.9431158187669944,1.0607158187669943,6.620900239795446e-05,5aa4244363ebb317d4d07237a51357819655d54eead8ce2fe97c0ff39b12d689
66,target_mark_collapse,ridge,NONRECOVERABLE,NONIDENTIFIED,INCONCLUSIVE,POINT_ESTIMABLE,,,,1.0,0.0,-0.0588,0.0588,1.5083001926541328e-05,5aa4244363ebb317d4d07237a51357819655d54eead8ce2fe97c0ff39b12d689
66,target_mark_collapse,tsvd,NONRECOVERABLE,NONIDENTIFIED,INCONCLUSIVE,POINT_ESTIMABLE,,,,1.0,0.0,-0.0588,0.0588,2.9041999368928373e-05,5aa4244363ebb317d4d07237a51357819655d54eead8ce2fe97c0ff39b12d689
66,rounded_hidden_time,crome,INCONCLUSIVE,UNKNOWN,INCONCLUSIVE,INCONCLUSIVE,UNKNOWN,INCONCLUSIVE,finite_sample_only,1.0,,,,0.007454833001247607,5aa4244363ebb317d4d07237a51357819655d54eead8ce2fe97c0ff39b12d689
66,rounded_hidden_time,naive_boundary,INCONCLUSIVE,UNKNOWN,INCONCLUSIVE,POINT_ESTIMABLE,,,,1.0,1.0054853172065477,0.9466853172065477,1.0642853172065476,7.833400013623759e-05,5aa4244363ebb317d4d07237a51357819655d54eead8ce2fe97c0ff39b12d689
66,rounded_hidden_time,ridge,INCONCLUSIVE,UNKNOWN,INCONCLUSIVE,POINT_ESTIMABLE,,,,1.0,0.8940300448850733,0.8352300448850734,0.9528300448850733,1.4208002539817244e-05,5aa4244363ebb317d4d07237a51357819655d54eead8ce2fe97c0ff39b12d689
66,rounded_hidden_time,tsvd,INCONCLUSIVE,UNKNOWN,INCONCLUSIVE,POINT_ESTIMABLE,,,,1.0,0.8942012711358128,0.8354012711358129,0.9530012711358128,3.2874995667953044e-05,5aa4244363ebb317d4d07237a51357819655d54eead8ce2fe97c0ff39b12d689
67,fine_4h,crome,POINT_ESTIMABLE,UNKNOWN,POINT_AT_TAU,POINT_ESTIMABLE,UNKNOWN,POINT_AT_TAU,assumption_conditional,1.0,1.0062215886590573,0.9241376029810057,1.088305574337109,0.09234049999940908,5aa4244363ebb317d4d07237a51357819655d54eead8ce2fe97c0ff39b12d689
67,fine_4h,naive_boundary,POINT_ESTIMABLE,UNKNOWN,POINT_AT_TAU,POINT_ESTIMABLE,,,,1.0,0.9987957790690555,0.9399957790690555,1.0575957790690556,5.8750003518071026e-05,5aa4244363ebb317d4d07237a51357819655d54eead8ce2fe97c0ff39b12d689
67,fine_4h,ridge,POINT_ESTIMABLE,UNKNOWN,POINT_AT_TAU,POINT_ESTIMABLE,,,,1.0,0.9971734940814562,0.9383734940814562,1.0559734940814562,1.3959004718344659e-05,5aa4244363ebb317d4d07237a51357819655d54eead8ce2fe97c0ff39b12d689
67,fine_4h,tsvd,POINT_ESTIMABLE,UNKNOWN,POINT_AT_TAU,POINT_ESTIMABLE,,,,1.0,0.9974423849792801,0.9386423849792801,1.0562423849792801,3.550000110408291e-05,5aa4244363ebb317d4d07237a51357819655d54eead8ce2fe97c0ff39b12d689
67,daily_gap,crome,SET_ESTIMABLE,NONIDENTIFIED,SET,NONRECOVERABLE,NONIDENTIFIED,SET,assumption_conditional,1.0,,0.8723121975061411,1.1580302245387775,0.05770766700152308,5aa4244363ebb317d4d07237a51357819655d54eead8ce2fe97c0ff39b12d689
67,daily_gap,naive_boundary,SET_ESTIMABLE,NONIDENTIFIED,SET,INCONCLUSIVE,,,,1.0,,,,2.4291999579872936e-05,5aa4244363ebb317d4d07237a51357819655d54eead8ce2fe97c0ff39b12d689
67,daily_gap,ridge,SET_ESTIMABLE,NONIDENTIFIED,SET,POINT_ESTIMABLE,,,,1.0,0.0,-0.0588,0.0588,2.3624997993465513e-05,5aa4244363ebb317d4d07237a51357819655d54eead8ce2fe97c0ff39b12d689
67,daily_gap,tsvd,SET_ESTIMABLE,NONIDENTIFIED,SET,POINT_ESTIMABLE,,,,1.0,0.0,-0.0588,0.0588,3.391700010979548e-05,5aa4244363ebb317d4d07237a51357819655d54eead8ce2fe97c0ff39b12d689
67,target_mark_collapse,crome,NONRECOVERABLE,NONIDENTIFIED,INCONCLUSIVE,NONRECOVERABLE,NONIDENTIFIED,INCONCLUSIVE,population_exact,1.0,,,,0.01654216599854408,5aa4244363ebb317d4d07237a51357819655d54eead8ce2fe97c0ff39b12d689
67,target_mark_collapse,naive_boundary,NONRECOVERABLE,NONIDENTIFIED,INCONCLUSIVE,POINT_ESTIMABLE,,,,1.0,0.9987359816186684,0.9399359816186684,1.0575359816186685,7.183299749158323e-05,5aa4244363ebb317d4d07237a51357819655d54eead8ce2fe97c0ff39b12d689
67,target_mark_collapse,ridge,NONRECOVERABLE,NONIDENTIFIED,INCONCLUSIVE,POINT_ESTIMABLE,,,,1.0,0.0,-0.0588,0.0588,1.5000005078036338e-05,5aa4244363ebb317d4d07237a51357819655d54eead8ce2fe97c0ff39b12d689
67,target_mark_collapse,tsvd,NONRECOVERABLE,NONIDENTIFIED,INCONCLUSIVE,POINT_ESTIMABLE,,,,1.0,0.0,-0.0588,0.0588,3.120899782516062e-05,5aa4244363ebb317d4d07237a51357819655d54eead8ce2fe97c0ff39b12d689
67,rounded_hidden_time,crome,INCONCLUSIVE,UNKNOWN,INCONCLUSIVE,INCONCLUSIVE,UNKNOWN,INCONCLUSIVE,finite_sample_only,1.0,,,,0.0627107079999405,5aa4244363ebb317d4d07237a51357819655d54eead8ce2fe97c0ff39b12d689
67,rounded_hidden_time,naive_boundary,INCONCLUSIVE,UNKNOWN,INCONCLUSIVE,POINT_ESTIMABLE,,,,1.0,1.0055556635074165,0.9467556635074166,1.0643556635074165,0.00013616700016427785,5aa4244363ebb317d4d07237a51357819655d54eead8ce2fe97c0ff39b12d689
67,rounded_hidden_time,ridge,INCONCLUSIVE,UNKNOWN,INCONCLUSIVE,POINT_ESTIMABLE,,,,1.0,0.883744786673703,0.8249447866737031,0.942544786673703,2.016699727391824e-05,5aa4244363ebb317d4d07237a51357819655d54eead8ce2fe97c0ff39b12d689
67,rounded_hidden_time,tsvd,INCONCLUSIVE,UNKNOWN,INCONCLUSIVE,POINT_ESTIMABLE,,,,1.0,0.8839224688902965,0.8251224688902965,0.9427224688902964,4.241700662532821e-05,5aa4244363ebb317d4d07237a51357819655d54eead8ce2fe97c0ff39b12d689
68,fine_4h,crome,POINT_ESTIMABLE,UNKNOWN,POINT_AT_TAU,POINT_ESTIMABLE,UNKNOWN,POINT_AT_TAU,assumption_conditional,1.0,1.0057932095449877,0.9239482300758487,1.0876381890141267,0.09773387500172248,5aa4244363ebb317d4d07237a51357819655d54eead8ce2fe97c0ff39b12d689
68,fine_4h,naive_boundary,POINT_ESTIMABLE,UNKNOWN,POINT_AT_TAU,POINT_ESTIMABLE,,,,1.0,0.9990457029268474,0.9402457029268474,1.0578457029268473,0.00011066599836340174,5aa4244363ebb317d4d07237a51357819655d54eead8ce2fe97c0ff39b12d689
68,fine_4h,ridge,POINT_ESTIMABLE,UNKNOWN,POINT_AT_TAU,POINT_ESTIMABLE,,,,1.0,1.0007500622366772,0.9419500622366772,1.0595500622366771,1.9833001715596765e-05,5aa4244363ebb317d4d07237a51357819655d54eead8ce2fe97c0ff39b12d689
68,fine_4h,tsvd,POINT_ESTIMABLE,UNKNOWN,POINT_AT_TAU,POINT_ESTIMABLE,,,,1.0,1.001006281397143,0.942206281397143,1.059806281397143,4.816699947696179e-05,5aa4244363ebb317d4d07237a51357819655d54eead8ce2fe97c0ff39b12d689
68,daily_gap,crome,SET_ESTIMABLE,NONIDENTIFIED,SET,NONRECOVERABLE,NONIDENTIFIED,SET,assumption_conditional,1.0,,0.865720251912892,1.1481593674049637,0.06456812499527587,5aa4244363ebb317d4d07237a51357819655d54eead8ce2fe97c0ff39b12d689
68,daily_gap,naive_boundary,SET_ESTIMABLE,NONIDENTIFIED,SET,INCONCLUSIVE,,,,1.0,,,,2.7499998395796865e-05,5aa4244363ebb317d4d07237a51357819655d54eead8ce2fe97c0ff39b12d689
68,daily_gap,ridge,SET_ESTIMABLE,NONIDENTIFIED,SET,POINT_ESTIMABLE,,,,1.0,0.0,-0.0588,0.0588,2.4583998310845345e-05,5aa4244363ebb317d4d07237a51357819655d54eead8ce2fe97c0ff39b12d689
68,daily_gap,tsvd,SET_ESTIMABLE,NONIDENTIFIED,SET,POINT_ESTIMABLE,,,,1.0,0.0,-0.0588,0.0588,3.5166995075996965e-05,5aa4244363ebb317d4d07237a51357819655d54eead8ce2fe97c0ff39b12d689
68,target_mark_collapse,crome,NONRECOVERABLE,NONIDENTIFIED,INCONCLUSIVE,NONRECOVERABLE,NONIDENTIFIED,INCONCLUSIVE,population_exact,1.0,,,,0.016451999996206723,5aa4244363ebb317d4d07237a51357819655d54eead8ce2fe97c0ff39b12d689
68,target_mark_collapse,naive_boundary,NONRECOVERABLE,NONIDENTIFIED,INCONCLUSIVE,POINT_ESTIMABLE,,,,1.0,1.0007177014582491,0.9419177014582492,1.059517701458249,7.070800347719342e-05,5aa4244363ebb317d4d07237a51357819655d54eead8ce2fe97c0ff39b12d689
68,target_mark_collapse,ridge,NONRECOVERABLE,NONIDENTIFIED,INCONCLUSIVE,POINT_ESTIMABLE,,,,1.0,0.0,-0.0588,0.0588,1.6000005416572094e-05,5aa4244363ebb317d4d07237a51357819655d54eead8ce2fe97c0ff39b12d689
68,target_mark_collapse,tsvd,NONRECOVERABLE,NONIDENTIFIED,INCONCLUSIVE,POINT_ESTIMABLE,,,,1.0,0.0,-0.0588,0.0588,3.0082999728620052e-05,5aa4244363ebb317d4d07237a51357819655d54eead8ce2fe97c0ff39b12d689
68,rounded_hidden_time,crome,INCONCLUSIVE,UNKNOWN,INCONCLUSIVE,INCONCLUSIVE,UNKNOWN,INCONCLUSIVE,finite_sample_only,1.0,,,,0.007558749995951075,5aa4244363ebb317d4d07237a51357819655d54eead8ce2fe97c0ff39b12d689
68,rounded_hidden_time,naive_boundary,INCONCLUSIVE,UNKNOWN,INCONCLUSIVE,POINT_ESTIMABLE,,,,1.0,1.0054539020277207,0.9466539020277207,1.0642539020277206,7.491699943784624e-05,5aa4244363ebb317d4d07237a51357819655d54eead8ce2fe97c0ff39b12d689
68,rounded_hidden_time,ridge,INCONCLUSIVE,UNKNOWN,INCONCLUSIVE,POINT_ESTIMABLE,,,,1.0,0.8826991589647107,0.8238991589647108,0.9414991589647107,1.4665994967799634e-05,5aa4244363ebb317d4d07237a51357819655d54eead8ce2fe97c0ff39b12d689
68,rounded_hidden_time,tsvd,INCONCLUSIVE,UNKNOWN,INCONCLUSIVE,POINT_ESTIMABLE,,,,1.0,0.8828876445870638,0.8240876445870639,0.9416876445870638,3.337499947519973e-05,5aa4244363ebb317d4d07237a51357819655d54eead8ce2fe97c0ff39b12d689
69,fine_4h,crome,POINT_ESTIMABLE,UNKNOWN,POINT_AT_TAU,POINT_ESTIMABLE,UNKNOWN,POINT_AT_TAU,assumption_conditional,1.0,1.004692257963469,0.9229913695622963,1.0863931463646415,0.10017024999979185,5aa4244363ebb317d4d07237a51357819655d54eead8ce2fe97c0ff39b12d689
69,fine_4h,naive_boundary,POINT_ESTIMABLE,UNKNOWN,POINT_AT_TAU,POINT_ESTIMABLE,,,,1.0,0.9992128168191632,0.9404128168191632,1.0580128168191631,6.0000005760230124e-05,5aa4244363ebb317d4d07237a51357819655d54eead8ce2fe97c0ff39b12d689
69,fine_4h,ridge,POINT_ESTIMABLE,UNKNOWN,POINT_AT_TAU,POINT_ESTIMABLE,,,,1.0,1.0017489877780326,0.9429489877780326,1.0605489877780325,1.4416997146327049e-05,5aa4244363ebb317d4d07237a51357819655d54eead8ce2fe97c0ff39b12d689
69,fine_4h,tsvd,POINT_ESTIMABLE,UNKNOWN,POINT_AT_TAU,POINT_ESTIMABLE,,,,1.0,1.002032966428421,0.9432329664284211,1.060832966428421,3.4083001082763076e-05,5aa4244363ebb317d4d07237a51357819655d54eead8ce2fe97c0ff39b12d689
69,daily_gap,crome,SET_ESTIMABLE,NONIDENTIFIED,SET,NONRECOVERABLE,NONIDENTIFIED,SET,assumption_conditional,1.0,,0.898038902266688,1.151237933413857,0.06319420799991349,5aa4244363ebb317d4d07237a51357819655d54eead8ce2fe97c0ff39b12d689
69,daily_gap,naive_boundary,SET_ESTIMABLE,NONIDENTIFIED,SET,INCONCLUSIVE,,,,1.0,,,,4.7249995986931026e-05,5aa4244363ebb317d4d07237a51357819655d54eead8ce2fe97c0ff39b12d689
69,daily_gap,ridge,SET_ESTIMABLE,NONIDENTIFIED,SET,POINT_ESTIMABLE,,,,1.0,0.0,-0.0588,0.0588,4.187499871477485e-05,5aa4244363ebb317d4d07237a51357819655d54eead8ce2fe97c0ff39b12d689
69,daily_gap,tsvd,SET_ESTIMABLE,NONIDENTIFIED,SET,POINT_ESTIMABLE,,,,1.0,0.0,-0.0588,0.0588,4.8667003284208477e-05,5aa4244363ebb317d4d07237a51357819655d54eead8ce2fe97c0ff39b12d689
69,target_mark_collapse,crome,NONRECOVERABLE,NONIDENTIFIED,INCONCLUSIVE,NONRECOVERABLE,NONIDENTIFIED,INCONCLUSIVE,population_exact,1.0,,,,0.017525083996588364,5aa4244363ebb317d4d07237a51357819655d54eead8ce2fe97c0ff39b12d689
69,target_mark_collapse,naive_boundary,NONRECOVERABLE,NONIDENTIFIED,INCONCLUSIVE,POINT_ESTIMABLE,,,,1.0,0.9981076832022192,0.9393076832022192,1.0569076832022193,0.00010549999569775537,5aa4244363ebb317d4d07237a51357819655d54eead8ce2fe97c0ff39b12d689
69,target_mark_collapse,ridge,NONRECOVERABLE,NONIDENTIFIED,INCONCLUSIVE,POINT_ESTIMABLE,,,,1.0,0.0,-0.0588,0.0588,2.28749995585531e-05,5aa4244363ebb317d4d07237a51357819655d54eead8ce2fe97c0ff39b12d689
69,target_mark_collapse,tsvd,NONRECOVERABLE,NONIDENTIFIED,INCONCLUSIVE,POINT_ESTIMABLE,,,,1.0,0.0,-0.0588,0.0588,4.541600355878472e-05,5aa4244363ebb317d4d07237a51357819655d54eead8ce2fe97c0ff39b12d689
69,rounded_hidden_time,crome,INCONCLUSIVE,UNKNOWN,INCONCLUSIVE,INCONCLUSIVE,UNKNOWN,INCONCLUSIVE,finite_sample_only,1.0,,,,0.007633583998540416,5aa4244363ebb317d4d07237a51357819655d54eead8ce2fe97c0ff39b12d689
69,rounded_hidden_time,naive_boundary,INCONCLUSIVE,UNKNOWN,INCONCLUSIVE,POINT_ESTIMABLE,,,,1.0,0.007367459920678246,-0.05143254007932175,0.06616745992067824,6.479100557044148e-05,5aa4244363ebb317d4d07237a51357819655d54eead8ce2fe97c0ff39b12d689
69,rounded_hidden_time,ridge,INCONCLUSIVE,UNKNOWN,INCONCLUSIVE,POINT_ESTIMABLE,,,,1.0,0.8796461773413087,0.8208461773413087,0.9384461773413086,1.5875004464760423e-05,5aa4244363ebb317d4d07237a51357819655d54eead8ce2fe97c0ff39b12d689
69,rounded_hidden_time,tsvd,INCONCLUSIVE,UNKNOWN,INCONCLUSIVE,POINT_ESTIMABLE,,,,1.0,0.8798317698797455,0.8210317698797456,0.9386317698797455,3.5958000808022916e-05,5aa4244363ebb317d4d07237a51357819655d54eead8ce2fe97c0ff39b12d689
70,fine_4h,crome,POINT_ESTIMABLE,UNKNOWN,POINT_AT_TAU,POINT_ESTIMABLE,UNKNOWN,POINT_AT_TAU,assumption_conditional,1.0,1.0064167813413722,0.9244552389527881,1.0883783237299562,0.10030025000014575,5aa4244363ebb317d4d07237a51357819655d54eead8ce2fe97c0ff39b12d689
70,fine_4h,naive_boundary,POINT_ESTIMABLE,UNKNOWN,POINT_AT_TAU,POINT_ESTIMABLE,,,,1.0,0.9992455727920282,0.9404455727920282,1.0580455727920282,6.295800267253071e-05,5aa4244363ebb317d4d07237a51357819655d54eead8ce2fe97c0ff39b12d689
70,fine_4h,ridge,POINT_ESTIMABLE,UNKNOWN,POINT_AT_TAU,POINT_ESTIMABLE,,,,1.0,0.9983913357607943,0.9395913357607943,1.0571913357607943,1.533300383016467e-05,5aa4244363ebb317d4d07237a51357819655d54eead8ce2fe97c0ff39b12d689
70,fine_4h,tsvd,POINT_ESTIMABLE,UNKNOWN,POINT_AT_TAU,POINT_ESTIMABLE,,,,1.0,0.9986629283264454,0.9398629283264455,1.0574629283264454,3.512500552460551e-05,5aa4244363ebb317d4d07237a51357819655d54eead8ce2fe97c0ff39b12d689
70,daily_gap,crome,SET_ESTIMABLE,NONIDENTIFIED,SET,NONRECOVERABLE,NONIDENTIFIED,SET,assumption_conditional,1.0,,0.8891093643295707,1.1473720996100707,0.05963608300226042,5aa4244363ebb317d4d07237a51357819655d54eead8ce2fe97c0ff39b12d689
70,daily_gap,naive_boundary,SET_ESTIMABLE,NONIDENTIFIED,SET,INCONCLUSIVE,,,,1.0,,,,4.25000034738332e-05,5aa4244363ebb317d4d07237a51357819655d54eead8ce2fe97c0ff39b12d689
70,daily_gap,ridge,SET_ESTIMABLE,NONIDENTIFIED,SET,POINT_ESTIMABLE,,,,1.0,0.0,-0.0588,0.0588,3.629100683610886e-05,5aa4244363ebb317d4d07237a51357819655d54eead8ce2fe97c0ff39b12d689
70,daily_gap,tsvd,SET_ESTIMABLE,NONIDENTIFIED,SET,POINT_ESTIMABLE,,,,1.0,0.0,-0.0588,0.0588,4.3542000639718026e-05,5aa4244363ebb317d4d07237a51357819655d54eead8ce2fe97c0ff39b12d689
70,target_mark_collapse,crome,NONRECOVERABLE,NONIDENTIFIED,INCONCLUSIVE,NONRECOVERABLE,NONIDENTIFIED,INCONCLUSIVE,population_exact,1.0,,,,0.016620374997728504,5aa4244363ebb317d4d07237a51357819655d54eead8ce2fe97c0ff39b12d689
70,target_mark_collapse,naive_boundary,NONRECOVERABLE,NONIDENTIFIED,INCONCLUSIVE,POINT_ESTIMABLE,,,,1.0,0.9955291538868326,0.9367291538868326,1.0543291538868327,7.320899749174714e-05,5aa4244363ebb317d4d07237a51357819655d54eead8ce2fe97c0ff39b12d689
70,target_mark_collapse,ridge,NONRECOVERABLE,NONIDENTIFIED,INCONCLUSIVE,POINT_ESTIMABLE,,,,1.0,0.0,-0.0588,0.0588,1.9874998542945832e-05,5aa4244363ebb317d4d07237a51357819655d54eead8ce2fe97c0ff39b12d689
70,target_mark_collapse,tsvd,NONRECOVERABLE,NONIDENTIFIED,INCONCLUSIVE,POINT_ESTIMABLE,,,,1.0,0.0,-0.0588,0.0588,3.499999729683623e-05,5aa4244363ebb317d4d07237a51357819655d54eead8ce2fe97c0ff39b12d689
70,rounded_hidden_time,crome,INCONCLUSIVE,UNKNOWN,INCONCLUSIVE,INCONCLUSIVE,UNKNOWN,INCONCLUSIVE,finite_sample_only,1.0,,,,0.007525083005020861,5aa4244363ebb317d4d07237a51357819655d54eead8ce2fe97c0ff39b12d689
70,rounded_hidden_time,naive_boundary,INCONCLUSIVE,UNKNOWN,INCONCLUSIVE,POINT_ESTIMABLE,,,,1.0,0.008120862241980628,-0.05067913775801937,0.06692086224198063,6.537499575642869e-05,5aa4244363ebb317d4d07237a51357819655d54eead8ce2fe97c0ff39b12d689
70,rounded_hidden_time,ridge,INCONCLUSIVE,UNKNOWN,INCONCLUSIVE,POINT_ESTIMABLE,,,,1.0,0.8821559294815473,0.8233559294815473,0.9409559294815473,1.6083002265077084e-05,5aa4244363ebb317d4d07237a51357819655d54eead8ce2fe97c0ff39b12d689
70,rounded_hidden_time,tsvd,INCONCLUSIVE,UNKNOWN,INCONCLUSIVE,POINT_ESTIMABLE,,,,1.0,0.8823432930420293,0.8235432930420293,0.9411432930420293,3.566699888324365e-05,5aa4244363ebb317d4d07237a51357819655d54eead8ce2fe97c0ff39b12d689
71,fine_4h,crome,POINT_ESTIMABLE,UNKNOWN,POINT_AT_TAU,POINT_ESTIMABLE,UNKNOWN,POINT_AT_TAU,assumption_conditional,1.0,1.0074752483606606,0.9257762345581295,1.0891742621631917,0.09560475000034785,5aa4244363ebb317d4d07237a51357819655d54eead8ce2fe97c0ff39b12d689
71,fine_4h,naive_boundary,POINT_ESTIMABLE,UNKNOWN,POINT_AT_TAU,POINT_ESTIMABLE,,,,1.0,1.0014695098418611,0.9426695098418612,1.060269509841861,0.0001171670010080561,5aa4244363ebb317d4d07237a51357819655d54eead8ce2fe97c0ff39b12d689
71,fine_4h,ridge,POINT_ESTIMABLE,UNKNOWN,POINT_AT_TAU,POINT_ESTIMABLE,,,,1.0,0.9980344826064337,0.9392344826064337,1.0568344826064338,2.0499996026046574e-05,5aa4244363ebb317d4d07237a51357819655d54eead8ce2fe97c0ff39b12d689
71,fine_4h,tsvd,POINT_ESTIMABLE,UNKNOWN,POINT_AT_TAU,POINT_ESTIMABLE,,,,1.0,0.9982718417251002,0.9394718417251002,1.0570718417251002,5.0791997637134045e-05,5aa4244363ebb317d4d07237a51357819655d54eead8ce2fe97c0ff39b12d689
71,daily_gap,crome,SET_ESTIMABLE,NONIDENTIFIED,SET,NONRECOVERABLE,NONIDENTIFIED,SET,assumption_conditional,1.0,,0.8757193032553797,1.1485547514399717,0.05804212499788264,5aa4244363ebb317d4d07237a51357819655d54eead8ce2fe97c0ff39b12d689
71,daily_gap,naive_boundary,SET_ESTIMABLE,NONIDENTIFIED,SET,INCONCLUSIVE,,,,1.0,,,,2.333400334464386e-05,5aa4244363ebb317d4d07237a51357819655d54eead8ce2fe97c0ff39b12d689
71,daily_gap,ridge,SET_ESTIMABLE,NONIDENTIFIED,SET,POINT_ESTIMABLE,,,,1.0,0.0,-0.0588,0.0588,2.1792002371512353e-05,5aa4244363ebb317d4d07237a51357819655d54eead8ce2fe97c0ff39b12d689
71,daily_gap,tsvd,SET_ESTIMABLE,NONIDENTIFIED,SET,POINT_ESTIMABLE,,,,1.0,0.0,-0.0588,0.0588,3.6124998587183654e-05,5aa4244363ebb317d4d07237a51357819655d54eead8ce2fe97c0ff39b12d689
71,target_mark_collapse,crome,NONRECOVERABLE,NONIDENTIFIED,INCONCLUSIVE,NONRECOVERABLE,NONIDENTIFIED,INCONCLUSIVE,population_exact,1.0,,,,0.016482916005770676,5aa4244363ebb317d4d07237a51357819655d54eead8ce2fe97c0ff39b12d689
71,target_mark_collapse,naive_boundary,NONRECOVERABLE,NONIDENTIFIED,INCONCLUSIVE,POINT_ESTIMABLE,,,,1.0,0.9991554769412532,0.9403554769412532,1.0579554769412531,6.86249986756593e-05,5aa4244363ebb317d4d07237a51357819655d54eead8ce2fe97c0ff39b12d689
71,target_mark_collapse,ridge,NONRECOVERABLE,NONIDENTIFIED,INCONCLUSIVE,POINT_ESTIMABLE,,,,1.0,0.0,-0.0588,0.0588,1.587499718880281e-05,5aa4244363ebb317d4d07237a51357819655d54eead8ce2fe97c0ff39b12d689
71,target_mark_collapse,tsvd,NONRECOVERABLE,NONIDENTIFIED,INCONCLUSIVE,POINT_ESTIMABLE,,,,1.0,0.0,-0.0588,0.0588,3.0125003831926733e-05,5aa4244363ebb317d4d07237a51357819655d54eead8ce2fe97c0ff39b12d689
71,rounded_hidden_time,crome,INCONCLUSIVE,UNKNOWN,INCONCLUSIVE,INCONCLUSIVE,UNKNOWN,INCONCLUSIVE,finite_sample_only,1.0,,,,0.007536582998000085,5aa4244363ebb317d4d07237a51357819655d54eead8ce2fe97c0ff39b12d689
71,rounded_hidden_time,naive_boundary,INCONCLUSIVE,UNKNOWN,INCONCLUSIVE,POINT_ESTIMABLE,,,,1.0,1.0050698649327166,0.9462698649327166,1.0638698649327165,8.195800182875246e-05,5aa4244363ebb317d4d07237a51357819655d54eead8ce2fe97c0ff39b12d689
71,rounded_hidden_time,ridge,INCONCLUSIVE,UNKNOWN,INCONCLUSIVE,POINT_ESTIMABLE,,,,1.0,0.8765607611443594,0.8177607611443595,0.9353607611443594,1.4833000022917986e-05,5aa4244363ebb317d4d07237a51357819655d54eead8ce2fe97c0ff39b12d689
71,rounded_hidden_time,tsvd,INCONCLUSIVE,UNKNOWN,INCONCLUSIVE,POINT_ESTIMABLE,,,,1.0,0.8767539526286041,0.8179539526286042,0.9355539526286041,3.4374999813735485e-05,5aa4244363ebb317d4d07237a51357819655d54eead8ce2fe97c0ff39b12d689
72,fine_4h,crome,POINT_ESTIMABLE,UNKNOWN,POINT_AT_TAU,POINT_ESTIMABLE,UNKNOWN,POINT_AT_TAU,assumption_conditional,1.0,1.0074619279871522,0.9256367100037419,1.0892871459705624,0.09854058400378563,5aa4244363ebb317d4d07237a51357819655d54eead8ce2fe97c0ff39b12d689
72,fine_4h,naive_boundary,POINT_ESTIMABLE,UNKNOWN,POINT_AT_TAU,POINT_ESTIMABLE,,,,1.0,0.9959731717255561,0.9371731717255561,1.0547731717255562,6.116700387792662e-05,5aa4244363ebb317d4d07237a51357819655d54eead8ce2fe97c0ff39b12d689
72,fine_4h,ridge,POINT_ESTIMABLE,UNKNOWN,POINT_AT_TAU,POINT_ESTIMABLE,,,,1.0,0.996645233671388,0.9378452336713881,1.055445233671388,1.4833996829111129e-05,5aa4244363ebb317d4d07237a51357819655d54eead8ce2fe97c0ff39b12d689
72,fine_4h,tsvd,POINT_ESTIMABLE,UNKNOWN,POINT_AT_TAU,POINT_ESTIMABLE,,,,1.0,0.9969091317956178,0.9381091317956178,1.0557091317956178,3.2874995667953044e-05,5aa4244363ebb317d4d07237a51357819655d54eead8ce2fe97c0ff39b12d689
72,daily_gap,crome,SET_ESTIMABLE,NONIDENTIFIED,SET,NONRECOVERABLE,NONIDENTIFIED,SET,assumption_conditional,1.0,,0.852701559776978,1.1516159922525482,0.05754062499909196,5aa4244363ebb317d4d07237a51357819655d54eead8ce2fe97c0ff39b12d689
72,daily_gap,naive_boundary,SET_ESTIMABLE,NONIDENTIFIED,SET,INCONCLUSIVE,,,,1.0,,,,2.9416994948405772e-05,5aa4244363ebb317d4d07237a51357819655d54eead8ce2fe97c0ff39b12d689
72,daily_gap,ridge,SET_ESTIMABLE,NONIDENTIFIED,SET,POINT_ESTIMABLE,,,,1.0,0.0,-0.0588,0.0588,3.108300006715581e-05,5aa4244363ebb317d4d07237a51357819655d54eead8ce2fe97c0ff39b12d689
72,daily_gap,tsvd,SET_ESTIMABLE,NONIDENTIFIED,SET,POINT_ESTIMABLE,,,,1.0,0.0,-0.0588,0.0588,4.041699867229909e-05,5aa4244363ebb317d4d07237a51357819655d54eead8ce2fe97c0ff39b12d689
72,target_mark_collapse,crome,NONRECOVERABLE,NONIDENTIFIED,INCONCLUSIVE,NONRECOVERABLE,NONIDENTIFIED,INCONCLUSIVE,population_exact,1.0,,,,0.016523540994967334,5aa4244363ebb317d4d07237a51357819655d54eead8ce2fe97c0ff39b12d689
72,target_mark_collapse,naive_boundary,NONRECOVERABLE,NONIDENTIFIED,INCONCLUSIVE,POINT_ESTIMABLE,,,,1.0,1.0016473107199557,0.9428473107199558,1.0604473107199557,6.891700468258932e-05,5aa4244363ebb317d4d07237a51357819655d54eead8ce2fe97c0ff39b12d689
72,target_mark_collapse,ridge,NONRECOVERABLE,NONIDENTIFIED,INCONCLUSIVE,POINT_ESTIMABLE,,,,1.0,0.0,-0.0588,0.0588,1.5791003534104675e-05,5aa4244363ebb317d4d07237a51357819655d54eead8ce2fe97c0ff39b12d689
72,target_mark_collapse,tsvd,NONRECOVERABLE,NONIDENTIFIED,INCONCLUSIVE,POINT_ESTIMABLE,,,,1.0,0.0,-0.0588,0.0588,3.158300387440249e-05,5aa4244363ebb317d4d07237a51357819655d54eead8ce2fe97c0ff39b12d689
72,rounded_hidden_time,crome,INCONCLUSIVE,UNKNOWN,INCONCLUSIVE,INCONCLUSIVE,UNKNOWN,INCONCLUSIVE,finite_sample_only,1.0,,,,0.007531499999458902,5aa4244363ebb317d4d07237a51357819655d54eead8ce2fe97c0ff39b12d689
72,rounded_hidden_time,naive_boundary,INCONCLUSIVE,UNKNOWN,INCONCLUSIVE,POINT_ESTIMABLE,,,,1.0,1.0064985981890402,0.9476985981890402,1.0652985981890402,7.47500016586855e-05,5aa4244363ebb317d4d07237a51357819655d54eead8ce2fe97c0ff39b12d689
72,rounded_hidden_time,ridge,INCONCLUSIVE,UNKNOWN,INCONCLUSIVE,POINT_ESTIMABLE,,,,1.0,0.878589065771976,0.8197890657719761,0.937389065771976,1.4500001270789653e-05,5aa4244363ebb317d4d07237a51357819655d54eead8ce2fe97c0ff39b12d689
72,rounded_hidden_time,tsvd,INCONCLUSIVE,UNKNOWN,INCONCLUSIVE,POINT_ESTIMABLE,,,,1.0,0.8787652722348028,0.8199652722348029,0.9375652722348028,3.358299727551639e-05,5aa4244363ebb317d4d07237a51357819655d54eead8ce2fe97c0ff39b12d689
73,fine_4h,crome,POINT_ESTIMABLE,UNKNOWN,POINT_AT_TAU,POINT_ESTIMABLE,UNKNOWN,POINT_AT_TAU,assumption_conditional,1.0,1.0046378515439134,0.9228529048495026,1.086422798238324,0.09559404200263089,5aa4244363ebb317d4d07237a51357819655d54eead8ce2fe97c0ff39b12d689
73,fine_4h,naive_boundary,POINT_ESTIMABLE,UNKNOWN,POINT_AT_TAU,POINT_ESTIMABLE,,,,1.0,0.9975665530152066,0.9387665530152066,1.0563665530152067,5.837500066263601e-05,5aa4244363ebb317d4d07237a51357819655d54eead8ce2fe97c0ff39b12d689
73,fine_4h,ridge,POINT_ESTIMABLE,UNKNOWN,POINT_AT_TAU,POINT_ESTIMABLE,,,,1.0,0.9974231576547845,0.9386231576547845,1.0562231576547845,1.454199809813872e-05,5aa4244363ebb317d4d07237a51357819655d54eead8ce2fe97c0ff39b12d689
73,fine_4h,tsvd,POINT_ESTIMABLE,UNKNOWN,POINT_AT_TAU,POINT_ESTIMABLE,,,,1.0,0.9976998329360194,0.9388998329360194,1.0564998329360193,3.383299917913973e-05,5aa4244363ebb317d4d07237a51357819655d54eead8ce2fe97c0ff39b12d689
73,daily_gap,crome,SET_ESTIMABLE,NONIDENTIFIED,SET,NONRECOVERABLE,NONIDENTIFIED,SET,assumption_conditional,1.0,,0.891753116360739,1.1470725838875075,0.06253162500070175,5aa4244363ebb317d4d07237a51357819655d54eead8ce2fe97c0ff39b12d689
73,daily_gap,naive_boundary,SET_ESTIMABLE,NONIDENTIFIED,SET,INCONCLUSIVE,,,,1.0,,,,2.6041998353321105e-05,5aa4244363ebb317d4d07237a51357819655d54eead8ce2fe97c0ff39b12d689
73,daily_gap,ridge,SET_ESTIMABLE,NONIDENTIFIED,SET,POINT_ESTIMABLE,,,,1.0,0.0,-0.0588,0.0588,2.4708002456463873e-05,5aa4244363ebb317d4d07237a51357819655d54eead8ce2fe97c0ff39b12d689
73,daily_gap,tsvd,SET_ESTIMABLE,NONIDENTIFIED,SET,POINT_ESTIMABLE,,,,1.0,0.0,-0.0588,0.0588,4.0875005652196705e-05,5aa4244363ebb317d4d07237a51357819655d54eead8ce2fe97c0ff39b12d689
73,target_mark_collapse,crome,NONRECOVERABLE,NONIDENTIFIED,INCONCLUSIVE,NONRECOVERABLE,NONIDENTIFIED,INCONCLUSIVE,population_exact,1.0,,,,0.01656212499801768,5aa4244363ebb317d4d07237a51357819655d54eead8ce2fe97c0ff39b12d689
73,target_mark_collapse,naive_boundary,NONRECOVERABLE,NONIDENTIFIED,INCONCLUSIVE,POINT_ESTIMABLE,,,,1.0,1.0030062267786712,0.9442062267786713,1.0618062267786712,7.637500675627962e-05,5aa4244363ebb317d4d07237a51357819655d54eead8ce2fe97c0ff39b12d689
73,target_mark_collapse,ridge,NONRECOVERABLE,NONIDENTIFIED,INCONCLUSIVE,POINT_ESTIMABLE,,,,1.0,0.0,-0.0588,0.0588,1.5332996554207057e-05,5aa4244363ebb317d4d07237a51357819655d54eead8ce2fe97c0ff39b12d689
73,target_mark_collapse,tsvd,NONRECOVERABLE,NONIDENTIFIED,INCONCLUSIVE,POINT_ESTIMABLE,,,,1.0,0.0,-0.0588,0.0588,3.1042000045999885e-05,5aa4244363ebb317d4d07237a51357819655d54eead8ce2fe97c0ff39b12d689
73,rounded_hidden_time,crome,INCONCLUSIVE,UNKNOWN,INCONCLUSIVE,INCONCLUSIVE,UNKNOWN,INCONCLUSIVE,finite_sample_only,1.0,,,,0.0075636250039679,5aa4244363ebb317d4d07237a51357819655d54eead8ce2fe97c0ff39b12d689
73,rounded_hidden_time,naive_boundary,INCONCLUSIVE,UNKNOWN,INCONCLUSIVE,POINT_ESTIMABLE,,,,1.0,0.0053140481060781385,-0.05348595189392186,0.06411404810607814,6.329199823085219e-05,5aa4244363ebb317d4d07237a51357819655d54eead8ce2fe97c0ff39b12d689
73,rounded_hidden_time,ridge,INCONCLUSIVE,UNKNOWN,INCONCLUSIVE,POINT_ESTIMABLE,,,,1.0,0.8677578587004283,0.8089578587004284,0.9265578587004283,1.4375000318977982e-05,5aa4244363ebb317d4d07237a51357819655d54eead8ce2fe97c0ff39b12d689
73,rounded_hidden_time,tsvd,INCONCLUSIVE,UNKNOWN,INCONCLUSIVE,POINT_ESTIMABLE,,,,1.0,0.867929006799757,0.8091290067997571,0.926729006799757,3.3666001399978995e-05,5aa4244363ebb317d4d07237a51357819655d54eead8ce2fe97c0ff39b12d689
74,fine_4h,crome,POINT_ESTIMABLE,UNKNOWN,POINT_AT_TAU,POINT_ESTIMABLE,UNKNOWN,POINT_AT_TAU,assumption_conditional,1.0,1.006235930913837,0.9246564793743307,1.087815382453343,0.09918033300345996,5aa4244363ebb317d4d07237a51357819655d54eead8ce2fe97c0ff39b12d689
74,fine_4h,naive_boundary,POINT_ESTIMABLE,UNKNOWN,POINT_AT_TAU,POINT_ESTIMABLE,,,,1.0,1.0032050881754304,0.9444050881754305,1.0620050881754304,6.191700231283903e-05,5aa4244363ebb317d4d07237a51357819655d54eead8ce2fe97c0ff39b12d689
74,fine_4h,ridge,POINT_ESTIMABLE,UNKNOWN,POINT_AT_TAU,POINT_ESTIMABLE,,,,1.0,0.9962803789316251,0.9374803789316252,1.0550803789316252,1.424999936716631e-05,5aa4244363ebb317d4d07237a51357819655d54eead8ce2fe97c0ff39b12d689
74,fine_4h,tsvd,POINT_ESTIMABLE,UNKNOWN,POINT_AT_TAU,POINT_ESTIMABLE,,,,1.0,0.9965419947044045,0.9377419947044046,1.0553419947044045,3.4334007068537176e-05,5aa4244363ebb317d4d07237a51357819655d54eead8ce2fe97c0ff39b12d689
74,daily_gap,crome,SET_ESTIMABLE,NONIDENTIFIED,SET,NONRECOVERABLE,NONIDENTIFIED,SET,assumption_conditional,1.0,,0.8519520721927121,1.1661239791319378,0.0631832079961896,5aa4244363ebb317d4d07237a51357819655d54eead8ce2fe97c0ff39b12d689
74,daily_gap,naive_boundary,SET_ESTIMABLE,NONIDENTIFIED,SET,INCONCLUSIVE,,,,1.0,,,,2.395800402155146e-05,5aa4244363ebb317d4d07237a51357819655d54eead8ce2fe97c0ff39b12d689
74,daily_gap,ridge,SET_ESTIMABLE,NONIDENTIFIED,SET,POINT_ESTIMABLE,,,,1.0,0.0,-0.0588,0.0588,2.1332998585421592e-05,5aa4244363ebb317d4d07237a51357819655d54eead8ce2fe97c0ff39b12d689
74,daily_gap,tsvd,SET_ESTIMABLE,NONIDENTIFIED,SET,POINT_ESTIMABLE,,,,1.0,0.0,-0.0588,0.0588,3.141599881928414e-05,5aa4244363ebb317d4d07237a51357819655d54eead8ce2fe97c0ff39b12d689
74,target_mark_collapse,crome,NONRECOVERABLE,NONIDENTIFIED,INCONCLUSIVE,NONRECOVERABLE,NONIDENTIFIED,INCONCLUSIVE,population_exact,1.0,,,,0.016669625001668464,5aa4244363ebb317d4d07237a51357819655d54eead8ce2fe97c0ff39b12d689
74,target_mark_collapse,naive_boundary,NONRECOVERABLE,NONIDENTIFIED,INCONCLUSIVE,POINT_ESTIMABLE,,,,1.0,0.9989087684818465,0.9401087684818465,1.0577087684818465,6.662499799858779e-05,5aa4244363ebb317d4d07237a51357819655d54eead8ce2fe97c0ff39b12d689
74,target_mark_collapse,ridge,NONRECOVERABLE,NONIDENTIFIED,INCONCLUSIVE,POINT_ESTIMABLE,,,,1.0,0.0,-0.0588,0.0588,1.4999997802078724e-05,5aa4244363ebb317d4d07237a51357819655d54eead8ce2fe97c0ff39b12d689
74,target_mark_collapse,tsvd,NONRECOVERABLE,NONIDENTIFIED,INCONCLUSIVE,POINT_ESTIMABLE,,,,1.0,0.0,-0.0588,0.0588,2.9333998099900782e-05,5aa4244363ebb317d4d07237a51357819655d54eead8ce2fe97c0ff39b12d689
74,rounded_hidden_time,crome,INCONCLUSIVE,UNKNOWN,INCONCLUSIVE,INCONCLUSIVE,UNKNOWN,INCONCLUSIVE,finite_sample_only,1.0,,,,0.007490457996027544,5aa4244363ebb317d4d07237a51357819655d54eead8ce2fe97c0ff39b12d689
74,rounded_hidden_time,naive_boundary,INCONCLUSIVE,UNKNOWN,INCONCLUSIVE,POINT_ESTIMABLE,,,,1.0,1.004518227061695,0.9457182270616951,1.063318227061695,7.345800258917734e-05,5aa4244363ebb317d4d07237a51357819655d54eead8ce2fe97c0ff39b12d689
74,rounded_hidden_time,ridge,INCONCLUSIVE,UNKNOWN,INCONCLUSIVE,POINT_ESTIMABLE,,,,1.0,0.8807071025339717,0.8219071025339717,0.9395071025339716,1.4458004443440586e-05,5aa4244363ebb317d4d07237a51357819655d54eead8ce2fe97c0ff39b12d689
74,rounded_hidden_time,tsvd,INCONCLUSIVE,UNKNOWN,INCONCLUSIVE,POINT_ESTIMABLE,,,,1.0,0.8808990147380378,0.8220990147380378,0.9396990147380377,3.329200262669474e-05,5aa4244363ebb317d4d07237a51357819655d54eead8ce2fe97c0ff39b12d689
75,fine_4h,crome,POINT_ESTIMABLE,UNKNOWN,POINT_AT_TAU,POINT_ESTIMABLE,UNKNOWN,POINT_AT_TAU,assumption_conditional,1.0,1.006664572791553,0.9248921873375614,1.0884369582455449,0.10119141700124601,5aa4244363ebb317d4d07237a51357819655d54eead8ce2fe97c0ff39b12d689
75,fine_4h,naive_boundary,POINT_ESTIMABLE,UNKNOWN,POINT_AT_TAU,POINT_ESTIMABLE,,,,1.0,0.9990751942726747,0.9402751942726747,1.0578751942726747,8.020799577934667e-05,5aa4244363ebb317d4d07237a51357819655d54eead8ce2fe97c0ff39b12d689
75,fine_4h,ridge,POINT_ESTIMABLE,UNKNOWN,POINT_AT_TAU,POINT_ESTIMABLE,,,,1.0,1.008760340406627,0.949960340406627,1.067560340406627,1.7708000086713582e-05,5aa4244363ebb317d4d07237a51357819655d54eead8ce2fe97c0ff39b12d689
75,fine_4h,tsvd,POINT_ESTIMABLE,UNKNOWN,POINT_AT_TAU,POINT_ESTIMABLE,,,,1.0,1.0090391501549707,0.9502391501549707,1.0678391501549707,4.191700281808153e-05,5aa4244363ebb317d4d07237a51357819655d54eead8ce2fe97c0ff39b12d689
75,daily_gap,crome,SET_ESTIMABLE,NONIDENTIFIED,SET,NONRECOVERABLE,NONIDENTIFIED,SET,assumption_conditional,1.0,,0.8787623994404739,1.148204040321076,0.06879770800151164,5aa4244363ebb317d4d07237a51357819655d54eead8ce2fe97c0ff39b12d689
75,daily_gap,naive_boundary,SET_ESTIMABLE,NONIDENTIFIED,SET,INCONCLUSIVE,,,,1.0,,,,2.5000001187436283e-05,5aa4244363ebb317d4d07237a51357819655d54eead8ce2fe97c0ff39b12d689
75,daily_gap,ridge,SET_ESTIMABLE,NONIDENTIFIED,SET,POINT_ESTIMABLE,,,,1.0,0.0,-0.0588,0.0588,2.3208005586639047e-05,5aa4244363ebb317d4d07237a51357819655d54eead8ce2fe97c0ff39b12d689
75,daily_gap,tsvd,SET_ESTIMABLE,NONIDENTIFIED,SET,POINT_ESTIMABLE,,,,1.0,0.0,-0.0588,0.0588,3.3166004868689924e-05,5aa4244363ebb317d4d07237a51357819655d54eead8ce2fe97c0ff39b12d689
75,target_mark_collapse,crome,NONRECOVERABLE,NONIDENTIFIED,INCONCLUSIVE,NONRECOVERABLE,NONIDENTIFIED,INCONCLUSIVE,population_exact,1.0,,,,0.01662824999948498,5aa4244363ebb317d4d07237a51357819655d54eead8ce2fe97c0ff39b12d689
75,target_mark_collapse,naive_boundary,NONRECOVERABLE,NONIDENTIFIED,INCONCLUSIVE,POINT_ESTIMABLE,,,,1.0,1.0003236017496486,0.9415236017496487,1.0591236017496486,7.379100134130567e-05,5aa4244363ebb317d4d07237a51357819655d54eead8ce2fe97c0ff39b12d689
75,target_mark_collapse,ridge,NONRECOVERABLE,NONIDENTIFIED,INCONCLUSIVE,POINT_ESTIMABLE,,,,1.0,0.0,-0.0588,0.0588,1.8207996618002653e-05,5aa4244363ebb317d4d07237a51357819655d54eead8ce2fe97c0ff39b12d689
75,target_mark_collapse,tsvd,NONRECOVERABLE,NONIDENTIFIED,INCONCLUSIVE,POINT_ESTIMABLE,,,,1.0,0.0,-0.0588,0.0588,3.0625000363215804e-05,5aa4244363ebb317d4d07237a51357819655d54eead8ce2fe97c0ff39b12d689
75,rounded_hidden_time,crome,INCONCLUSIVE,UNKNOWN,INCONCLUSIVE,INCONCLUSIVE,UNKNOWN,INCONCLUSIVE,finite_sample_only,1.0,,,,0.007511583004088607,5aa4244363ebb317d4d07237a51357819655d54eead8ce2fe97c0ff39b12d689
75,rounded_hidden_time,naive_boundary,INCONCLUSIVE,UNKNOWN,INCONCLUSIVE,POINT_ESTIMABLE,,,,1.0,1.0055956093106488,0.9467956093106489,1.0643956093106488,7.550000009359792e-05,5aa4244363ebb317d4d07237a51357819655d54eead8ce2fe97c0ff39b12d689
75,rounded_hidden_time,ridge,INCONCLUSIVE,UNKNOWN,INCONCLUSIVE,POINT_ESTIMABLE,,,,1.0,0.8785194071705192,0.8197194071705193,0.9373194071705192,1.4707999071106315e-05,5aa4244363ebb317d4d07237a51357819655d54eead8ce2fe97c0ff39b12d689
75,rounded_hidden_time,tsvd,INCONCLUSIVE,UNKNOWN,INCONCLUSIVE,POINT_ESTIMABLE,,,,1.0,0.8787101473925966,0.8199101473925966,0.9375101473925965,3.4500000765547156e-05,5aa4244363ebb317d4d07237a51357819655d54eead8ce2fe97c0ff39b12d689
76,fine_4h,crome,POINT_ESTIMABLE,UNKNOWN,POINT_AT_TAU,POINT_ESTIMABLE,UNKNOWN,POINT_AT_TAU,assumption_conditional,1.0,1.0061841144984176,0.9242649366245813,1.088103292372254,0.0942201660000137,5aa4244363ebb317d4d07237a51357819655d54eead8ce2fe97c0ff39b12d689
76,fine_4h,naive_boundary,POINT_ESTIMABLE,UNKNOWN,POINT_AT_TAU,POINT_ESTIMABLE,,,,1.0,1.0006635024390151,0.9418635024390152,1.059463502439015,5.9416997828520834e-05,5aa4244363ebb317d4d07237a51357819655d54eead8ce2fe97c0ff39b12d689
76,fine_4h,ridge,POINT_ESTIMABLE,UNKNOWN,POINT_AT_TAU,POINT_ESTIMABLE,,,,1.0,0.9973872401865594,0.9385872401865595,1.0561872401865595,1.4375000318977982e-05,5aa4244363ebb317d4d07237a51357819655d54eead8ce2fe97c0ff39b12d689
76,fine_4h,tsvd,POINT_ESTIMABLE,UNKNOWN,POINT_AT_TAU,POINT_ESTIMABLE,,,,1.0,0.99764042807401,0.93884042807401,1.05644042807401,3.499999729683623e-05,5aa4244363ebb317d4d07237a51357819655d54eead8ce2fe97c0ff39b12d689
76,daily_gap,crome,SET_ESTIMABLE,NONIDENTIFIED,SET,NONRECOVERABLE,NONIDENTIFIED,SET,assumption_conditional,1.0,,0.8594625441949988,1.1660353016217813,0.059654417003912386,5aa4244363ebb317d4d07237a51357819655d54eead8ce2fe97c0ff39b12d689
76,daily_gap,naive_boundary,SET_ESTIMABLE,NONIDENTIFIED,SET,INCONCLUSIVE,,,,1.0,,,,4.083399835508317e-05,5aa4244363ebb317d4d07237a51357819655d54eead8ce2fe97c0ff39b12d689
76,daily_gap,ridge,SET_ESTIMABLE,NONIDENTIFIED,SET,POINT_ESTIMABLE,,,,1.0,0.0,-0.0588,0.0588,3.1708994356449693e-05,5aa4244363ebb317d4d07237a51357819655d54eead8ce2fe97c0ff39b12d689
76,daily_gap,tsvd,SET_ESTIMABLE,NONIDENTIFIED,SET,POINT_ESTIMABLE,,,,1.0,0.0,-0.0588,0.0588,3.941600152757019e-05,5aa4244363ebb317d4d07237a51357819655d54eead8ce2fe97c0ff39b12d689
76,target_mark_collapse,crome,NONRECOVERABLE,NONIDENTIFIED,INCONCLUSIVE,NONRECOVERABLE,NONIDENTIFIED,INCONCLUSIVE,population_exact,1.0,,,,0.016739917002269067,5aa4244363ebb317d4d07237a51357819655d54eead8ce2fe97c0ff39b12d689
76,target_mark_collapse,naive_boundary,NONRECOVERABLE,NONIDENTIFIED,INCONCLUSIVE,POINT_ESTIMABLE,,,,1.0,0.9983563187207363,0.9395563187207363,1.0571563187207362,7.629200263181701e-05,5aa4244363ebb317d4d07237a51357819655d54eead8ce2fe97c0ff39b12d689
76,target_mark_collapse,ridge,NONRECOVERABLE,NONIDENTIFIED,INCONCLUSIVE,POINT_ESTIMABLE,,,,1.0,0.0,-0.0588,0.0588,1.5458004781976342e-05,5aa4244363ebb317d4d07237a51357819655d54eead8ce2fe97c0ff39b12d689
76,target_mark_collapse,tsvd,NONRECOVERABLE,NONIDENTIFIED,INCONCLUSIVE,POINT_ESTIMABLE,,,,1.0,0.0,-0.0588,0.0588,2.970799687318504e-05,5aa4244363ebb317d4d07237a51357819655d54eead8ce2fe97c0ff39b12d689
76,rounded_hidden_time,crome,INCONCLUSIVE,UNKNOWN,INCONCLUSIVE,INCONCLUSIVE,UNKNOWN,INCONCLUSIVE,finite_sample_only,1.0,,,,0.00759183300397126,5aa4244363ebb317d4d07237a51357819655d54eead8ce2fe97c0ff39b12d689
76,rounded_hidden_time,naive_boundary,INCONCLUSIVE,UNKNOWN,INCONCLUSIVE,POINT_ESTIMABLE,,,,1.0,0.00697140842103819,-0.05182859157896181,0.0657714084210382,6.362500425893813e-05,5aa4244363ebb317d4d07237a51357819655d54eead8ce2fe97c0ff39b12d689
76,rounded_hidden_time,ridge,INCONCLUSIVE,UNKNOWN,INCONCLUSIVE,POINT_ESTIMABLE,,,,1.0,0.8857004758949166,0.8269004758949167,0.9445004758949166,1.5083001926541328e-05,5aa4244363ebb317d4d07237a51357819655d54eead8ce2fe97c0ff39b12d689
76,rounded_hidden_time,tsvd,INCONCLUSIVE,UNKNOWN,INCONCLUSIVE,POINT_ESTIMABLE,,,,1.0,0.8858764707021058,0.8270764707021059,0.9446764707021058,3.362500137882307e-05,5aa4244363ebb317d4d07237a51357819655d54eead8ce2fe97c0ff39b12d689
77,fine_4h,crome,POINT_ESTIMABLE,UNKNOWN,POINT_AT_TAU,POINT_ESTIMABLE,UNKNOWN,POINT_AT_TAU,assumption_conditional,1.0,1.004752368213001,0.9225920525234618,1.0869126839025405,0.0908313750041998,5aa4244363ebb317d4d07237a51357819655d54eead8ce2fe97c0ff39b12d689
77,fine_4h,naive_boundary,POINT_ESTIMABLE,UNKNOWN,POINT_AT_TAU,POINT_ESTIMABLE,,,,1.0,0.9990758395878225,0.9402758395878226,1.0578758395878225,5.691700062016025e-05,5aa4244363ebb317d4d07237a51357819655d54eead8ce2fe97c0ff39b12d689
77,fine_4h,ridge,POINT_ESTIMABLE,UNKNOWN,POINT_AT_TAU,POINT_ESTIMABLE,,,,1.0,1.0002082493167865,0.9414082493167866,1.0590082493167865,1.4417004422284663e-05,5aa4244363ebb317d4d07237a51357819655d54eead8ce2fe97c0ff39b12d689
77,fine_4h,tsvd,POINT_ESTIMABLE,UNKNOWN,POINT_AT_TAU,POINT_ESTIMABLE,,,,1.0,1.000490222910017,0.941690222910017,1.059290222910017,3.9667000237386674e-05,5aa4244363ebb317d4d07237a51357819655d54eead8ce2fe97c0ff39b12d689
77,daily_gap,crome,SET_ESTIMABLE,NONIDENTIFIED,SET,NONRECOVERABLE,NONIDENTIFIED,SET,assumption_conditional,1.0,,0.8633725592834296,1.1376344290759637,0.06493895799940219,5aa4244363ebb317d4d07237a51357819655d54eead8ce2fe97c0ff39b12d689
77,daily_gap,naive_boundary,SET_ESTIMABLE,NONIDENTIFIED,SET,INCONCLUSIVE,,,,1.0,,,,3.754199860850349e-05,5aa4244363ebb317d4d07237a51357819655d54eead8ce2fe97c0ff39b12d689
77,daily_gap,ridge,SET_ESTIMABLE,NONIDENTIFIED,SET,POINT_ESTIMABLE,,,,1.0,0.0,-0.0588,0.0588,2.858299558283761e-05,5aa4244363ebb317d4d07237a51357819655d54eead8ce2fe97c0ff39b12d689
77,daily_gap,tsvd,SET_ESTIMABLE,NONIDENTIFIED,SET,POINT_ESTIMABLE,,,,1.0,0.0,-0.0588,0.0588,4.183300188742578e-05,5aa4244363ebb317d4d07237a51357819655d54eead8ce2fe97c0ff39b12d689
77,target_mark_collapse,crome,NONRECOVERABLE,NONIDENTIFIED,INCONCLUSIVE,NONRECOVERABLE,NONIDENTIFIED,INCONCLUSIVE,population_exact,1.0,,,,0.016639499997836538,5aa4244363ebb317d4d07237a51357819655d54eead8ce2fe97c0ff39b12d689
77,target_mark_collapse,naive_boundary,NONRECOVERABLE,NONIDENTIFIED,INCONCLUSIVE,POINT_ESTIMABLE,,,,1.0,0.9963036742999313,0.9375036742999313,1.0551036742999313,7.487499533453956e-05,5aa4244363ebb317d4d07237a51357819655d54eead8ce2fe97c0ff39b12d689
77,target_mark_collapse,ridge,NONRECOVERABLE,NONIDENTIFIED,INCONCLUSIVE,POINT_ESTIMABLE,,,,1.0,0.0,-0.0588,0.0588,1.6292004147544503e-05,5aa4244363ebb317d4d07237a51357819655d54eead8ce2fe97c0ff39b12d689
77,target_mark_collapse,tsvd,NONRECOVERABLE,NONIDENTIFIED,INCONCLUSIVE,POINT_ESTIMABLE,,,,1.0,0.0,-0.0588,0.0588,3.1249997846316546e-05,5aa4244363ebb317d4d07237a51357819655d54eead8ce2fe97c0ff39b12d689
77,rounded_hidden_time,crome,INCONCLUSIVE,UNKNOWN,INCONCLUSIVE,INCONCLUSIVE,UNKNOWN,INCONCLUSIVE,finite_sample_only,1.0,,,,0.00749941699905321,5aa4244363ebb317d4d07237a51357819655d54eead8ce2fe97c0ff39b12d689
77,rounded_hidden_time,naive_boundary,INCONCLUSIVE,UNKNOWN,INCONCLUSIVE,POINT_ESTIMABLE,,,,1.0,0.006869032609791731,-0.05193096739020827,0.06566903260979173,5.979200068395585e-05,5aa4244363ebb317d4d07237a51357819655d54eead8ce2fe97c0ff39b12d689
77,rounded_hidden_time,ridge,INCONCLUSIVE,UNKNOWN,INCONCLUSIVE,POINT_ESTIMABLE,,,,1.0,0.891614005905894,0.832814005905894,0.950414005905894,1.4707999071106315e-05,5aa4244363ebb317d4d07237a51357819655d54eead8ce2fe97c0ff39b12d689
77,rounded_hidden_time,tsvd,INCONCLUSIVE,UNKNOWN,INCONCLUSIVE,POINT_ESTIMABLE,,,,1.0,0.8918067078933047,0.8330067078933048,0.9506067078933047,3.445800393819809e-05,5aa4244363ebb317d4d07237a51357819655d54eead8ce2fe97c0ff39b12d689
78,fine_4h,crome,POINT_ESTIMABLE,UNKNOWN,POINT_AT_TAU,POINT_ESTIMABLE,UNKNOWN,POINT_AT_TAU,assumption_conditional,1.0,1.0057890789711308,0.9242513287211862,1.0873268292210754,0.09967720799613744,5aa4244363ebb317d4d07237a51357819655d54eead8ce2fe97c0ff39b12d689
78,fine_4h,naive_boundary,POINT_ESTIMABLE,UNKNOWN,POINT_AT_TAU,POINT_ESTIMABLE,,,,1.0,1.0052660995735212,0.9464660995735212,1.0640660995735212,9.216600301442668e-05,5aa4244363ebb317d4d07237a51357819655d54eead8ce2fe97c0ff39b12d689
78,fine_4h,ridge,POINT_ESTIMABLE,UNKNOWN,POINT_AT_TAU,POINT_ESTIMABLE,,,,1.0,1.0077937537690416,0.9489937537690416,1.0665937537690415,1.733299723127857e-05,5aa4244363ebb317d4d07237a51357819655d54eead8ce2fe97c0ff39b12d689
78,fine_4h,tsvd,POINT_ESTIMABLE,UNKNOWN,POINT_AT_TAU,POINT_ESTIMABLE,,,,1.0,1.0080348801641075,0.9492348801641075,1.0668348801641074,4.245799937052652e-05,5aa4244363ebb317d4d07237a51357819655d54eead8ce2fe97c0ff39b12d689
78,daily_gap,crome,SET_ESTIMABLE,NONIDENTIFIED,SET,NONRECOVERABLE,NONIDENTIFIED,SET,assumption_conditional,1.0,,0.8783169044585935,1.1435298861887833,0.06581820800056448,5aa4244363ebb317d4d07237a51357819655d54eead8ce2fe97c0ff39b12d689
78,daily_gap,naive_boundary,SET_ESTIMABLE,NONIDENTIFIED,SET,INCONCLUSIVE,,,,1.0,,,,4.095899930689484e-05,5aa4244363ebb317d4d07237a51357819655d54eead8ce2fe97c0ff39b12d689
78,daily_gap,ridge,SET_ESTIMABLE,NONIDENTIFIED,SET,POINT_ESTIMABLE,,,,1.0,0.0,-0.0588,0.0588,3.2916999771259725e-05,5aa4244363ebb317d4d07237a51357819655d54eead8ce2fe97c0ff39b12d689
78,daily_gap,tsvd,SET_ESTIMABLE,NONIDENTIFIED,SET,POINT_ESTIMABLE,,,,1.0,0.0,-0.0588,0.0588,3.837500116787851e-05,5aa4244363ebb317d4d07237a51357819655d54eead8ce2fe97c0ff39b12d689
78,target_mark_collapse,crome,NONRECOVERABLE,NONIDENTIFIED,INCONCLUSIVE,NONRECOVERABLE,NONIDENTIFIED,INCONCLUSIVE,population_exact,1.0,,,,0.01695441700576339,5aa4244363ebb317d4d07237a51357819655d54eead8ce2fe97c0ff39b12d689
78,target_mark_collapse,naive_boundary,NONRECOVERABLE,NONIDENTIFIED,INCONCLUSIVE,POINT_ESTIMABLE,,,,1.0,0.9991752937925634,0.9403752937925635,1.0579752937925635,8.483400597469881e-05,5aa4244363ebb317d4d07237a51357819655d54eead8ce2fe97c0ff39b12d689
78,target_mark_collapse,ridge,NONRECOVERABLE,NONIDENTIFIED,INCONCLUSIVE,POINT_ESTIMABLE,,,,1.0,0.0,-0.0588,0.0588,1.654199877521023e-05,5aa4244363ebb317d4d07237a51357819655d54eead8ce2fe97c0ff39b12d689
78,target_mark_collapse,tsvd,NONRECOVERABLE,NONIDENTIFIED,INCONCLUSIVE,POINT_ESTIMABLE,,,,1.0,0.0,-0.0588,0.0588,3.358400135766715e-05,5aa4244363ebb317d4d07237a51357819655d54eead8ce2fe97c0ff39b12d689
78,rounded_hidden_time,crome,INCONCLUSIVE,UNKNOWN,INCONCLUSIVE,INCONCLUSIVE,UNKNOWN,INCONCLUSIVE,finite_sample_only,1.0,,,,0.007669208993320353,5aa4244363ebb317d4d07237a51357819655d54eead8ce2fe97c0ff39b12d689
78,rounded_hidden_time,naive_boundary,INCONCLUSIVE,UNKNOWN,INCONCLUSIVE,POINT_ESTIMABLE,,,,1.0,1.0049013780579834,0.9461013780579834,1.0637013780579834,8.416699711233377e-05,5aa4244363ebb317d4d07237a51357819655d54eead8ce2fe97c0ff39b12d689
78,rounded_hidden_time,ridge,INCONCLUSIVE,UNKNOWN,INCONCLUSIVE,POINT_ESTIMABLE,,,,1.0,0.8881484571684906,0.8293484571684906,0.9469484571684905,1.8040998838841915e-05,5aa4244363ebb317d4d07237a51357819655d54eead8ce2fe97c0ff39b12d689
78,rounded_hidden_time,tsvd,INCONCLUSIVE,UNKNOWN,INCONCLUSIVE,POINT_ESTIMABLE,,,,1.0,0.8883229537738658,0.8295229537738659,0.9471229537738658,3.341599949635565e-05,5aa4244363ebb317d4d07237a51357819655d54eead8ce2fe97c0ff39b12d689
79,fine_4h,crome,POINT_ESTIMABLE,UNKNOWN,POINT_AT_TAU,POINT_ESTIMABLE,UNKNOWN,POINT_AT_TAU,assumption_conditional,1.0,1.004854413611996,0.9230959340804185,1.0866128931435732,0.09973008299857611,5aa4244363ebb317d4d07237a51357819655d54eead8ce2fe97c0ff39b12d689
79,fine_4h,naive_boundary,POINT_ESTIMABLE,UNKNOWN,POINT_AT_TAU,POINT_ESTIMABLE,,,,1.0,0.9960477613584146,0.9372477613584146,1.0548477613584146,0.00012433299707481638,5aa4244363ebb317d4d07237a51357819655d54eead8ce2fe97c0ff39b12d689
79,fine_4h,ridge,POINT_ESTIMABLE,UNKNOWN,POINT_AT_TAU,POINT_ESTIMABLE,,,,1.0,0.9973312053262976,0.9385312053262976,1.0561312053262977,2.104200393659994e-05,5aa4244363ebb317d4d07237a51357819655d54eead8ce2fe97c0ff39b12d689
79,fine_4h,tsvd,POINT_ESTIMABLE,UNKNOWN,POINT_AT_TAU,POINT_ESTIMABLE,,,,1.0,0.9976057053002861,0.9388057053002862,1.0564057053002862,5.3999996453057975e-05,5aa4244363ebb317d4d07237a51357819655d54eead8ce2fe97c0ff39b12d689
79,daily_gap,crome,SET_ESTIMABLE,NONIDENTIFIED,SET,NONRECOVERABLE,NONIDENTIFIED,SET,assumption_conditional,1.0,,0.8646196823507768,1.1589587324601398,0.06742466700234218,5aa4244363ebb317d4d07237a51357819655d54eead8ce2fe97c0ff39b12d689
79,daily_gap,naive_boundary,SET_ESTIMABLE,NONIDENTIFIED,SET,INCONCLUSIVE,,,,1.0,,,,4.7166999138426036e-05,5aa4244363ebb317d4d07237a51357819655d54eead8ce2fe97c0ff39b12d689
79,daily_gap,ridge,SET_ESTIMABLE,NONIDENTIFIED,SET,POINT_ESTIMABLE,,,,1.0,0.0,-0.0588,0.0588,3.80830024369061e-05,5aa4244363ebb317d4d07237a51357819655d54eead8ce2fe97c0ff39b12d689
79,daily_gap,tsvd,SET_ESTIMABLE,NONIDENTIFIED,SET,POINT_ESTIMABLE,,,,1.0,0.0,-0.0588,0.0588,4.6749999455641955e-05,5aa4244363ebb317d4d07237a51357819655d54eead8ce2fe97c0ff39b12d689
79,target_mark_collapse,crome,NONRECOVERABLE,NONIDENTIFIED,INCONCLUSIVE,NONRECOVERABLE,NONIDENTIFIED,INCONCLUSIVE,population_exact,1.0,,,,0.018411417004244868,5aa4244363ebb317d4d07237a51357819655d54eead8ce2fe97c0ff39b12d689
79,target_mark_collapse,naive_boundary,NONRECOVERABLE,NONIDENTIFIED,INCONCLUSIVE,POINT_ESTIMABLE,,,,1.0,0.9964245437209565,0.9376245437209565,1.0552245437209564,0.00012124999921070412,5aa4244363ebb317d4d07237a51357819655d54eead8ce2fe97c0ff39b12d689
79,target_mark_collapse,ridge,NONRECOVERABLE,NONIDENTIFIED,INCONCLUSIVE,POINT_ESTIMABLE,,,,1.0,0.0,-0.0588,0.0588,2.0667001081164926e-05,5aa4244363ebb317d4d07237a51357819655d54eead8ce2fe97c0ff39b12d689
79,target_mark_collapse,tsvd,NONRECOVERABLE,NONIDENTIFIED,INCONCLUSIVE,POINT_ESTIMABLE,,,,1.0,0.0,-0.0588,0.0588,4.400000034365803e-05,5aa4244363ebb317d4d07237a51357819655d54eead8ce2fe97c0ff39b12d689
79,rounded_hidden_time,crome,INCONCLUSIVE,UNKNOWN,INCONCLUSIVE,INCONCLUSIVE,UNKNOWN,INCONCLUSIVE,finite_sample_only,1.0,,,,0.007858290999138262,5aa4244363ebb317d4d07237a51357819655d54eead8ce2fe97c0ff39b12d689
79,rounded_hidden_time,naive_boundary,INCONCLUSIVE,UNKNOWN,INCONCLUSIVE,POINT_ESTIMABLE,,,,1.0,1.0050435630981331,0.9462435630981332,1.063843563098133,0.00011158399865962565,5aa4244363ebb317d4d07237a51357819655d54eead8ce2fe97c0ff39b12d689
79,rounded_hidden_time,ridge,INCONCLUSIVE,UNKNOWN,INCONCLUSIVE,POINT_ESTIMABLE,,,,1.0,0.8749345260469712,0.8161345260469712,0.9337345260469712,1.837499439716339e-05,5aa4244363ebb317d4d07237a51357819655d54eead8ce2fe97c0ff39b12d689
79,rounded_hidden_time,tsvd,INCONCLUSIVE,UNKNOWN,INCONCLUSIVE,POINT_ESTIMABLE,,,,1.0,0.875145338542645,0.816345338542645,0.9339453385426449,4.1624996811151505e-05,5aa4244363ebb317d4d07237a51357819655d54eead8ce2fe97c0ff39b12d689
80,fine_4h,crome,POINT_ESTIMABLE,UNKNOWN,POINT_AT_TAU,POINT_ESTIMABLE,UNKNOWN,POINT_AT_TAU,assumption_conditional,1.0,1.007919663071866,0.9261734634735108,1.0896658626702214,0.10208437500114087,5aa4244363ebb317d4d07237a51357819655d54eead8ce2fe97c0ff39b12d689
80,fine_4h,naive_boundary,POINT_ESTIMABLE,UNKNOWN,POINT_AT_TAU,POINT_ESTIMABLE,,,,1.0,1.0026953908905596,0.9438953908905596,1.0614953908905596,0.00011049999739043415,5aa4244363ebb317d4d07237a51357819655d54eead8ce2fe97c0ff39b12d689
80,fine_4h,ridge,POINT_ESTIMABLE,UNKNOWN,POINT_AT_TAU,POINT_ESTIMABLE,,,,1.0,0.996497187742713,0.937697187742713,1.055297187742713,1.9790997612290084e-05,5aa4244363ebb317d4d07237a51357819655d54eead8ce2fe97c0ff39b12d689
80,fine_4h,tsvd,POINT_ESTIMABLE,UNKNOWN,POINT_AT_TAU,POINT_ESTIMABLE,,,,1.0,0.996751404372007,0.9379514043720071,1.0555514043720071,4.80840026284568e-05,5aa4244363ebb317d4d07237a51357819655d54eead8ce2fe97c0ff39b12d689
80,daily_gap,crome,SET_ESTIMABLE,NONIDENTIFIED,SET,NONRECOVERABLE,NONIDENTIFIED,SET,assumption_conditional,1.0,,0.8694044992019895,1.1365015974972195,0.06165287500334671,5aa4244363ebb317d4d07237a51357819655d54eead8ce2fe97c0ff39b12d689
80,daily_gap,naive_boundary,SET_ESTIMABLE,NONIDENTIFIED,SET,INCONCLUSIVE,,,,1.0,,,,2.9249997169245034e-05,5aa4244363ebb317d4d07237a51357819655d54eead8ce2fe97c0ff39b12d689
80,daily_gap,ridge,SET_ESTIMABLE,NONIDENTIFIED,SET,POINT_ESTIMABLE,,,,1.0,0.0,-0.0588,0.0588,2.420799864921719e-05,5aa4244363ebb317d4d07237a51357819655d54eead8ce2fe97c0ff39b12d689
80,daily_gap,tsvd,SET_ESTIMABLE,NONIDENTIFIED,SET,POINT_ESTIMABLE,,,,1.0,0.0,-0.0588,0.0588,3.625000681495294e-05,5aa4244363ebb317d4d07237a51357819655d54eead8ce2fe97c0ff39b12d689
80,target_mark_collapse,crome,NONRECOVERABLE,NONIDENTIFIED,INCONCLUSIVE,NONRECOVERABLE,NONIDENTIFIED,INCONCLUSIVE,population_exact,1.0,,,,0.016473332994792145,5aa4244363ebb317d4d07237a51357819655d54eead8ce2fe97c0ff39b12d689
80,target_mark_collapse,naive_boundary,NONRECOVERABLE,NONIDENTIFIED,INCONCLUSIVE,POINT_ESTIMABLE,,,,1.0,0.9998618267818002,0.9410618267818003,1.0586618267818002,7.483400258934125e-05,5aa4244363ebb317d4d07237a51357819655d54eead8ce2fe97c0ff39b12d689
80,target_mark_collapse,ridge,NONRECOVERABLE,NONIDENTIFIED,INCONCLUSIVE,POINT_ESTIMABLE,,,,1.0,0.0,-0.0588,0.0588,1.654100196901709e-05,5aa4244363ebb317d4d07237a51357819655d54eead8ce2fe97c0ff39b12d689
80,target_mark_collapse,tsvd,NONRECOVERABLE,NONIDENTIFIED,INCONCLUSIVE,POINT_ESTIMABLE,,,,1.0,0.0,-0.0588,0.0588,3.245800326112658e-05,5aa4244363ebb317d4d07237a51357819655d54eead8ce2fe97c0ff39b12d689
80,rounded_hidden_time,crome,INCONCLUSIVE,UNKNOWN,INCONCLUSIVE,INCONCLUSIVE,UNKNOWN,INCONCLUSIVE,finite_sample_only,1.0,,,,0.0075346250014263205,5aa4244363ebb317d4d07237a51357819655d54eead8ce2fe97c0ff39b12d689
80,rounded_hidden_time,naive_boundary,INCONCLUSIVE,UNKNOWN,INCONCLUSIVE,POINT_ESTIMABLE,,,,1.0,0.00550234036489645,-0.05329765963510355,0.06430234036489645,5.9541998780332506e-05,5aa4244363ebb317d4d07237a51357819655d54eead8ce2fe97c0ff39b12d689
80,rounded_hidden_time,ridge,INCONCLUSIVE,UNKNOWN,INCONCLUSIVE,POINT_ESTIMABLE,,,,1.0,0.8743664319532679,0.815566431953268,0.9331664319532679,1.49589977809228e-05,5aa4244363ebb317d4d07237a51357819655d54eead8ce2fe97c0ff39b12d689
80,rounded_hidden_time,tsvd,INCONCLUSIVE,UNKNOWN,INCONCLUSIVE,POINT_ESTIMABLE,,,,1.0,0.8745583395865526,0.8157583395865526,0.9333583395865526,3.38749960064888e-05,5aa4244363ebb317d4d07237a51357819655d54eead8ce2fe97c0ff39b12d689
81,fine_4h,crome,POINT_ESTIMABLE,UNKNOWN,POINT_AT_TAU,POINT_ESTIMABLE,UNKNOWN,POINT_AT_TAU,assumption_conditional,1.0,1.0069435053782616,0.9251193545878602,1.088767656168663,0.09832737500255462,5aa4244363ebb317d4d07237a51357819655d54eead8ce2fe97c0ff39b12d689
81,fine_4h,naive_boundary,POINT_ESTIMABLE,UNKNOWN,POINT_AT_TAU,POINT_ESTIMABLE,,,,1.0,1.0003625592627636,0.9415625592627637,1.0591625592627636,9.016600233735517e-05,5aa4244363ebb317d4d07237a51357819655d54eead8ce2fe97c0ff39b12d689
81,fine_4h,ridge,POINT_ESTIMABLE,UNKNOWN,POINT_AT_TAU,POINT_ESTIMABLE,,,,1.0,0.9972688363981339,0.9384688363981339,1.0560688363981339,1.9291997887194157e-05,5aa4244363ebb317d4d07237a51357819655d54eead8ce2fe97c0ff39b12d689
81,fine_4h,tsvd,POINT_ESTIMABLE,UNKNOWN,POINT_AT_TAU,POINT_ESTIMABLE,,,,1.0,0.997541608636652,0.938741608636652,1.056341608636652,4.458299372345209e-05,5aa4244363ebb317d4d07237a51357819655d54eead8ce2fe97c0ff39b12d689
81,daily_gap,crome,SET_ESTIMABLE,NONIDENTIFIED,SET,NONRECOVERABLE,NONIDENTIFIED,SET,assumption_conditional,1.0,,0.8849744172726404,1.1390995161213486,0.06532233300094958,5aa4244363ebb317d4d07237a51357819655d54eead8ce2fe97c0ff39b12d689
81,daily_gap,naive_boundary,SET_ESTIMABLE,NONIDENTIFIED,SET,INCONCLUSIVE,,,,1.0,,,,2.6749999960884452e-05,5aa4244363ebb317d4d07237a51357819655d54eead8ce2fe97c0ff39b12d689
81,daily_gap,ridge,SET_ESTIMABLE,NONIDENTIFIED,SET,POINT_ESTIMABLE,,,,1.0,0.0,-0.0588,0.0588,2.5499997718725353e-05,5aa4244363ebb317d4d07237a51357819655d54eead8ce2fe97c0ff39b12d689
81,daily_gap,tsvd,SET_ESTIMABLE,NONIDENTIFIED,SET,POINT_ESTIMABLE,,,,1.0,0.0,-0.0588,0.0588,3.6249999538995326e-05,5aa4244363ebb317d4d07237a51357819655d54eead8ce2fe97c0ff39b12d689
81,target_mark_collapse,crome,NONRECOVERABLE,NONIDENTIFIED,INCONCLUSIVE,NONRECOVERABLE,NONIDENTIFIED,INCONCLUSIVE,population_exact,1.0,,,,0.016704542002116796,5aa4244363ebb317d4d07237a51357819655d54eead8ce2fe97c0ff39b12d689
81,target_mark_collapse,naive_boundary,NONRECOVERABLE,NONIDENTIFIED,INCONCLUSIVE,POINT_ESTIMABLE,,,,1.0,1.0012426154835123,0.9424426154835124,1.0600426154835123,7.062499935273081e-05,5aa4244363ebb317d4d07237a51357819655d54eead8ce2fe97c0ff39b12d689
81,target_mark_collapse,ridge,NONRECOVERABLE,NONIDENTIFIED,INCONCLUSIVE,POINT_ESTIMABLE,,,,1.0,0.0,-0.0588,0.0588,1.5958001313265413e-05,5aa4244363ebb317d4d07237a51357819655d54eead8ce2fe97c0ff39b12d689
81,target_mark_collapse,tsvd,NONRECOVERABLE,NONIDENTIFIED,INCONCLUSIVE,POINT_ESTIMABLE,,,,1.0,0.0,-0.0588,0.0588,3.137499879812822e-05,5aa4244363ebb317d4d07237a51357819655d54eead8ce2fe97c0ff39b12d689
81,rounded_hidden_time,crome,INCONCLUSIVE,UNKNOWN,INCONCLUSIVE,INCONCLUSIVE,UNKNOWN,INCONCLUSIVE,finite_sample_only,1.0,,,,0.00760279200039804,5aa4244363ebb317d4d07237a51357819655d54eead8ce2fe97c0ff39b12d689
81,rounded_hidden_time,naive_boundary,INCONCLUSIVE,UNKNOWN,INCONCLUSIVE,POINT_ESTIMABLE,,,,1.0,1.0062679562337493,0.9474679562337494,1.0650679562337493,7.750000077066943e-05,5aa4244363ebb317d4d07237a51357819655d54eead8ce2fe97c0ff39b12d689
81,rounded_hidden_time,ridge,INCONCLUSIVE,UNKNOWN,INCONCLUSIVE,POINT_ESTIMABLE,,,,1.0,0.8710016177846898,0.8122016177846898,0.9298016177846897,1.5208002878353e-05,5aa4244363ebb317d4d07237a51357819655d54eead8ce2fe97c0ff39b12d689
81,rounded_hidden_time,tsvd,INCONCLUSIVE,UNKNOWN,INCONCLUSIVE,POINT_ESTIMABLE,,,,1.0,0.8711677763481801,0.8123677763481801,0.9299677763481801,3.462500171735883e-05,5aa4244363ebb317d4d07237a51357819655d54eead8ce2fe97c0ff39b12d689
82,fine_4h,crome,POINT_ESTIMABLE,UNKNOWN,POINT_AT_TAU,POINT_ESTIMABLE,UNKNOWN,POINT_AT_TAU,assumption_conditional,1.0,1.0034396638336942,0.9218054274471016,1.0850739002202867,0.10952458400424803,5aa4244363ebb317d4d07237a51357819655d54eead8ce2fe97c0ff39b12d689
82,fine_4h,naive_boundary,POINT_ESTIMABLE,UNKNOWN,POINT_AT_TAU,POINT_ESTIMABLE,,,,1.0,0.9977409311687248,0.9389409311687248,1.0565409311687248,0.0001669589983066544,5aa4244363ebb317d4d07237a51357819655d54eead8ce2fe97c0ff39b12d689
82,fine_4h,ridge,POINT_ESTIMABLE,UNKNOWN,POINT_AT_TAU,POINT_ESTIMABLE,,,,1.0,1.0068299442147783,0.9480299442147784,1.0656299442147783,2.4958004360087216e-05,5aa4244363ebb317d4d07237a51357819655d54eead8ce2fe97c0ff39b12d689
82,fine_4h,tsvd,POINT_ESTIMABLE,UNKNOWN,POINT_AT_TAU,POINT_ESTIMABLE,,,,1.0,1.0070961639517515,0.9482961639517515,1.0658961639517515,6.300000677583739e-05,5aa4244363ebb317d4d07237a51357819655d54eead8ce2fe97c0ff39b12d689
82,daily_gap,crome,SET_ESTIMABLE,NONIDENTIFIED,SET,NONRECOVERABLE,NONIDENTIFIED,SET,assumption_conditional,1.0,,0.8883279441862143,1.132913421583526,0.06809162499848753,5aa4244363ebb317d4d07237a51357819655d54eead8ce2fe97c0ff39b12d689
82,daily_gap,naive_boundary,SET_ESTIMABLE,NONIDENTIFIED,SET,INCONCLUSIVE,,,,1.0,,,,5.1875002100132406e-05,5aa4244363ebb317d4d07237a51357819655d54eead8ce2fe97c0ff39b12d689
82,daily_gap,ridge,SET_ESTIMABLE,NONIDENTIFIED,SET,POINT_ESTIMABLE,,,,1.0,0.0,-0.0588,0.0588,3.891700180247426e-05,5aa4244363ebb317d4d07237a51357819655d54eead8ce2fe97c0ff39b12d689
82,daily_gap,tsvd,SET_ESTIMABLE,NONIDENTIFIED,SET,POINT_ESTIMABLE,,,,1.0,0.0,-0.0588,0.0588,5.099999543745071e-05,5aa4244363ebb317d4d07237a51357819655d54eead8ce2fe97c0ff39b12d689
82,target_mark_collapse,crome,NONRECOVERABLE,NONIDENTIFIED,INCONCLUSIVE,NONRECOVERABLE,NONIDENTIFIED,INCONCLUSIVE,population_exact,1.0,,,,0.01668095799686853,5aa4244363ebb317d4d07237a51357819655d54eead8ce2fe97c0ff39b12d689
82,target_mark_collapse,naive_boundary,NONRECOVERABLE,NONIDENTIFIED,INCONCLUSIVE,POINT_ESTIMABLE,,,,1.0,0.9987885325263444,0.9399885325263444,1.0575885325263443,7.612499757669866e-05,5aa4244363ebb317d4d07237a51357819655d54eead8ce2fe97c0ff39b12d689
82,target_mark_collapse,ridge,NONRECOVERABLE,NONIDENTIFIED,INCONCLUSIVE,POINT_ESTIMABLE,,,,1.0,0.0,-0.0588,0.0588,1.808399974834174e-05,5aa4244363ebb317d4d07237a51357819655d54eead8ce2fe97c0ff39b12d689
82,target_mark_collapse,tsvd,NONRECOVERABLE,NONIDENTIFIED,INCONCLUSIVE,POINT_ESTIMABLE,,,,1.0,0.0,-0.0588,0.0588,3.458299761405215e-05,5aa4244363ebb317d4d07237a51357819655d54eead8ce2fe97c0ff39b12d689
82,rounded_hidden_time,crome,INCONCLUSIVE,UNKNOWN,INCONCLUSIVE,INCONCLUSIVE,UNKNOWN,INCONCLUSIVE,finite_sample_only,1.0,,,,0.007570416004455183,5aa4244363ebb317d4d07237a51357819655d54eead8ce2fe97c0ff39b12d689
82,rounded_hidden_time,naive_boundary,INCONCLUSIVE,UNKNOWN,INCONCLUSIVE,POINT_ESTIMABLE,,,,1.0,1.0067812323125758,0.9479812323125758,1.0655812323125757,8.325000089826062e-05,5aa4244363ebb317d4d07237a51357819655d54eead8ce2fe97c0ff39b12d689
82,rounded_hidden_time,ridge,INCONCLUSIVE,UNKNOWN,INCONCLUSIVE,POINT_ESTIMABLE,,,,1.0,0.8806147417552029,0.821814741755203,0.9394147417552029,1.62090000230819e-05,5aa4244363ebb317d4d07237a51357819655d54eead8ce2fe97c0ff39b12d689
82,rounded_hidden_time,tsvd,INCONCLUSIVE,UNKNOWN,INCONCLUSIVE,POINT_ESTIMABLE,,,,1.0,0.880813954549778,0.822013954549778,0.9396139545497779,3.524999920045957e-05,5aa4244363ebb317d4d07237a51357819655d54eead8ce2fe97c0ff39b12d689
83,fine_4h,crome,POINT_ESTIMABLE,UNKNOWN,POINT_AT_TAU,POINT_ESTIMABLE,UNKNOWN,POINT_AT_TAU,assumption_conditional,1.0,1.0071349372540466,0.9254258427805029,1.0888440317275903,0.09993575000407873,5aa4244363ebb317d4d07237a51357819655d54eead8ce2fe97c0ff39b12d689
83,fine_4h,naive_boundary,POINT_ESTIMABLE,UNKNOWN,POINT_AT_TAU,POINT_ESTIMABLE,,,,1.0,1.0020274427504485,0.9432274427504486,1.0608274427504485,7.129200093913823e-05,5aa4244363ebb317d4d07237a51357819655d54eead8ce2fe97c0ff39b12d689
83,fine_4h,ridge,POINT_ESTIMABLE,UNKNOWN,POINT_AT_TAU,POINT_ESTIMABLE,,,,1.0,0.9997280507920088,0.9409280507920088,1.0585280507920087,1.6250000044237822e-05,5aa4244363ebb317d4d07237a51357819655d54eead8ce2fe97c0ff39b12d689
83,fine_4h,tsvd,POINT_ESTIMABLE,UNKNOWN,POINT_AT_TAU,POINT_ESTIMABLE,,,,1.0,0.9999881615099928,0.9411881615099928,1.0587881615099928,3.574999573174864e-05,5aa4244363ebb317d4d07237a51357819655d54eead8ce2fe97c0ff39b12d689
83,daily_gap,crome,SET_ESTIMABLE,NONIDENTIFIED,SET,NONRECOVERABLE,NONIDENTIFIED,SET,assumption_conditional,1.0,,0.883130535260322,1.1626823109218232,0.06821679200220387,5aa4244363ebb317d4d07237a51357819655d54eead8ce2fe97c0ff39b12d689
83,daily_gap,naive_boundary,SET_ESTIMABLE,NONIDENTIFIED,SET,INCONCLUSIVE,,,,1.0,,,,4.8125002649612725e-05,5aa4244363ebb317d4d07237a51357819655d54eead8ce2fe97c0ff39b12d689
83,daily_gap,ridge,SET_ESTIMABLE,NONIDENTIFIED,SET,POINT_ESTIMABLE,,,,1.0,0.0,-0.0588,0.0588,4.133399488637224e-05,5aa4244363ebb317d4d07237a51357819655d54eead8ce2fe97c0ff39b12d689
83,daily_gap,tsvd,SET_ESTIMABLE,NONIDENTIFIED,SET,POINT_ESTIMABLE,,,,1.0,0.0,-0.0588,0.0588,4.900000203633681e-05,5aa4244363ebb317d4d07237a51357819655d54eead8ce2fe97c0ff39b12d689
83,target_mark_collapse,crome,NONRECOVERABLE,NONIDENTIFIED,INCONCLUSIVE,NONRECOVERABLE,NONIDENTIFIED,INCONCLUSIVE,population_exact,1.0,,,,0.01788158399722306,5aa4244363ebb317d4d07237a51357819655d54eead8ce2fe97c0ff39b12d689
83,target_mark_collapse,naive_boundary,NONRECOVERABLE,NONIDENTIFIED,INCONCLUSIVE,POINT_ESTIMABLE,,,,1.0,1.0027893778439416,0.9439893778439417,1.0615893778439416,0.00012037499982398003,5aa4244363ebb317d4d07237a51357819655d54eead8ce2fe97c0ff39b12d689
83,target_mark_collapse,ridge,NONRECOVERABLE,NONIDENTIFIED,INCONCLUSIVE,POINT_ESTIMABLE,,,,1.0,0.0,-0.0588,0.0588,2.12500017369166e-05,5aa4244363ebb317d4d07237a51357819655d54eead8ce2fe97c0ff39b12d689
83,target_mark_collapse,tsvd,NONRECOVERABLE,NONIDENTIFIED,INCONCLUSIVE,POINT_ESTIMABLE,,,,1.0,0.0,-0.0588,0.0588,4.741700104204938e-05,5aa4244363ebb317d4d07237a51357819655d54eead8ce2fe97c0ff39b12d689
83,rounded_hidden_time,crome,INCONCLUSIVE,UNKNOWN,INCONCLUSIVE,INCONCLUSIVE,UNKNOWN,INCONCLUSIVE,finite_sample_only,1.0,,,,0.00816458299959777,5aa4244363ebb317d4d07237a51357819655d54eead8ce2fe97c0ff39b12d689
83,rounded_hidden_time,naive_boundary,INCONCLUSIVE,UNKNOWN,INCONCLUSIVE,POINT_ESTIMABLE,,,,1.0,1.004379092189222,0.945579092189222,1.063179092189222,0.00012033399980282411,5aa4244363ebb317d4d07237a51357819655d54eead8ce2fe97c0ff39b12d689
83,rounded_hidden_time,ridge,INCONCLUSIVE,UNKNOWN,INCONCLUSIVE,POINT_ESTIMABLE,,,,1.0,0.8876021044790988,0.8288021044790989,0.9464021044790988,1.9500002963468432e-05,5aa4244363ebb317d4d07237a51357819655d54eead8ce2fe97c0ff39b12d689
83,rounded_hidden_time,tsvd,INCONCLUSIVE,UNKNOWN,INCONCLUSIVE,POINT_ESTIMABLE,,,,1.0,0.887798975179877,0.8289989751798771,0.946598975179877,4.341600288171321e-05,5aa4244363ebb317d4d07237a51357819655d54eead8ce2fe97c0ff39b12d689
84,fine_4h,crome,POINT_ESTIMABLE,UNKNOWN,POINT_AT_TAU,POINT_ESTIMABLE,UNKNOWN,POINT_AT_TAU,assumption_conditional,1.0,1.0067215674532388,0.9247914694033544,1.0886516655031233,0.10435091699764598,5aa4244363ebb317d4d07237a51357819655d54eead8ce2fe97c0ff39b12d689
84,fine_4h,naive_boundary,POINT_ESTIMABLE,UNKNOWN,POINT_AT_TAU,POINT_ESTIMABLE,,,,1.0,0.9988049589417222,0.9400049589417222,1.0576049589417222,0.00012258400238351896,5aa4244363ebb317d4d07237a51357819655d54eead8ce2fe97c0ff39b12d689
84,fine_4h,ridge,POINT_ESTIMABLE,UNKNOWN,POINT_AT_TAU,POINT_ESTIMABLE,,,,1.0,1.0056635413469575,0.9468635413469575,1.0644635413469574,2.1291001758072525e-05,5aa4244363ebb317d4d07237a51357819655d54eead8ce2fe97c0ff39b12d689
84,fine_4h,tsvd,POINT_ESTIMABLE,UNKNOWN,POINT_AT_TAU,POINT_ESTIMABLE,,,,1.0,1.0059286012874815,0.9471286012874816,1.0647286012874815,5.316700116964057e-05,5aa4244363ebb317d4d07237a51357819655d54eead8ce2fe97c0ff39b12d689
84,daily_gap,crome,SET_ESTIMABLE,NONIDENTIFIED,SET,NONRECOVERABLE,NONIDENTIFIED,SET,assumption_conditional,1.0,,0.8599206578727712,1.1442724682498457,0.05990729200129863,5aa4244363ebb317d4d07237a51357819655d54eead8ce2fe97c0ff39b12d689
84,daily_gap,naive_boundary,SET_ESTIMABLE,NONIDENTIFIED,SET,INCONCLUSIVE,,,,1.0,,,,5.704200157197192e-05,5aa4244363ebb317d4d07237a51357819655d54eead8ce2fe97c0ff39b12d689
84,daily_gap,ridge,SET_ESTIMABLE,NONIDENTIFIED,SET,POINT_ESTIMABLE,,,,1.0,0.0,-0.0588,0.0588,4.6624998503830284e-05,5aa4244363ebb317d4d07237a51357819655d54eead8ce2fe97c0ff39b12d689
84,daily_gap,tsvd,SET_ESTIMABLE,NONIDENTIFIED,SET,POINT_ESTIMABLE,,,,1.0,0.0,-0.0588,0.0588,5.504100408870727e-05,5aa4244363ebb317d4d07237a51357819655d54eead8ce2fe97c0ff39b12d689
84,target_mark_collapse,crome,NONRECOVERABLE,NONIDENTIFIED,INCONCLUSIVE,NONRECOVERABLE,NONIDENTIFIED,INCONCLUSIVE,population_exact,1.0,,,,0.017459082999266684,5aa4244363ebb317d4d07237a51357819655d54eead8ce2fe97c0ff39b12d689
84,target_mark_collapse,naive_boundary,NONRECOVERABLE,NONIDENTIFIED,INCONCLUSIVE,POINT_ESTIMABLE,,,,1.0,1.001247199204009,0.9424471992040091,1.060047199204009,0.00010162500257138163,5aa4244363ebb317d4d07237a51357819655d54eead8ce2fe97c0ff39b12d689
84,target_mark_collapse,ridge,NONRECOVERABLE,NONIDENTIFIED,INCONCLUSIVE,POINT_ESTIMABLE,,,,1.0,0.0,-0.0588,0.0588,1.945799886016175e-05,5aa4244363ebb317d4d07237a51357819655d54eead8ce2fe97c0ff39b12d689
84,target_mark_collapse,tsvd,NONRECOVERABLE,NONIDENTIFIED,INCONCLUSIVE,POINT_ESTIMABLE,,,,1.0,0.0,-0.0588,0.0588,3.745799767784774e-05,5aa4244363ebb317d4d07237a51357819655d54eead8ce2fe97c0ff39b12d689
84,rounded_hidden_time,crome,INCONCLUSIVE,UNKNOWN,INCONCLUSIVE,INCONCLUSIVE,UNKNOWN,INCONCLUSIVE,finite_sample_only,1.0,,,,0.00793195799633395,5aa4244363ebb317d4d07237a51357819655d54eead8ce2fe97c0ff39b12d689
84,rounded_hidden_time,naive_boundary,INCONCLUSIVE,UNKNOWN,INCONCLUSIVE,POINT_ESTIMABLE,,,,1.0,1.0046900811599946,0.9458900811599946,1.0634900811599945,0.00010141600068891421,5aa4244363ebb317d4d07237a51357819655d54eead8ce2fe97c0ff39b12d689
84,rounded_hidden_time,ridge,INCONCLUSIVE,UNKNOWN,INCONCLUSIVE,POINT_ESTIMABLE,,,,1.0,0.8844552574340989,0.825655257434099,0.9432552574340989,2.0375002350192517e-05,5aa4244363ebb317d4d07237a51357819655d54eead8ce2fe97c0ff39b12d689
84,rounded_hidden_time,tsvd,INCONCLUSIVE,UNKNOWN,INCONCLUSIVE,POINT_ESTIMABLE,,,,1.0,0.8846565457337695,0.8258565457337695,0.9434565457337695,4.495900066103786e-05,5aa4244363ebb317d4d07237a51357819655d54eead8ce2fe97c0ff39b12d689
85,fine_4h,crome,POINT_ESTIMABLE,UNKNOWN,POINT_AT_TAU,POINT_ESTIMABLE,UNKNOWN,POINT_AT_TAU,assumption_conditional,1.0,1.0076840215099585,0.9258802019491595,1.0894878410707574,0.166987541000708,5aa4244363ebb317d4d07237a51357819655d54eead8ce2fe97c0ff39b12d689
85,fine_4h,naive_boundary,POINT_ESTIMABLE,UNKNOWN,POINT_AT_TAU,POINT_ESTIMABLE,,,,1.0,1.0036792086803563,0.9448792086803564,1.0624792086803563,0.00013700000272365287,5aa4244363ebb317d4d07237a51357819655d54eead8ce2fe97c0ff39b12d689
85,fine_4h,ridge,POINT_ESTIMABLE,UNKNOWN,POINT_AT_TAU,POINT_ESTIMABLE,,,,1.0,1.0014942237703837,0.9426942237703837,1.0602942237703836,2.3749998945277184e-05,5aa4244363ebb317d4d07237a51357819655d54eead8ce2fe97c0ff39b12d689
85,fine_4h,tsvd,POINT_ESTIMABLE,UNKNOWN,POINT_AT_TAU,POINT_ESTIMABLE,,,,1.0,1.0017762299464412,0.9429762299464413,1.0605762299464412,5.504200089490041e-05,5aa4244363ebb317d4d07237a51357819655d54eead8ce2fe97c0ff39b12d689
85,daily_gap,crome,SET_ESTIMABLE,NONIDENTIFIED,SET,NONRECOVERABLE,NONIDENTIFIED,SET,assumption_conditional,1.0,,0.8579838208173389,1.161338251780539,0.0671503749981639,5aa4244363ebb317d4d07237a51357819655d54eead8ce2fe97c0ff39b12d689
85,daily_gap,naive_boundary,SET_ESTIMABLE,NONIDENTIFIED,SET,INCONCLUSIVE,,,,1.0,,,,5.804099782835692e-05,5aa4244363ebb317d4d07237a51357819655d54eead8ce2fe97c0ff39b12d689
85,daily_gap,ridge,SET_ESTIMABLE,NONIDENTIFIED,SET,POINT_ESTIMABLE,,,,1.0,0.0,-0.0588,0.0588,4.9665999540593475e-05,5aa4244363ebb317d4d07237a51357819655d54eead8ce2fe97c0ff39b12d689
85,daily_gap,tsvd,SET_ESTIMABLE,NONIDENTIFIED,SET,POINT_ESTIMABLE,,,,1.0,0.0,-0.0588,0.0588,5.8999998145736754e-05,5aa4244363ebb317d4d07237a51357819655d54eead8ce2fe97c0ff39b12d689
85,target_mark_collapse,crome,NONRECOVERABLE,NONIDENTIFIED,INCONCLUSIVE,NONRECOVERABLE,NONIDENTIFIED,INCONCLUSIVE,population_exact,1.0,,,,0.017587708003702573,5aa4244363ebb317d4d07237a51357819655d54eead8ce2fe97c0ff39b12d689
85,target_mark_collapse,naive_boundary,NONRECOVERABLE,NONIDENTIFIED,INCONCLUSIVE,POINT_ESTIMABLE,,,,1.0,1.003755098369908,0.944955098369908,1.062555098369908,0.0001208749963552691,5aa4244363ebb317d4d07237a51357819655d54eead8ce2fe97c0ff39b12d689
85,target_mark_collapse,ridge,NONRECOVERABLE,NONIDENTIFIED,INCONCLUSIVE,POINT_ESTIMABLE,,,,1.0,0.0,-0.0588,0.0588,2.1792002371512353e-05,5aa4244363ebb317d4d07237a51357819655d54eead8ce2fe97c0ff39b12d689
85,target_mark_collapse,tsvd,NONRECOVERABLE,NONIDENTIFIED,INCONCLUSIVE,POINT_ESTIMABLE,,,,1.0,0.0,-0.0588,0.0588,4.712500231107697e-05,5aa4244363ebb317d4d07237a51357819655d54eead8ce2fe97c0ff39b12d689
85,rounded_hidden_time,crome,INCONCLUSIVE,UNKNOWN,INCONCLUSIVE,INCONCLUSIVE,UNKNOWN,INCONCLUSIVE,finite_sample_only,1.0,,,,0.008176125003956258,5aa4244363ebb317d4d07237a51357819655d54eead8ce2fe97c0ff39b12d689
85,rounded_hidden_time,naive_boundary,INCONCLUSIVE,UNKNOWN,INCONCLUSIVE,POINT_ESTIMABLE,,,,1.0,1.0062736960500889,0.9474736960500889,1.0650736960500888,0.0001389579992974177,5aa4244363ebb317d4d07237a51357819655d54eead8ce2fe97c0ff39b12d689
85,rounded_hidden_time,ridge,INCONCLUSIVE,UNKNOWN,INCONCLUSIVE,POINT_ESTIMABLE,,,,1.0,0.8758990753834559,0.8170990753834559,0.9346990753834559,2.0375002350192517e-05,5aa4244363ebb317d4d07237a51357819655d54eead8ce2fe97c0ff39b12d689
85,rounded_hidden_time,tsvd,INCONCLUSIVE,UNKNOWN,INCONCLUSIVE,POINT_ESTIMABLE,,,,1.0,0.8760675693836729,0.817267569383673,0.9348675693836729,4.44999968749471e-05,5aa4244363ebb317d4d07237a51357819655d54eead8ce2fe97c0ff39b12d689
86,fine_4h,crome,POINT_ESTIMABLE,UNKNOWN,POINT_AT_TAU,POINT_ESTIMABLE,UNKNOWN,POINT_AT_TAU,assumption_conditional,1.0,1.0060241365983844,0.9241117451228412,1.0879365280739277,0.09923266700207023,5aa4244363ebb317d4d07237a51357819655d54eead8ce2fe97c0ff39b12d689
86,fine_4h,naive_boundary,POINT_ESTIMABLE,UNKNOWN,POINT_AT_TAU,POINT_ESTIMABLE,,,,1.0,0.9984202839028888,0.9396202839028889,1.0572202839028888,0.00012462499580578879,5aa4244363ebb317d4d07237a51357819655d54eead8ce2fe97c0ff39b12d689
86,fine_4h,ridge,POINT_ESTIMABLE,UNKNOWN,POINT_AT_TAU,POINT_ESTIMABLE,,,,1.0,1.0001463474348975,0.9413463474348975,1.0589463474348975,2.220800524810329e-05,5aa4244363ebb317d4d07237a51357819655d54eead8ce2fe97c0ff39b12d689
86,fine_4h,tsvd,POINT_ESTIMABLE,UNKNOWN,POINT_AT_TAU,POINT_ESTIMABLE,,,,1.0,1.000412954616645,0.941612954616645,1.0592129546166449,5.608300125459209e-05,5aa4244363ebb317d4d07237a51357819655d54eead8ce2fe97c0ff39b12d689
86,daily_gap,crome,SET_ESTIMABLE,NONIDENTIFIED,SET,NONRECOVERABLE,NONIDENTIFIED,SET,assumption_conditional,1.0,,0.8645033945360701,1.1496550347635075,0.06545033300062642,5aa4244363ebb317d4d07237a51357819655d54eead8ce2fe97c0ff39b12d689
86,daily_gap,naive_boundary,SET_ESTIMABLE,NONIDENTIFIED,SET,INCONCLUSIVE,,,,1.0,,,,5.54999933228828e-05,5aa4244363ebb317d4d07237a51357819655d54eead8ce2fe97c0ff39b12d689
86,daily_gap,ridge,SET_ESTIMABLE,NONIDENTIFIED,SET,POINT_ESTIMABLE,,,,1.0,0.0,-0.0588,0.0588,4.295800317777321e-05,5aa4244363ebb317d4d07237a51357819655d54eead8ce2fe97c0ff39b12d689
86,daily_gap,tsvd,SET_ESTIMABLE,NONIDENTIFIED,SET,POINT_ESTIMABLE,,,,1.0,0.0,-0.0588,0.0588,5.316699389368296e-05,5aa4244363ebb317d4d07237a51357819655d54eead8ce2fe97c0ff39b12d689
86,target_mark_collapse,crome,NONRECOVERABLE,NONIDENTIFIED,INCONCLUSIVE,NONRECOVERABLE,NONIDENTIFIED,INCONCLUSIVE,population_exact,1.0,,,,0.018316000001505017,5aa4244363ebb317d4d07237a51357819655d54eead8ce2fe97c0ff39b12d689
86,target_mark_collapse,naive_boundary,NONRECOVERABLE,NONIDENTIFIED,INCONCLUSIVE,POINT_ESTIMABLE,,,,1.0,0.9979477838803367,0.9391477838803367,1.0567477838803367,0.00015787500160513446,5aa4244363ebb317d4d07237a51357819655d54eead8ce2fe97c0ff39b12d689
86,target_mark_collapse,ridge,NONRECOVERABLE,NONIDENTIFIED,INCONCLUSIVE,POINT_ESTIMABLE,,,,1.0,0.0,-0.0588,0.0588,2.445800055284053e-05,5aa4244363ebb317d4d07237a51357819655d54eead8ce2fe97c0ff39b12d689
86,target_mark_collapse,tsvd,NONRECOVERABLE,NONIDENTIFIED,INCONCLUSIVE,POINT_ESTIMABLE,,,,1.0,0.0,-0.0588,0.0588,5.470900214277208e-05,5aa4244363ebb317d4d07237a51357819655d54eead8ce2fe97c0ff39b12d689
86,rounded_hidden_time,crome,INCONCLUSIVE,UNKNOWN,INCONCLUSIVE,INCONCLUSIVE,UNKNOWN,INCONCLUSIVE,finite_sample_only,1.0,,,,0.007973833002324682,5aa4244363ebb317d4d07237a51357819655d54eead8ce2fe97c0ff39b12d689
86,rounded_hidden_time,naive_boundary,INCONCLUSIVE,UNKNOWN,INCONCLUSIVE,POINT_ESTIMABLE,,,,1.0,0.004735618607021898,-0.0540643813929781,0.0635356186070219,0.0001499170030001551,5aa4244363ebb317d4d07237a51357819655d54eead8ce2fe97c0ff39b12d689
86,rounded_hidden_time,ridge,INCONCLUSIVE,UNKNOWN,INCONCLUSIVE,POINT_ESTIMABLE,,,,1.0,0.8861602400062701,0.8273602400062702,0.9449602400062701,2.241700713057071e-05,5aa4244363ebb317d4d07237a51357819655d54eead8ce2fe97c0ff39b12d689
86,rounded_hidden_time,tsvd,INCONCLUSIVE,UNKNOWN,INCONCLUSIVE,POINT_ESTIMABLE,,,,1.0,0.8863573810549217,0.8275573810549217,0.9451573810549216,4.958399949828163e-05,5aa4244363ebb317d4d07237a51357819655d54eead8ce2fe97c0ff39b12d689
87,fine_4h,crome,POINT_ESTIMABLE,UNKNOWN,POINT_AT_TAU,POINT_ESTIMABLE,UNKNOWN,POINT_AT_TAU,assumption_conditional,1.0,1.0093318237828917,0.9278838448111713,1.090779802754612,0.10499370800243923,5aa4244363ebb317d4d07237a51357819655d54eead8ce2fe97c0ff39b12d689
87,fine_4h,naive_boundary,POINT_ESTIMABLE,UNKNOWN,POINT_AT_TAU,POINT_ESTIMABLE,,,,1.0,1.0056990669668608,0.9468990669668609,1.0644990669668608,0.00011854100011987612,5aa4244363ebb317d4d07237a51357819655d54eead8ce2fe97c0ff39b12d689
87,fine_4h,ridge,POINT_ESTIMABLE,UNKNOWN,POINT_AT_TAU,POINT_ESTIMABLE,,,,1.0,1.0076744861790818,0.9488744861790819,1.0664744861790818,2.0958999812137336e-05,5aa4244363ebb317d4d07237a51357819655d54eead8ce2fe97c0ff39b12d689
87,fine_4h,tsvd,POINT_ESTIMABLE,UNKNOWN,POINT_AT_TAU,POINT_ESTIMABLE,,,,1.0,1.007926374988759,0.9491263749887591,1.066726374988759,5.066700396127999e-05,5aa4244363ebb317d4d07237a51357819655d54eead8ce2fe97c0ff39b12d689
87,daily_gap,crome,SET_ESTIMABLE,NONIDENTIFIED,SET,NONRECOVERABLE,NONIDENTIFIED,SET,assumption_conditional,1.0,,0.8905402878981032,1.1676805796150527,0.058014041002024896,5aa4244363ebb317d4d07237a51357819655d54eead8ce2fe97c0ff39b12d689
87,daily_gap,naive_boundary,SET_ESTIMABLE,NONIDENTIFIED,SET,INCONCLUSIVE,,,,1.0,,,,2.9000002541579306e-05,5aa4244363ebb317d4d07237a51357819655d54eead8ce2fe97c0ff39b12d689
87,daily_gap,ridge,SET_ESTIMABLE,NONIDENTIFIED,SET,POINT_ESTIMABLE,,,,1.0,0.0,-0.0588,0.0588,2.6500005333218724e-05,5aa4244363ebb317d4d07237a51357819655d54eead8ce2fe97c0ff39b12d689
87,daily_gap,tsvd,SET_ESTIMABLE,NONIDENTIFIED,SET,POINT_ESTIMABLE,,,,1.0,0.0,-0.0588,0.0588,3.7542005884461105e-05,5aa4244363ebb317d4d07237a51357819655d54eead8ce2fe97c0ff39b12d689
87,target_mark_collapse,crome,NONRECOVERABLE,NONIDENTIFIED,INCONCLUSIVE,NONRECOVERABLE,NONIDENTIFIED,INCONCLUSIVE,population_exact,1.0,,,,0.01650225000048522,5aa4244363ebb317d4d07237a51357819655d54eead8ce2fe97c0ff39b12d689
87,target_mark_collapse,naive_boundary,NONRECOVERABLE,NONIDENTIFIED,INCONCLUSIVE,POINT_ESTIMABLE,,,,1.0,0.9990648465757237,0.9402648465757237,1.0578648465757237,8.641699969302863e-05,5aa4244363ebb317d4d07237a51357819655d54eead8ce2fe97c0ff39b12d689
87,target_mark_collapse,ridge,NONRECOVERABLE,NONIDENTIFIED,INCONCLUSIVE,POINT_ESTIMABLE,,,,1.0,0.0,-0.0588,0.0588,1.8292004824616015e-05,5aa4244363ebb317d4d07237a51357819655d54eead8ce2fe97c0ff39b12d689
87,target_mark_collapse,tsvd,NONRECOVERABLE,NONIDENTIFIED,INCONCLUSIVE,POINT_ESTIMABLE,,,,1.0,0.0,-0.0588,0.0588,3.912499960279092e-05,5aa4244363ebb317d4d07237a51357819655d54eead8ce2fe97c0ff39b12d689
87,rounded_hidden_time,crome,INCONCLUSIVE,UNKNOWN,INCONCLUSIVE,INCONCLUSIVE,UNKNOWN,INCONCLUSIVE,finite_sample_only,1.0,,,,0.007606916995428037,5aa4244363ebb317d4d07237a51357819655d54eead8ce2fe97c0ff39b12d689
87,rounded_hidden_time,naive_boundary,INCONCLUSIVE,UNKNOWN,INCONCLUSIVE,POINT_ESTIMABLE,,,,1.0,1.0068492554984452,0.9480492554984452,1.0656492554984451,7.970900333020836e-05,5aa4244363ebb317d4d07237a51357819655d54eead8ce2fe97c0ff39b12d689
87,rounded_hidden_time,ridge,INCONCLUSIVE,UNKNOWN,INCONCLUSIVE,POINT_ESTIMABLE,,,,1.0,0.8792443289004498,0.8204443289004498,0.9380443289004498,1.5958998119458556e-05,5aa4244363ebb317d4d07237a51357819655d54eead8ce2fe97c0ff39b12d689
87,rounded_hidden_time,tsvd,INCONCLUSIVE,UNKNOWN,INCONCLUSIVE,POINT_ESTIMABLE,,,,1.0,0.879420997723098,0.820620997723098,0.938220997723098,3.80830024369061e-05,5aa4244363ebb317d4d07237a51357819655d54eead8ce2fe97c0ff39b12d689
88,fine_4h,crome,POINT_ESTIMABLE,UNKNOWN,POINT_AT_TAU,POINT_ESTIMABLE,UNKNOWN,POINT_AT_TAU,assumption_conditional,1.0,1.00611305643323,0.924080436913644,1.0881456759528159,0.09632904099998996,5aa4244363ebb317d4d07237a51357819655d54eead8ce2fe97c0ff39b12d689
88,fine_4h,naive_boundary,POINT_ESTIMABLE,UNKNOWN,POINT_AT_TAU,POINT_ESTIMABLE,,,,1.0,0.9995090885959574,0.9407090885959575,1.0583090885959574,6.516600114991888e-05,5aa4244363ebb317d4d07237a51357819655d54eead8ce2fe97c0ff39b12d689
88,fine_4h,ridge,POINT_ESTIMABLE,UNKNOWN,POINT_AT_TAU,POINT_ESTIMABLE,,,,1.0,1.0047240422401718,0.9459240422401718,1.0635240422401717,1.620799594093114e-05,5aa4244363ebb317d4d07237a51357819655d54eead8ce2fe97c0ff39b12d689
88,fine_4h,tsvd,POINT_ESTIMABLE,UNKNOWN,POINT_AT_TAU,POINT_ESTIMABLE,,,,1.0,1.0050110716976657,0.9462110716976657,1.0638110716976656,3.6124998587183654e-05,5aa4244363ebb317d4d07237a51357819655d54eead8ce2fe97c0ff39b12d689
88,daily_gap,crome,SET_ESTIMABLE,NONIDENTIFIED,SET,NONRECOVERABLE,NONIDENTIFIED,SET,assumption_conditional,1.0,,0.8713561205465021,1.148454869939942,0.0620714999968186,5aa4244363ebb317d4d07237a51357819655d54eead8ce2fe97c0ff39b12d689
88,daily_gap,naive_boundary,SET_ESTIMABLE,NONIDENTIFIED,SET,INCONCLUSIVE,,,,1.0,,,,2.7791997126769274e-05,5aa4244363ebb317d4d07237a51357819655d54eead8ce2fe97c0ff39b12d689
88,daily_gap,ridge,SET_ESTIMABLE,NONIDENTIFIED,SET,POINT_ESTIMABLE,,,,1.0,0.0,-0.0588,0.0588,2.3250002413988113e-05,5aa4244363ebb317d4d07237a51357819655d54eead8ce2fe97c0ff39b12d689
88,daily_gap,tsvd,SET_ESTIMABLE,NONIDENTIFIED,SET,POINT_ESTIMABLE,,,,1.0,0.0,-0.0588,0.0588,3.408399788895622e-05,5aa4244363ebb317d4d07237a51357819655d54eead8ce2fe97c0ff39b12d689
88,target_mark_collapse,crome,NONRECOVERABLE,NONIDENTIFIED,INCONCLUSIVE,NONRECOVERABLE,NONIDENTIFIED,INCONCLUSIVE,population_exact,1.0,,,,0.016696957995009143,5aa4244363ebb317d4d07237a51357819655d54eead8ce2fe97c0ff39b12d689
88,target_mark_collapse,naive_boundary,NONRECOVERABLE,NONIDENTIFIED,INCONCLUSIVE,POINT_ESTIMABLE,,,,1.0,0.998070234101474,0.939270234101474,1.056870234101474,0.0001082500020856969,5aa4244363ebb317d4d07237a51357819655d54eead8ce2fe97c0ff39b12d689
88,target_mark_collapse,ridge,NONRECOVERABLE,NONIDENTIFIED,INCONCLUSIVE,POINT_ESTIMABLE,,,,1.0,0.0,-0.0588,0.0588,1.8124999769497663e-05,5aa4244363ebb317d4d07237a51357819655d54eead8ce2fe97c0ff39b12d689
88,target_mark_collapse,tsvd,NONRECOVERABLE,NONIDENTIFIED,INCONCLUSIVE,POINT_ESTIMABLE,,,,1.0,0.0,-0.0588,0.0588,4.283399903215468e-05,5aa4244363ebb317d4d07237a51357819655d54eead8ce2fe97c0ff39b12d689
88,rounded_hidden_time,crome,INCONCLUSIVE,UNKNOWN,INCONCLUSIVE,INCONCLUSIVE,UNKNOWN,INCONCLUSIVE,finite_sample_only,1.0,,,,0.007615916998474859,5aa4244363ebb317d4d07237a51357819655d54eead8ce2fe97c0ff39b12d689
88,rounded_hidden_time,naive_boundary,INCONCLUSIVE,UNKNOWN,INCONCLUSIVE,POINT_ESTIMABLE,,,,1.0,1.00597479349611,0.9471747934961101,1.06477479349611,0.00010475000453880057,5aa4244363ebb317d4d07237a51357819655d54eead8ce2fe97c0ff39b12d689
88,rounded_hidden_time,ridge,INCONCLUSIVE,UNKNOWN,INCONCLUSIVE,POINT_ESTIMABLE,,,,1.0,0.8776707711231504,0.8188707711231504,0.9364707711231504,2.1083003957755864e-05,5aa4244363ebb317d4d07237a51357819655d54eead8ce2fe97c0ff39b12d689
88,rounded_hidden_time,tsvd,INCONCLUSIVE,UNKNOWN,INCONCLUSIVE,POINT_ESTIMABLE,,,,1.0,0.8778381043482998,0.8190381043482998,0.9366381043482997,4.491699655773118e-05,5aa4244363ebb317d4d07237a51357819655d54eead8ce2fe97c0ff39b12d689
89,fine_4h,crome,POINT_ESTIMABLE,UNKNOWN,POINT_AT_TAU,POINT_ESTIMABLE,UNKNOWN,POINT_AT_TAU,assumption_conditional,1.0,1.0057534502450545,0.923679554609851,1.0878273458802579,0.10060595899994951,5aa4244363ebb317d4d07237a51357819655d54eead8ce2fe97c0ff39b12d689
89,fine_4h,naive_boundary,POINT_ESTIMABLE,UNKNOWN,POINT_AT_TAU,POINT_ESTIMABLE,,,,1.0,0.9986403601715802,0.9398403601715802,1.0574403601715803,0.00011245800124015659,5aa4244363ebb317d4d07237a51357819655d54eead8ce2fe97c0ff39b12d689
89,fine_4h,ridge,POINT_ESTIMABLE,UNKNOWN,POINT_AT_TAU,POINT_ESTIMABLE,,,,1.0,1.005132430326903,0.946332430326903,1.0639324303269029,2.0499996026046574e-05,5aa4244363ebb317d4d07237a51357819655d54eead8ce2fe97c0ff39b12d689
89,fine_4h,tsvd,POINT_ESTIMABLE,UNKNOWN,POINT_AT_TAU,POINT_ESTIMABLE,,,,1.0,1.0054005631569438,0.9466005631569439,1.0642005631569438,5.112500366521999e-05,5aa4244363ebb317d4d07237a51357819655d54eead8ce2fe97c0ff39b12d689
89,daily_gap,crome,SET_ESTIMABLE,NONIDENTIFIED,SET,NONRECOVERABLE,NONIDENTIFIED,SET,assumption_conditional,1.0,,0.8785684167393784,1.1480316203834096,0.061982208004337735,5aa4244363ebb317d4d07237a51357819655d54eead8ce2fe97c0ff39b12d689
89,daily_gap,naive_boundary,SET_ESTIMABLE,NONIDENTIFIED,SET,INCONCLUSIVE,,,,1.0,,,,3.0333001632243395e-05,5aa4244363ebb317d4d07237a51357819655d54eead8ce2fe97c0ff39b12d689
89,daily_gap,ridge,SET_ESTIMABLE,NONIDENTIFIED,SET,POINT_ESTIMABLE,,,,1.0,0.0,-0.0588,0.0588,2.662499900907278e-05,5aa4244363ebb317d4d07237a51357819655d54eead8ce2fe97c0ff39b12d689
89,daily_gap,tsvd,SET_ESTIMABLE,NONIDENTIFIED,SET,POINT_ESTIMABLE,,,,1.0,0.0,-0.0588,0.0588,3.895899862982333e-05,5aa4244363ebb317d4d07237a51357819655d54eead8ce2fe97c0ff39b12d689
89,target_mark_collapse,crome,NONRECOVERABLE,NONIDENTIFIED,INCONCLUSIVE,NONRECOVERABLE,NONIDENTIFIED,INCONCLUSIVE,population_exact,1.0,,,,0.016691917000571266,5aa4244363ebb317d4d07237a51357819655d54eead8ce2fe97c0ff39b12d689
89,target_mark_collapse,naive_boundary,NONRECOVERABLE,NONIDENTIFIED,INCONCLUSIVE,POINT_ESTIMABLE,,,,1.0,0.9998793819052072,0.9410793819052072,1.0586793819052072,7.366699719568714e-05,5aa4244363ebb317d4d07237a51357819655d54eead8ce2fe97c0ff39b12d689
89,target_mark_collapse,ridge,NONRECOVERABLE,NONIDENTIFIED,INCONCLUSIVE,POINT_ESTIMABLE,,,,1.0,0.0,-0.0588,0.0588,1.691699435468763e-05,5aa4244363ebb317d4d07237a51357819655d54eead8ce2fe97c0ff39b12d689
89,target_mark_collapse,tsvd,NONRECOVERABLE,NONIDENTIFIED,INCONCLUSIVE,POINT_ESTIMABLE,,,,1.0,0.0,-0.0588,0.0588,3.22499981848523e-05,5aa4244363ebb317d4d07237a51357819655d54eead8ce2fe97c0ff39b12d689
89,rounded_hidden_time,crome,INCONCLUSIVE,UNKNOWN,INCONCLUSIVE,INCONCLUSIVE,UNKNOWN,INCONCLUSIVE,finite_sample_only,1.0,,,,0.007570458998088725,5aa4244363ebb317d4d07237a51357819655d54eead8ce2fe97c0ff39b12d689
89,rounded_hidden_time,naive_boundary,INCONCLUSIVE,UNKNOWN,INCONCLUSIVE,POINT_ESTIMABLE,,,,1.0,1.0044020291165532,0.9456020291165532,1.0632020291165531,7.937500049592927e-05,5aa4244363ebb317d4d07237a51357819655d54eead8ce2fe97c0ff39b12d689
89,rounded_hidden_time,ridge,INCONCLUSIVE,UNKNOWN,INCONCLUSIVE,POINT_ESTIMABLE,,,,1.0,0.8907896185910642,0.8319896185910642,0.9495896185910642,1.5082994650583714e-05,5aa4244363ebb317d4d07237a51357819655d54eead8ce2fe97c0ff39b12d689
89,rounded_hidden_time,tsvd,INCONCLUSIVE,UNKNOWN,INCONCLUSIVE,POINT_ESTIMABLE,,,,1.0,0.8909721453940883,0.8321721453940883,0.9497721453940883,3.4791999496519566e-05,5aa4244363ebb317d4d07237a51357819655d54eead8ce2fe97c0ff39b12d689
90,fine_4h,crome,POINT_ESTIMABLE,UNKNOWN,POINT_AT_TAU,POINT_ESTIMABLE,UNKNOWN,POINT_AT_TAU,assumption_conditional,1.0,1.0065412359470456,0.9246183374701614,1.0884641344239299,0.10319091699784622,5aa4244363ebb317d4d07237a51357819655d54eead8ce2fe97c0ff39b12d689
90,fine_4h,naive_boundary,POINT_ESTIMABLE,UNKNOWN,POINT_AT_TAU,POINT_ESTIMABLE,,,,1.0,1.0031625248202793,0.9443625248202794,1.0619625248202793,0.0001212920033140108,5aa4244363ebb317d4d07237a51357819655d54eead8ce2fe97c0ff39b12d689
90,fine_4h,ridge,POINT_ESTIMABLE,UNKNOWN,POINT_AT_TAU,POINT_ESTIMABLE,,,,1.0,1.0059738424789968,0.9471738424789968,1.0647738424789968,2.141699951607734e-05,5aa4244363ebb317d4d07237a51357819655d54eead8ce2fe97c0ff39b12d689
90,fine_4h,tsvd,POINT_ESTIMABLE,UNKNOWN,POINT_AT_TAU,POINT_ESTIMABLE,,,,1.0,1.0062489451133672,0.9474489451133672,1.0650489451133671,5.162500019650906e-05,5aa4244363ebb317d4d07237a51357819655d54eead8ce2fe97c0ff39b12d689
90,daily_gap,crome,SET_ESTIMABLE,NONIDENTIFIED,SET,NONRECOVERABLE,NONIDENTIFIED,SET,assumption_conditional,1.0,,0.8679339413044875,1.1483867271187576,0.06301587499910966,5aa4244363ebb317d4d07237a51357819655d54eead8ce2fe97c0ff39b12d689
90,daily_gap,naive_boundary,SET_ESTIMABLE,NONIDENTIFIED,SET,INCONCLUSIVE,,,,1.0,,,,4.649999755201861e-05,5aa4244363ebb317d4d07237a51357819655d54eead8ce2fe97c0ff39b12d689
90,daily_gap,ridge,SET_ESTIMABLE,NONIDENTIFIED,SET,POINT_ESTIMABLE,,,,1.0,0.0,-0.0588,0.0588,3.749999450519681e-05,5aa4244363ebb317d4d07237a51357819655d54eead8ce2fe97c0ff39b12d689
90,daily_gap,tsvd,SET_ESTIMABLE,NONIDENTIFIED,SET,POINT_ESTIMABLE,,,,1.0,0.0,-0.0588,0.0588,4.587500006891787e-05,5aa4244363ebb317d4d07237a51357819655d54eead8ce2fe97c0ff39b12d689
90,target_mark_collapse,crome,NONRECOVERABLE,NONIDENTIFIED,INCONCLUSIVE,NONRECOVERABLE,NONIDENTIFIED,INCONCLUSIVE,population_exact,1.0,,,,0.01687533299991628,5aa4244363ebb317d4d07237a51357819655d54eead8ce2fe97c0ff39b12d689
90,target_mark_collapse,naive_boundary,NONRECOVERABLE,NONIDENTIFIED,INCONCLUSIVE,POINT_ESTIMABLE,,,,1.0,1.0005471081945336,0.9417471081945337,1.0593471081945336,9.991700062528253e-05,5aa4244363ebb317d4d07237a51357819655d54eead8ce2fe97c0ff39b12d689
90,target_mark_collapse,ridge,NONRECOVERABLE,NONIDENTIFIED,INCONCLUSIVE,POINT_ESTIMABLE,,,,1.0,0.0,-0.0588,0.0588,1.92909938050434e-05,5aa4244363ebb317d4d07237a51357819655d54eead8ce2fe97c0ff39b12d689
90,target_mark_collapse,tsvd,NONRECOVERABLE,NONIDENTIFIED,INCONCLUSIVE,POINT_ESTIMABLE,,,,1.0,0.0,-0.0588,0.0588,4.087499837623909e-05,5aa4244363ebb317d4d07237a51357819655d54eead8ce2fe97c0ff39b12d689
90,rounded_hidden_time,crome,INCONCLUSIVE,UNKNOWN,INCONCLUSIVE,INCONCLUSIVE,UNKNOWN,INCONCLUSIVE,finite_sample_only,1.0,,,,0.0077140830035205,5aa4244363ebb317d4d07237a51357819655d54eead8ce2fe97c0ff39b12d689
90,rounded_hidden_time,naive_boundary,INCONCLUSIVE,UNKNOWN,INCONCLUSIVE,POINT_ESTIMABLE,,,,1.0,1.0029777711907748,0.9441777711907748,1.0617777711907748,8.758299372857437e-05,5aa4244363ebb317d4d07237a51357819655d54eead8ce2fe97c0ff39b12d689
90,rounded_hidden_time,ridge,INCONCLUSIVE,UNKNOWN,INCONCLUSIVE,POINT_ESTIMABLE,,,,1.0,0.8794976350587534,0.8206976350587535,0.9382976350587534,1.6582998796366155e-05,5aa4244363ebb317d4d07237a51357819655d54eead8ce2fe97c0ff39b12d689
90,rounded_hidden_time,tsvd,INCONCLUSIVE,UNKNOWN,INCONCLUSIVE,POINT_ESTIMABLE,,,,1.0,0.8796710964899013,0.8208710964899013,0.9384710964899012,3.5625002055894583e-05,5aa4244363ebb317d4d07237a51357819655d54eead8ce2fe97c0ff39b12d689
91,fine_4h,crome,POINT_ESTIMABLE,UNKNOWN,POINT_AT_TAU,POINT_ESTIMABLE,UNKNOWN,POINT_AT_TAU,assumption_conditional,1.0,1.006721453269956,0.9249611643052749,1.0884817422346371,0.10203416700096568,5aa4244363ebb317d4d07237a51357819655d54eead8ce2fe97c0ff39b12d689
91,fine_4h,naive_boundary,POINT_ESTIMABLE,UNKNOWN,POINT_AT_TAU,POINT_ESTIMABLE,,,,1.0,0.9993480129968844,0.9405480129968844,1.0581480129968843,0.00012687500566244125,5aa4244363ebb317d4d07237a51357819655d54eead8ce2fe97c0ff39b12d689
91,fine_4h,ridge,POINT_ESTIMABLE,UNKNOWN,POINT_AT_TAU,POINT_ESTIMABLE,,,,1.0,1.0027193936121725,0.9439193936121726,1.0615193936121725,2.2249994799494743e-05,5aa4244363ebb317d4d07237a51357819655d54eead8ce2fe97c0ff39b12d689
91,fine_4h,tsvd,POINT_ESTIMABLE,UNKNOWN,POINT_AT_TAU,POINT_ESTIMABLE,,,,1.0,1.0030201736227908,0.9442201736227909,1.0618201736227908,5.570799839915708e-05,5aa4244363ebb317d4d07237a51357819655d54eead8ce2fe97c0ff39b12d689
91,daily_gap,crome,SET_ESTIMABLE,NONIDENTIFIED,SET,NONRECOVERABLE,NONIDENTIFIED,SET,assumption_conditional,1.0,,0.8791399619770391,1.1548821145849542,0.0661035000011907,5aa4244363ebb317d4d07237a51357819655d54eead8ce2fe97c0ff39b12d689
91,daily_gap,naive_boundary,SET_ESTIMABLE,NONIDENTIFIED,SET,INCONCLUSIVE,,,,1.0,,,,4.887500108452514e-05,5aa4244363ebb317d4d07237a51357819655d54eead8ce2fe97c0ff39b12d689
91,daily_gap,ridge,SET_ESTIMABLE,NONIDENTIFIED,SET,POINT_ESTIMABLE,,,,1.0,0.0,-0.0588,0.0588,3.8334001146722585e-05,5aa4244363ebb317d4d07237a51357819655d54eead8ce2fe97c0ff39b12d689
91,daily_gap,tsvd,SET_ESTIMABLE,NONIDENTIFIED,SET,POINT_ESTIMABLE,,,,1.0,0.0,-0.0588,0.0588,4.937499761581421e-05,5aa4244363ebb317d4d07237a51357819655d54eead8ce2fe97c0ff39b12d689
91,target_mark_collapse,crome,NONRECOVERABLE,NONIDENTIFIED,INCONCLUSIVE,NONRECOVERABLE,NONIDENTIFIED,INCONCLUSIVE,population_exact,1.0,,,,0.017048499998054467,5aa4244363ebb317d4d07237a51357819655d54eead8ce2fe97c0ff39b12d689
91,target_mark_collapse,naive_boundary,NONRECOVERABLE,NONIDENTIFIED,INCONCLUSIVE,POINT_ESTIMABLE,,,,1.0,1.0025930064309454,0.9437930064309454,1.0613930064309454,0.00010112499876413494,5aa4244363ebb317d4d07237a51357819655d54eead8ce2fe97c0ff39b12d689
91,target_mark_collapse,ridge,NONRECOVERABLE,NONIDENTIFIED,INCONCLUSIVE,POINT_ESTIMABLE,,,,1.0,0.0,-0.0588,0.0588,2.2041996999178082e-05,5aa4244363ebb317d4d07237a51357819655d54eead8ce2fe97c0ff39b12d689
91,target_mark_collapse,tsvd,NONRECOVERABLE,NONIDENTIFIED,INCONCLUSIVE,POINT_ESTIMABLE,,,,1.0,0.0,-0.0588,0.0588,4.6167006075847894e-05,5aa4244363ebb317d4d07237a51357819655d54eead8ce2fe97c0ff39b12d689
91,rounded_hidden_time,crome,INCONCLUSIVE,UNKNOWN,INCONCLUSIVE,INCONCLUSIVE,UNKNOWN,INCONCLUSIVE,finite_sample_only,1.0,,,,0.007809707996784709,5aa4244363ebb317d4d07237a51357819655d54eead8ce2fe97c0ff39b12d689
91,rounded_hidden_time,naive_boundary,INCONCLUSIVE,UNKNOWN,INCONCLUSIVE,POINT_ESTIMABLE,,,,1.0,1.0048067107576804,0.9460067107576804,1.0636067107576803,8.829199941828847e-05,5aa4244363ebb317d4d07237a51357819655d54eead8ce2fe97c0ff39b12d689
91,rounded_hidden_time,ridge,INCONCLUSIVE,UNKNOWN,INCONCLUSIVE,POINT_ESTIMABLE,,,,1.0,0.8804836393561235,0.8216836393561235,0.9392836393561235,1.733299723127857e-05,5aa4244363ebb317d4d07237a51357819655d54eead8ce2fe97c0ff39b12d689
91,rounded_hidden_time,tsvd,INCONCLUSIVE,UNKNOWN,INCONCLUSIVE,POINT_ESTIMABLE,,,,1.0,0.8806688455587233,0.8218688455587233,0.9394688455587232,3.8875004975125194e-05,5aa4244363ebb317d4d07237a51357819655d54eead8ce2fe97c0ff39b12d689
92,fine_4h,crome,POINT_ESTIMABLE,UNKNOWN,POINT_AT_TAU,POINT_ESTIMABLE,UNKNOWN,POINT_AT_TAU,assumption_conditional,1.0,1.0049701838559872,0.9233078613399516,1.0866325063720228,0.10303762499825098,5aa4244363ebb317d4d07237a51357819655d54eead8ce2fe97c0ff39b12d689
92,fine_4h,naive_boundary,POINT_ESTIMABLE,UNKNOWN,POINT_AT_TAU,POINT_ESTIMABLE,,,,1.0,1.0019996600070682,0.9431996600070682,1.0607996600070682,0.00011020799865946174,5aa4244363ebb317d4d07237a51357819655d54eead8ce2fe97c0ff39b12d689
92,fine_4h,ridge,POINT_ESTIMABLE,UNKNOWN,POINT_AT_TAU,POINT_ESTIMABLE,,,,1.0,0.9952753291750919,0.9364753291750919,1.054075329175092,1.9291001081001014e-05,5aa4244363ebb317d4d07237a51357819655d54eead8ce2fe97c0ff39b12d689
92,fine_4h,tsvd,POINT_ESTIMABLE,UNKNOWN,POINT_AT_TAU,POINT_ESTIMABLE,,,,1.0,0.9955530187973034,0.9367530187973034,1.0543530187973034,4.729200009023771e-05,5aa4244363ebb317d4d07237a51357819655d54eead8ce2fe97c0ff39b12d689
92,daily_gap,crome,SET_ESTIMABLE,NONIDENTIFIED,SET,NONRECOVERABLE,NONIDENTIFIED,SET,assumption_conditional,1.0,,0.8791191357797113,1.1620067009172317,0.060439041000790894,5aa4244363ebb317d4d07237a51357819655d54eead8ce2fe97c0ff39b12d689
92,daily_gap,naive_boundary,SET_ESTIMABLE,NONIDENTIFIED,SET,INCONCLUSIVE,,,,1.0,,,,4.975000047124922e-05,5aa4244363ebb317d4d07237a51357819655d54eead8ce2fe97c0ff39b12d689
92,daily_gap,ridge,SET_ESTIMABLE,NONIDENTIFIED,SET,POINT_ESTIMABLE,,,,1.0,0.0,-0.0588,0.0588,3.9874998037703335e-05,5aa4244363ebb317d4d07237a51357819655d54eead8ce2fe97c0ff39b12d689
92,daily_gap,tsvd,SET_ESTIMABLE,NONIDENTIFIED,SET,POINT_ESTIMABLE,,,,1.0,0.0,-0.0588,0.0588,5.129200144438073e-05,5aa4244363ebb317d4d07237a51357819655d54eead8ce2fe97c0ff39b12d689
92,target_mark_collapse,crome,NONRECOVERABLE,NONIDENTIFIED,INCONCLUSIVE,NONRECOVERABLE,NONIDENTIFIED,INCONCLUSIVE,population_exact,1.0,,,,0.01667862499743933,5aa4244363ebb317d4d07237a51357819655d54eead8ce2fe97c0ff39b12d689
92,target_mark_collapse,naive_boundary,NONRECOVERABLE,NONIDENTIFIED,INCONCLUSIVE,POINT_ESTIMABLE,,,,1.0,1.0004707120652176,0.9416707120652177,1.0592707120652176,7.741700392216444e-05,5aa4244363ebb317d4d07237a51357819655d54eead8ce2fe97c0ff39b12d689
92,target_mark_collapse,ridge,NONRECOVERABLE,NONIDENTIFIED,INCONCLUSIVE,POINT_ESTIMABLE,,,,1.0,0.0,-0.0588,0.0588,1.716599945211783e-05,5aa4244363ebb317d4d07237a51357819655d54eead8ce2fe97c0ff39b12d689
92,target_mark_collapse,tsvd,NONRECOVERABLE,NONIDENTIFIED,INCONCLUSIVE,POINT_ESTIMABLE,,,,1.0,0.0,-0.0588,0.0588,3.3208998502232134e-05,5aa4244363ebb317d4d07237a51357819655d54eead8ce2fe97c0ff39b12d689
92,rounded_hidden_time,crome,INCONCLUSIVE,UNKNOWN,INCONCLUSIVE,INCONCLUSIVE,UNKNOWN,INCONCLUSIVE,finite_sample_only,1.0,,,,0.007753999998385552,5aa4244363ebb317d4d07237a51357819655d54eead8ce2fe97c0ff39b12d689
92,rounded_hidden_time,naive_boundary,INCONCLUSIVE,UNKNOWN,INCONCLUSIVE,POINT_ESTIMABLE,,,,1.0,1.0070674892388212,0.9482674892388212,1.0658674892388211,0.00010170799941988662,5aa4244363ebb317d4d07237a51357819655d54eead8ce2fe97c0ff39b12d689
92,rounded_hidden_time,ridge,INCONCLUSIVE,UNKNOWN,INCONCLUSIVE,POINT_ESTIMABLE,,,,1.0,0.8814669715277087,0.8226669715277087,0.9402669715277087,1.7416998161934316e-05,5aa4244363ebb317d4d07237a51357819655d54eead8ce2fe97c0ff39b12d689
92,rounded_hidden_time,tsvd,INCONCLUSIVE,UNKNOWN,INCONCLUSIVE,POINT_ESTIMABLE,,,,1.0,0.8816434284420342,0.8228434284420343,0.9404434284420342,7.533299503847957e-05,5aa4244363ebb317d4d07237a51357819655d54eead8ce2fe97c0ff39b12d689
93,fine_4h,crome,POINT_ESTIMABLE,UNKNOWN,POINT_AT_TAU,POINT_ESTIMABLE,UNKNOWN,POINT_AT_TAU,assumption_conditional,1.0,1.0077744507448454,0.9258516205977849,1.0896972808919059,0.09746641599485883,5aa4244363ebb317d4d07237a51357819655d54eead8ce2fe97c0ff39b12d689
93,fine_4h,naive_boundary,POINT_ESTIMABLE,UNKNOWN,POINT_AT_TAU,POINT_ESTIMABLE,,,,1.0,0.9998267277463041,0.9410267277463041,1.0586267277463042,0.00010708400077419356,5aa4244363ebb317d4d07237a51357819655d54eead8ce2fe97c0ff39b12d689
93,fine_4h,ridge,POINT_ESTIMABLE,UNKNOWN,POINT_AT_TAU,POINT_ESTIMABLE,,,,1.0,0.9919445081678782,0.9331445081678782,1.0507445081678781,1.8709004507400095e-05,5aa4244363ebb317d4d07237a51357819655d54eead8ce2fe97c0ff39b12d689
93,fine_4h,tsvd,POINT_ESTIMABLE,UNKNOWN,POINT_AT_TAU,POINT_ESTIMABLE,,,,1.0,0.9922243354441435,0.9334243354441435,1.0510243354441435,4.691699723480269e-05,5aa4244363ebb317d4d07237a51357819655d54eead8ce2fe97c0ff39b12d689
93,daily_gap,crome,SET_ESTIMABLE,NONIDENTIFIED,SET,NONRECOVERABLE,NONIDENTIFIED,SET,assumption_conditional,1.0,,0.8616520314046889,1.1481817287115492,0.06500320799386827,5aa4244363ebb317d4d07237a51357819655d54eead8ce2fe97c0ff39b12d689
93,daily_gap,naive_boundary,SET_ESTIMABLE,NONIDENTIFIED,SET,INCONCLUSIVE,,,,1.0,,,,4.7666995669715106e-05,5aa4244363ebb317d4d07237a51357819655d54eead8ce2fe97c0ff39b12d689
93,daily_gap,ridge,SET_ESTIMABLE,NONIDENTIFIED,SET,POINT_ESTIMABLE,,,,1.0,0.0,-0.0588,0.0588,4.099999932805076e-05,5aa4244363ebb317d4d07237a51357819655d54eead8ce2fe97c0ff39b12d689
93,daily_gap,tsvd,SET_ESTIMABLE,NONIDENTIFIED,SET,POINT_ESTIMABLE,,,,1.0,0.0,-0.0588,0.0588,4.9875001423060894e-05,5aa4244363ebb317d4d07237a51357819655d54eead8ce2fe97c0ff39b12d689
93,target_mark_collapse,crome,NONRECOVERABLE,NONIDENTIFIED,INCONCLUSIVE,NONRECOVERABLE,NONIDENTIFIED,INCONCLUSIVE,population_exact,1.0,,,,0.016733415999624413,5aa4244363ebb317d4d07237a51357819655d54eead8ce2fe97c0ff39b12d689
93,target_mark_collapse,naive_boundary,NONRECOVERABLE,NONIDENTIFIED,INCONCLUSIVE,POINT_ESTIMABLE,,,,1.0,1.000813673513643,0.9420136735136431,1.059613673513643,7.858400203986093e-05,5aa4244363ebb317d4d07237a51357819655d54eead8ce2fe97c0ff39b12d689
93,target_mark_collapse,ridge,NONRECOVERABLE,NONIDENTIFIED,INCONCLUSIVE,POINT_ESTIMABLE,,,,1.0,0.0,-0.0588,0.0588,1.8207996618002653e-05,5aa4244363ebb317d4d07237a51357819655d54eead8ce2fe97c0ff39b12d689
93,target_mark_collapse,tsvd,NONRECOVERABLE,NONIDENTIFIED,INCONCLUSIVE,POINT_ESTIMABLE,,,,1.0,0.0,-0.0588,0.0588,3.458300489000976e-05,5aa4244363ebb317d4d07237a51357819655d54eead8ce2fe97c0ff39b12d689
93,rounded_hidden_time,crome,INCONCLUSIVE,UNKNOWN,INCONCLUSIVE,INCONCLUSIVE,UNKNOWN,INCONCLUSIVE,finite_sample_only,1.0,,,,0.007569209003122523,5aa4244363ebb317d4d07237a51357819655d54eead8ce2fe97c0ff39b12d689
93,rounded_hidden_time,naive_boundary,INCONCLUSIVE,UNKNOWN,INCONCLUSIVE,POINT_ESTIMABLE,,,,1.0,1.00752743220996,0.9487274322099601,1.06632743220996,7.837500015739352e-05,5aa4244363ebb317d4d07237a51357819655d54eead8ce2fe97c0ff39b12d689
93,rounded_hidden_time,ridge,INCONCLUSIVE,UNKNOWN,INCONCLUSIVE,POINT_ESTIMABLE,,,,1.0,0.8760349393956343,0.8172349393956343,0.9348349393956342,1.55829984578304e-05,5aa4244363ebb317d4d07237a51357819655d54eead8ce2fe97c0ff39b12d689
93,rounded_hidden_time,tsvd,INCONCLUSIVE,UNKNOWN,INCONCLUSIVE,POINT_ESTIMABLE,,,,1.0,0.8762298462971637,0.8174298462971638,0.9350298462971637,3.6207995435688645e-05,5aa4244363ebb317d4d07237a51357819655d54eead8ce2fe97c0ff39b12d689
94,fine_4h,crome,POINT_ESTIMABLE,UNKNOWN,POINT_AT_TAU,POINT_ESTIMABLE,UNKNOWN,POINT_AT_TAU,assumption_conditional,1.0,1.0060759090285003,0.9245011902036657,1.0876506278533349,0.10008808300335659,5aa4244363ebb317d4d07237a51357819655d54eead8ce2fe97c0ff39b12d689
94,fine_4h,naive_boundary,POINT_ESTIMABLE,UNKNOWN,POINT_AT_TAU,POINT_ESTIMABLE,,,,1.0,0.9994534807743581,0.9406534807743582,1.0582534807743582,6.525000208057463e-05,5aa4244363ebb317d4d07237a51357819655d54eead8ce2fe97c0ff39b12d689
94,fine_4h,ridge,POINT_ESTIMABLE,UNKNOWN,POINT_AT_TAU,POINT_ESTIMABLE,,,,1.0,1.0022500638755678,0.9434500638755678,1.0610500638755678,1.5457997506018728e-05,5aa4244363ebb317d4d07237a51357819655d54eead8ce2fe97c0ff39b12d689
94,fine_4h,tsvd,POINT_ESTIMABLE,UNKNOWN,POINT_AT_TAU,POINT_ESTIMABLE,,,,1.0,1.0025079189902326,0.9437079189902327,1.0613079189902326,3.816699609160423e-05,5aa4244363ebb317d4d07237a51357819655d54eead8ce2fe97c0ff39b12d689
94,daily_gap,crome,SET_ESTIMABLE,NONIDENTIFIED,SET,NONRECOVERABLE,NONIDENTIFIED,SET,assumption_conditional,1.0,,0.8861090218833123,1.142575943732827,0.06329254199954448,5aa4244363ebb317d4d07237a51357819655d54eead8ce2fe97c0ff39b12d689
94,daily_gap,naive_boundary,SET_ESTIMABLE,NONIDENTIFIED,SET,INCONCLUSIVE,,,,1.0,,,,2.7791997126769274e-05,5aa4244363ebb317d4d07237a51357819655d54eead8ce2fe97c0ff39b12d689
94,daily_gap,ridge,SET_ESTIMABLE,NONIDENTIFIED,SET,POINT_ESTIMABLE,,,,1.0,0.0,-0.0588,0.0588,2.5582994567230344e-05,5aa4244363ebb317d4d07237a51357819655d54eead8ce2fe97c0ff39b12d689
94,daily_gap,tsvd,SET_ESTIMABLE,NONIDENTIFIED,SET,POINT_ESTIMABLE,,,,1.0,0.0,-0.0588,0.0588,3.620800271164626e-05,5aa4244363ebb317d4d07237a51357819655d54eead8ce2fe97c0ff39b12d689
94,target_mark_collapse,crome,NONRECOVERABLE,NONIDENTIFIED,INCONCLUSIVE,NONRECOVERABLE,NONIDENTIFIED,INCONCLUSIVE,population_exact,1.0,,,,0.01662762499472592,5aa4244363ebb317d4d07237a51357819655d54eead8ce2fe97c0ff39b12d689
94,target_mark_collapse,naive_boundary,NONRECOVERABLE,NONIDENTIFIED,INCONCLUSIVE,POINT_ESTIMABLE,,,,1.0,0.9951930375522257,0.9363930375522257,1.0539930375522257,7.075000030454248e-05,5aa4244363ebb317d4d07237a51357819655d54eead8ce2fe97c0ff39b12d689
94,target_mark_collapse,ridge,NONRECOVERABLE,NONIDENTIFIED,INCONCLUSIVE,POINT_ESTIMABLE,,,,1.0,0.0,-0.0588,0.0588,1.5584002539981157e-05,5aa4244363ebb317d4d07237a51357819655d54eead8ce2fe97c0ff39b12d689
94,target_mark_collapse,tsvd,NONRECOVERABLE,NONIDENTIFIED,INCONCLUSIVE,POINT_ESTIMABLE,,,,1.0,0.0,-0.0588,0.0588,3.108300006715581e-05,5aa4244363ebb317d4d07237a51357819655d54eead8ce2fe97c0ff39b12d689
94,rounded_hidden_time,crome,INCONCLUSIVE,UNKNOWN,INCONCLUSIVE,INCONCLUSIVE,UNKNOWN,INCONCLUSIVE,finite_sample_only,1.0,,,,0.00760279200039804,5aa4244363ebb317d4d07237a51357819655d54eead8ce2fe97c0ff39b12d689
94,rounded_hidden_time,naive_boundary,INCONCLUSIVE,UNKNOWN,INCONCLUSIVE,POINT_ESTIMABLE,,,,1.0,0.007744652461777413,-0.051055347538222585,0.0665446524617774,6.262499664444476e-05,5aa4244363ebb317d4d07237a51357819655d54eead8ce2fe97c0ff39b12d689
94,rounded_hidden_time,ridge,INCONCLUSIVE,UNKNOWN,INCONCLUSIVE,POINT_ESTIMABLE,,,,1.0,0.8833090793494484,0.8245090793494484,0.9421090793494483,1.4833996829111129e-05,5aa4244363ebb317d4d07237a51357819655d54eead8ce2fe97c0ff39b12d689
94,rounded_hidden_time,tsvd,INCONCLUSIVE,UNKNOWN,INCONCLUSIVE,POINT_ESTIMABLE,,,,1.0,0.8834806767623374,0.8246806767623375,0.9422806767623374,3.337499947519973e-05,5aa4244363ebb317d4d07237a51357819655d54eead8ce2fe97c0ff39b12d689
95,fine_4h,crome,POINT_ESTIMABLE,UNKNOWN,POINT_AT_TAU,POINT_ESTIMABLE,UNKNOWN,POINT_AT_TAU,assumption_conditional,1.0,1.0069272888781704,0.9251916028515895,1.0886629749047514,0.09995324999908917,5aa4244363ebb317d4d07237a51357819655d54eead8ce2fe97c0ff39b12d689
95,fine_4h,naive_boundary,POINT_ESTIMABLE,UNKNOWN,POINT_AT_TAU,POINT_ESTIMABLE,,,,1.0,1.001589496656388,0.9427894966563881,1.060389496656388,8.070799958659336e-05,5aa4244363ebb317d4d07237a51357819655d54eead8ce2fe97c0ff39b12d689
95,fine_4h,ridge,POINT_ESTIMABLE,UNKNOWN,POINT_AT_TAU,POINT_ESTIMABLE,,,,1.0,1.0005239199690799,0.9417239199690799,1.0593239199690798,1.8124999769497663e-05,5aa4244363ebb317d4d07237a51357819655d54eead8ce2fe97c0ff39b12d689
95,fine_4h,tsvd,POINT_ESTIMABLE,UNKNOWN,POINT_AT_TAU,POINT_ESTIMABLE,,,,1.0,1.0007779547981375,0.9419779547981375,1.0595779547981374,4.3334002839401364e-05,5aa4244363ebb317d4d07237a51357819655d54eead8ce2fe97c0ff39b12d689
95,daily_gap,crome,SET_ESTIMABLE,NONIDENTIFIED,SET,NONRECOVERABLE,NONIDENTIFIED,SET,assumption_conditional,1.0,,0.8645481217062357,1.1627311458971312,0.06349624999711523,5aa4244363ebb317d4d07237a51357819655d54eead8ce2fe97c0ff39b12d689
95,daily_gap,naive_boundary,SET_ESTIMABLE,NONIDENTIFIED,SET,INCONCLUSIVE,,,,1.0,,,,2.58330037468113e-05,5aa4244363ebb317d4d07237a51357819655d54eead8ce2fe97c0ff39b12d689
95,daily_gap,ridge,SET_ESTIMABLE,NONIDENTIFIED,SET,POINT_ESTIMABLE,,,,1.0,0.0,-0.0588,0.0588,2.4041997676249593e-05,5aa4244363ebb317d4d07237a51357819655d54eead8ce2fe97c0ff39b12d689
95,daily_gap,tsvd,SET_ESTIMABLE,NONIDENTIFIED,SET,POINT_ESTIMABLE,,,,1.0,0.0,-0.0588,0.0588,3.958399611292407e-05,5aa4244363ebb317d4d07237a51357819655d54eead8ce2fe97c0ff39b12d689
95,target_mark_collapse,crome,NONRECOVERABLE,NONIDENTIFIED,INCONCLUSIVE,NONRECOVERABLE,NONIDENTIFIED,INCONCLUSIVE,population_exact,1.0,,,,0.016467708999698516,5aa4244363ebb317d4d07237a51357819655d54eead8ce2fe97c0ff39b12d689
95,target_mark_collapse,naive_boundary,NONRECOVERABLE,NONIDENTIFIED,INCONCLUSIVE,POINT_ESTIMABLE,,,,1.0,1.0032428037407615,0.9444428037407615,1.0620428037407614,6.837499677203596e-05,5aa4244363ebb317d4d07237a51357819655d54eead8ce2fe97c0ff39b12d689
95,target_mark_collapse,ridge,NONRECOVERABLE,NONIDENTIFIED,INCONCLUSIVE,POINT_ESTIMABLE,,,,1.0,0.0,-0.0588,0.0588,1.8584003555588424e-05,5aa4244363ebb317d4d07237a51357819655d54eead8ce2fe97c0ff39b12d689
95,target_mark_collapse,tsvd,NONRECOVERABLE,NONIDENTIFIED,INCONCLUSIVE,POINT_ESTIMABLE,,,,1.0,0.0,-0.0588,0.0588,3.0499999411404133e-05,5aa4244363ebb317d4d07237a51357819655d54eead8ce2fe97c0ff39b12d689
95,rounded_hidden_time,crome,INCONCLUSIVE,UNKNOWN,INCONCLUSIVE,INCONCLUSIVE,UNKNOWN,INCONCLUSIVE,finite_sample_only,1.0,,,,0.007517959005781449,5aa4244363ebb317d4d07237a51357819655d54eead8ce2fe97c0ff39b12d689
95,rounded_hidden_time,naive_boundary,INCONCLUSIVE,UNKNOWN,INCONCLUSIVE,POINT_ESTIMABLE,,,,1.0,1.0045592535389944,0.9457592535389945,1.0633592535389944,7.116600318113342e-05,5aa4244363ebb317d4d07237a51357819655d54eead8ce2fe97c0ff39b12d689
95,rounded_hidden_time,ridge,INCONCLUSIVE,UNKNOWN,INCONCLUSIVE,POINT_ESTIMABLE,,,,1.0,0.8750091586695159,0.8162091586695159,0.9338091586695159,1.4334000297822058e-05,5aa4244363ebb317d4d07237a51357819655d54eead8ce2fe97c0ff39b12d689
95,rounded_hidden_time,tsvd,INCONCLUSIVE,UNKNOWN,INCONCLUSIVE,POINT_ESTIMABLE,,,,1.0,0.8751969796744353,0.8163969796744354,0.9339969796744353,3.3791002351790667e-05,5aa4244363ebb317d4d07237a51357819655d54eead8ce2fe97c0ff39b12d689
96,fine_4h,crome,POINT_ESTIMABLE,UNKNOWN,POINT_AT_TAU,POINT_ESTIMABLE,UNKNOWN,POINT_AT_TAU,assumption_conditional,1.0,1.0060318339233625,0.9241727084054879,1.087890959441237,0.09785020800336497,5aa4244363ebb317d4d07237a51357819655d54eead8ce2fe97c0ff39b12d689
96,fine_4h,naive_boundary,POINT_ESTIMABLE,UNKNOWN,POINT_AT_TAU,POINT_ESTIMABLE,,,,1.0,1.0019114027338447,0.9431114027338448,1.0607114027338447,6.095899880165234e-05,5aa4244363ebb317d4d07237a51357819655d54eead8ce2fe97c0ff39b12d689
96,fine_4h,ridge,POINT_ESTIMABLE,UNKNOWN,POINT_AT_TAU,POINT_ESTIMABLE,,,,1.0,1.0020549186800896,0.9432549186800896,1.0608549186800895,1.4958000974729657e-05,5aa4244363ebb317d4d07237a51357819655d54eead8ce2fe97c0ff39b12d689
96,fine_4h,tsvd,POINT_ESTIMABLE,UNKNOWN,POINT_AT_TAU,POINT_ESTIMABLE,,,,1.0,1.0023457227761607,0.9435457227761608,1.0611457227761607,3.495800046948716e-05,5aa4244363ebb317d4d07237a51357819655d54eead8ce2fe97c0ff39b12d689
96,daily_gap,crome,SET_ESTIMABLE,NONIDENTIFIED,SET,NONRECOVERABLE,NONIDENTIFIED,SET,assumption_conditional,1.0,,0.8661800951092546,1.1621221088921663,0.06263479100016411,5aa4244363ebb317d4d07237a51357819655d54eead8ce2fe97c0ff39b12d689
96,daily_gap,naive_boundary,SET_ESTIMABLE,NONIDENTIFIED,SET,INCONCLUSIVE,,,,1.0,,,,2.462499833200127e-05,5aa4244363ebb317d4d07237a51357819655d54eead8ce2fe97c0ff39b12d689
96,daily_gap,ridge,SET_ESTIMABLE,NONIDENTIFIED,SET,POINT_ESTIMABLE,,,,1.0,0.0,-0.0588,0.0588,2.183399919886142e-05,5aa4244363ebb317d4d07237a51357819655d54eead8ce2fe97c0ff39b12d689
96,daily_gap,tsvd,SET_ESTIMABLE,NONIDENTIFIED,SET,POINT_ESTIMABLE,,,,1.0,0.0,-0.0588,0.0588,3.283299884060398e-05,5aa4244363ebb317d4d07237a51357819655d54eead8ce2fe97c0ff39b12d689
96,target_mark_collapse,crome,NONRECOVERABLE,NONIDENTIFIED,INCONCLUSIVE,NONRECOVERABLE,NONIDENTIFIED,INCONCLUSIVE,population_exact,1.0,,,,0.01647591700020712,5aa4244363ebb317d4d07237a51357819655d54eead8ce2fe97c0ff39b12d689
96,target_mark_collapse,naive_boundary,NONRECOVERABLE,NONIDENTIFIED,INCONCLUSIVE,POINT_ESTIMABLE,,,,1.0,0.9964300026941098,0.9376300026941098,1.0552300026941097,6.916699931025505e-05,5aa4244363ebb317d4d07237a51357819655d54eead8ce2fe97c0ff39b12d689
96,target_mark_collapse,ridge,NONRECOVERABLE,NONIDENTIFIED,INCONCLUSIVE,POINT_ESTIMABLE,,,,1.0,0.0,-0.0588,0.0588,1.6083002265077084e-05,5aa4244363ebb317d4d07237a51357819655d54eead8ce2fe97c0ff39b12d689
96,target_mark_collapse,tsvd,NONRECOVERABLE,NONIDENTIFIED,INCONCLUSIVE,POINT_ESTIMABLE,,,,1.0,0.0,-0.0588,0.0588,3.1624993425793946e-05,5aa4244363ebb317d4d07237a51357819655d54eead8ce2fe97c0ff39b12d689
96,rounded_hidden_time,crome,INCONCLUSIVE,UNKNOWN,INCONCLUSIVE,INCONCLUSIVE,UNKNOWN,INCONCLUSIVE,finite_sample_only,1.0,,,,0.007542833998741116,5aa4244363ebb317d4d07237a51357819655d54eead8ce2fe97c0ff39b12d689
96,rounded_hidden_time,naive_boundary,INCONCLUSIVE,UNKNOWN,INCONCLUSIVE,POINT_ESTIMABLE,,,,1.0,1.004422036262034,0.945622036262034,1.063222036262034,7.533399912063032e-05,5aa4244363ebb317d4d07237a51357819655d54eead8ce2fe97c0ff39b12d689
96,rounded_hidden_time,ridge,INCONCLUSIVE,UNKNOWN,INCONCLUSIVE,POINT_ESTIMABLE,,,,1.0,0.8840855515884322,0.8252855515884322,0.9428855515884321,1.512500602984801e-05,5aa4244363ebb317d4d07237a51357819655d54eead8ce2fe97c0ff39b12d689
96,rounded_hidden_time,tsvd,INCONCLUSIVE,UNKNOWN,INCONCLUSIVE,POINT_ESTIMABLE,,,,1.0,0.884298058675848,0.825498058675848,0.943098058675848,3.279100201325491e-05,5aa4244363ebb317d4d07237a51357819655d54eead8ce2fe97c0ff39b12d689
97,fine_4h,crome,POINT_ESTIMABLE,UNKNOWN,POINT_AT_TAU,POINT_ESTIMABLE,UNKNOWN,POINT_AT_TAU,assumption_conditional,1.0,1.0082335794701822,0.926150260618177,1.0903168983221874,0.0972832080005901,5aa4244363ebb317d4d07237a51357819655d54eead8ce2fe97c0ff39b12d689
97,fine_4h,naive_boundary,POINT_ESTIMABLE,UNKNOWN,POINT_AT_TAU,POINT_ESTIMABLE,,,,1.0,0.9990893789387782,0.9402893789387783,1.0578893789387782,8.629100193502381e-05,5aa4244363ebb317d4d07237a51357819655d54eead8ce2fe97c0ff39b12d689
97,fine_4h,ridge,POINT_ESTIMABLE,UNKNOWN,POINT_AT_TAU,POINT_ESTIMABLE,,,,1.0,1.000715170182048,0.9419151701820481,1.059515170182048,1.8916995031759143e-05,5aa4244363ebb317d4d07237a51357819655d54eead8ce2fe97c0ff39b12d689
97,fine_4h,tsvd,POINT_ESTIMABLE,UNKNOWN,POINT_AT_TAU,POINT_ESTIMABLE,,,,1.0,1.0009910646055782,0.9421910646055782,1.0597910646055781,4.233299841871485e-05,5aa4244363ebb317d4d07237a51357819655d54eead8ce2fe97c0ff39b12d689
97,daily_gap,crome,SET_ESTIMABLE,NONIDENTIFIED,SET,NONRECOVERABLE,NONIDENTIFIED,SET,assumption_conditional,1.0,,0.8607119901605917,1.1524710903100925,0.06463195799733512,5aa4244363ebb317d4d07237a51357819655d54eead8ce2fe97c0ff39b12d689
97,daily_gap,naive_boundary,SET_ESTIMABLE,NONIDENTIFIED,SET,INCONCLUSIVE,,,,1.0,,,,2.787500125123188e-05,5aa4244363ebb317d4d07237a51357819655d54eead8ce2fe97c0ff39b12d689
97,daily_gap,ridge,SET_ESTIMABLE,NONIDENTIFIED,SET,POINT_ESTIMABLE,,,,1.0,0.0,-0.0588,0.0588,2.52090030699037e-05,5aa4244363ebb317d4d07237a51357819655d54eead8ce2fe97c0ff39b12d689
97,daily_gap,tsvd,SET_ESTIMABLE,NONIDENTIFIED,SET,POINT_ESTIMABLE,,,,1.0,0.0,-0.0588,0.0588,3.5625002055894583e-05,5aa4244363ebb317d4d07237a51357819655d54eead8ce2fe97c0ff39b12d689
97,target_mark_collapse,crome,NONRECOVERABLE,NONIDENTIFIED,INCONCLUSIVE,NONRECOVERABLE,NONIDENTIFIED,INCONCLUSIVE,population_exact,1.0,,,,0.016649666999001056,5aa4244363ebb317d4d07237a51357819655d54eead8ce2fe97c0ff39b12d689
97,target_mark_collapse,naive_boundary,NONRECOVERABLE,NONIDENTIFIED,INCONCLUSIVE,POINT_ESTIMABLE,,,,1.0,0.9990170609914923,0.9402170609914924,1.0578170609914923,7.224999717436731e-05,5aa4244363ebb317d4d07237a51357819655d54eead8ce2fe97c0ff39b12d689
97,target_mark_collapse,ridge,NONRECOVERABLE,NONIDENTIFIED,INCONCLUSIVE,POINT_ESTIMABLE,,,,1.0,0.0,-0.0588,0.0588,1.6584002878516912e-05,5aa4244363ebb317d4d07237a51357819655d54eead8ce2fe97c0ff39b12d689
97,target_mark_collapse,tsvd,NONRECOVERABLE,NONIDENTIFIED,INCONCLUSIVE,POINT_ESTIMABLE,,,,1.0,0.0,-0.0588,0.0588,3.0790994060225785e-05,5aa4244363ebb317d4d07237a51357819655d54eead8ce2fe97c0ff39b12d689
97,rounded_hidden_time,crome,INCONCLUSIVE,UNKNOWN,INCONCLUSIVE,INCONCLUSIVE,UNKNOWN,INCONCLUSIVE,finite_sample_only,1.0,,,,0.007548375004262198,5aa4244363ebb317d4d07237a51357819655d54eead8ce2fe97c0ff39b12d689
97,rounded_hidden_time,naive_boundary,INCONCLUSIVE,UNKNOWN,INCONCLUSIVE,POINT_ESTIMABLE,,,,1.0,1.0077721608319028,0.9489721608319028,1.0665721608319028,7.641600677743554e-05,5aa4244363ebb317d4d07237a51357819655d54eead8ce2fe97c0ff39b12d689
97,rounded_hidden_time,ridge,INCONCLUSIVE,UNKNOWN,INCONCLUSIVE,POINT_ESTIMABLE,,,,1.0,0.8690427814357673,0.8102427814357673,0.9278427814357673,1.5249999705702066e-05,5aa4244363ebb317d4d07237a51357819655d54eead8ce2fe97c0ff39b12d689
97,rounded_hidden_time,tsvd,INCONCLUSIVE,UNKNOWN,INCONCLUSIVE,POINT_ESTIMABLE,,,,1.0,0.8692264440815224,0.8104264440815224,0.9280264440815224,3.454199759289622e-05,5aa4244363ebb317d4d07237a51357819655d54eead8ce2fe97c0ff39b12d689
98,fine_4h,crome,POINT_ESTIMABLE,UNKNOWN,POINT_AT_TAU,POINT_ESTIMABLE,UNKNOWN,POINT_AT_TAU,assumption_conditional,1.0,1.0060406004036035,0.9244427855366857,1.0876384152705214,0.09849416599899996,5aa4244363ebb317d4d07237a51357819655d54eead8ce2fe97c0ff39b12d689
98,fine_4h,naive_boundary,POINT_ESTIMABLE,UNKNOWN,POINT_AT_TAU,POINT_ESTIMABLE,,,,1.0,0.9966581088723638,0.9378581088723639,1.0554581088723638,6.112499977461994e-05,5aa4244363ebb317d4d07237a51357819655d54eead8ce2fe97c0ff39b12d689
98,fine_4h,ridge,POINT_ESTIMABLE,UNKNOWN,POINT_AT_TAU,POINT_ESTIMABLE,,,,1.0,0.994662907178623,0.9358629071786231,1.053462907178623,1.4666999049950391e-05,5aa4244363ebb317d4d07237a51357819655d54eead8ce2fe97c0ff39b12d689
98,fine_4h,tsvd,POINT_ESTIMABLE,UNKNOWN,POINT_AT_TAU,POINT_ESTIMABLE,,,,1.0,0.9949055270177969,0.9361055270177969,1.0537055270177969,3.47500026691705e-05,5aa4244363ebb317d4d07237a51357819655d54eead8ce2fe97c0ff39b12d689
98,daily_gap,crome,SET_ESTIMABLE,NONIDENTIFIED,SET,NONRECOVERABLE,NONIDENTIFIED,SET,assumption_conditional,1.0,,0.8721260463207443,1.153583735148459,0.06287837499985471,5aa4244363ebb317d4d07237a51357819655d54eead8ce2fe97c0ff39b12d689
98,daily_gap,naive_boundary,SET_ESTIMABLE,NONIDENTIFIED,SET,INCONCLUSIVE,,,,1.0,,,,3.2791998819448054e-05,5aa4244363ebb317d4d07237a51357819655d54eead8ce2fe97c0ff39b12d689
98,daily_gap,ridge,SET_ESTIMABLE,NONIDENTIFIED,SET,POINT_ESTIMABLE,,,,1.0,0.0,-0.0588,0.0588,2.7750000299420208e-05,5aa4244363ebb317d4d07237a51357819655d54eead8ce2fe97c0ff39b12d689
98,daily_gap,tsvd,SET_ESTIMABLE,NONIDENTIFIED,SET,POINT_ESTIMABLE,,,,1.0,0.0,-0.0588,0.0588,3.704200207721442e-05,5aa4244363ebb317d4d07237a51357819655d54eead8ce2fe97c0ff39b12d689
98,target_mark_collapse,crome,NONRECOVERABLE,NONIDENTIFIED,INCONCLUSIVE,NONRECOVERABLE,NONIDENTIFIED,INCONCLUSIVE,population_exact,1.0,,,,0.016558292001718655,5aa4244363ebb317d4d07237a51357819655d54eead8ce2fe97c0ff39b12d689
98,target_mark_collapse,naive_boundary,NONRECOVERABLE,NONIDENTIFIED,INCONCLUSIVE,POINT_ESTIMABLE,,,,1.0,1.001830039437279,0.943030039437279,1.060630039437279,6.691700400551781e-05,5aa4244363ebb317d4d07237a51357819655d54eead8ce2fe97c0ff39b12d689
98,target_mark_collapse,ridge,NONRECOVERABLE,NONIDENTIFIED,INCONCLUSIVE,POINT_ESTIMABLE,,,,1.0,0.0,-0.0588,0.0588,1.550000160932541e-05,5aa4244363ebb317d4d07237a51357819655d54eead8ce2fe97c0ff39b12d689
98,target_mark_collapse,tsvd,NONRECOVERABLE,NONIDENTIFIED,INCONCLUSIVE,POINT_ESTIMABLE,,,,1.0,0.0,-0.0588,0.0588,2.9666996852029115e-05,5aa4244363ebb317d4d07237a51357819655d54eead8ce2fe97c0ff39b12d689
98,rounded_hidden_time,crome,INCONCLUSIVE,UNKNOWN,INCONCLUSIVE,INCONCLUSIVE,UNKNOWN,INCONCLUSIVE,finite_sample_only,1.0,,,,0.007564708997961134,5aa4244363ebb317d4d07237a51357819655d54eead8ce2fe97c0ff39b12d689
98,rounded_hidden_time,naive_boundary,INCONCLUSIVE,UNKNOWN,INCONCLUSIVE,POINT_ESTIMABLE,,,,1.0,1.0050925843174703,0.9462925843174703,1.0638925843174702,7.291600195458159e-05,5aa4244363ebb317d4d07237a51357819655d54eead8ce2fe97c0ff39b12d689
98,rounded_hidden_time,ridge,INCONCLUSIVE,UNKNOWN,INCONCLUSIVE,POINT_ESTIMABLE,,,,1.0,0.8794486825032892,0.8206486825032893,0.9382486825032892,1.4499993994832039e-05,5aa4244363ebb317d4d07237a51357819655d54eead8ce2fe97c0ff39b12d689
98,rounded_hidden_time,tsvd,INCONCLUSIVE,UNKNOWN,INCONCLUSIVE,POINT_ESTIMABLE,,,,1.0,0.879633644888656,0.8208336448886561,0.938433644888656,3.379099507583305e-05,5aa4244363ebb317d4d07237a51357819655d54eead8ce2fe97c0ff39b12d689
99,fine_4h,crome,POINT_ESTIMABLE,UNKNOWN,POINT_AT_TAU,POINT_ESTIMABLE,UNKNOWN,POINT_AT_TAU,assumption_conditional,1.0,1.0086038144372522,0.926385977059645,1.0908216518148595,0.09697470900573535,5aa4244363ebb317d4d07237a51357819655d54eead8ce2fe97c0ff39b12d689
99,fine_4h,naive_boundary,POINT_ESTIMABLE,UNKNOWN,POINT_AT_TAU,POINT_ESTIMABLE,,,,1.0,0.9978959540575557,0.9390959540575557,1.0566959540575558,6.57499986118637e-05,5aa4244363ebb317d4d07237a51357819655d54eead8ce2fe97c0ff39b12d689
99,fine_4h,ridge,POINT_ESTIMABLE,UNKNOWN,POINT_AT_TAU,POINT_ESTIMABLE,,,,1.0,0.9973629531517849,0.938562953151785,1.0561629531517849,1.5375000657513738e-05,5aa4244363ebb317d4d07237a51357819655d54eead8ce2fe97c0ff39b12d689
99,fine_4h,tsvd,POINT_ESTIMABLE,UNKNOWN,POINT_AT_TAU,POINT_ESTIMABLE,,,,1.0,0.9976405276835708,0.9388405276835708,1.0564405276835709,3.487500362098217e-05,5aa4244363ebb317d4d07237a51357819655d54eead8ce2fe97c0ff39b12d689
99,daily_gap,crome,SET_ESTIMABLE,NONIDENTIFIED,SET,NONRECOVERABLE,NONIDENTIFIED,SET,assumption_conditional,1.0,,0.8708990334557608,1.1632750544813457,0.06254433299909579,5aa4244363ebb317d4d07237a51357819655d54eead8ce2fe97c0ff39b12d689
99,daily_gap,naive_boundary,SET_ESTIMABLE,NONIDENTIFIED,SET,INCONCLUSIVE,,,,1.0,,,,2.6209003408439457e-05,5aa4244363ebb317d4d07237a51357819655d54eead8ce2fe97c0ff39b12d689
99,daily_gap,ridge,SET_ESTIMABLE,NONIDENTIFIED,SET,POINT_ESTIMABLE,,,,1.0,0.0,-0.0588,0.0588,2.3749998945277184e-05,5aa4244363ebb317d4d07237a51357819655d54eead8ce2fe97c0ff39b12d689
99,daily_gap,tsvd,SET_ESTIMABLE,NONIDENTIFIED,SET,POINT_ESTIMABLE,,,,1.0,0.0,-0.0588,0.0588,3.524999920045957e-05,5aa4244363ebb317d4d07237a51357819655d54eead8ce2fe97c0ff39b12d689
99,target_mark_collapse,crome,NONRECOVERABLE,NONIDENTIFIED,INCONCLUSIVE,NONRECOVERABLE,NONIDENTIFIED,INCONCLUSIVE,population_exact,1.0,,,,0.016475166004966013,5aa4244363ebb317d4d07237a51357819655d54eead8ce2fe97c0ff39b12d689
99,target_mark_collapse,naive_boundary,NONRECOVERABLE,NONIDENTIFIED,INCONCLUSIVE,POINT_ESTIMABLE,,,,1.0,1.0001452389988532,0.9413452389988533,1.0589452389988532,7.337499846471474e-05,5aa4244363ebb317d4d07237a51357819655d54eead8ce2fe97c0ff39b12d689
99,target_mark_collapse,ridge,NONRECOVERABLE,NONIDENTIFIED,INCONCLUSIVE,POINT_ESTIMABLE,,,,1.0,0.0,-0.0588,0.0588,1.541600067866966e-05,5aa4244363ebb317d4d07237a51357819655d54eead8ce2fe97c0ff39b12d689
99,target_mark_collapse,tsvd,NONRECOVERABLE,NONIDENTIFIED,INCONCLUSIVE,POINT_ESTIMABLE,,,,1.0,0.0,-0.0588,0.0588,2.9791997803840786e-05,5aa4244363ebb317d4d07237a51357819655d54eead8ce2fe97c0ff39b12d689
99,rounded_hidden_time,crome,INCONCLUSIVE,UNKNOWN,INCONCLUSIVE,INCONCLUSIVE,UNKNOWN,INCONCLUSIVE,finite_sample_only,1.0,,,,0.007579417004308198,5aa4244363ebb317d4d07237a51357819655d54eead8ce2fe97c0ff39b12d689
99,rounded_hidden_time,naive_boundary,INCONCLUSIVE,UNKNOWN,INCONCLUSIVE,POINT_ESTIMABLE,,,,1.0,1.0063338418211738,0.9475338418211738,1.0651338418211738,7.491699943784624e-05,5aa4244363ebb317d4d07237a51357819655d54eead8ce2fe97c0ff39b12d689
99,rounded_hidden_time,ridge,INCONCLUSIVE,UNKNOWN,INCONCLUSIVE,POINT_ESTIMABLE,,,,1.0,0.8848183718714321,0.8260183718714321,0.943618371871432,1.4875004126224667e-05,5aa4244363ebb317d4d07237a51357819655d54eead8ce2fe97c0ff39b12d689
99,rounded_hidden_time,tsvd,INCONCLUSIVE,UNKNOWN,INCONCLUSIVE,POINT_ESTIMABLE,,,,1.0,0.885016788862857,0.826216788862857,0.9438167888628569,3.316599759273231e-05,5aa4244363ebb317d4d07237a51357819655d54eead8ce2fe97c0ff39b12d689
100,fine_4h,crome,POINT_ESTIMABLE,UNKNOWN,POINT_AT_TAU,POINT_ESTIMABLE,UNKNOWN,POINT_AT_TAU,assumption_conditional,1.0,1.0070422867496114,0.9251160301192777,1.088968543379945,0.09512562499730848,5aa4244363ebb317d4d07237a51357819655d54eead8ce2fe97c0ff39b12d689
100,fine_4h,naive_boundary,POINT_ESTIMABLE,UNKNOWN,POINT_AT_TAU,POINT_ESTIMABLE,,,,1.0,1.0026159719915575,0.9438159719915575,1.0614159719915575,6.208299600984901e-05,5aa4244363ebb317d4d07237a51357819655d54eead8ce2fe97c0ff39b12d689
100,fine_4h,ridge,POINT_ESTIMABLE,UNKNOWN,POINT_AT_TAU,POINT_ESTIMABLE,,,,1.0,0.9900161135934602,0.9312161135934602,1.0488161135934602,1.4332996215671301e-05,5aa4244363ebb317d4d07237a51357819655d54eead8ce2fe97c0ff39b12d689
100,fine_4h,tsvd,POINT_ESTIMABLE,UNKNOWN,POINT_AT_TAU,POINT_ESTIMABLE,,,,1.0,0.99029302368952,0.93149302368952,1.04909302368952,3.404200106160715e-05,5aa4244363ebb317d4d07237a51357819655d54eead8ce2fe97c0ff39b12d689
100,daily_gap,crome,SET_ESTIMABLE,NONIDENTIFIED,SET,NONRECOVERABLE,NONIDENTIFIED,SET,assumption_conditional,1.0,,0.8644459986933459,1.1608691022115174,0.06700808399909874,5aa4244363ebb317d4d07237a51357819655d54eead8ce2fe97c0ff39b12d689
100,daily_gap,naive_boundary,SET_ESTIMABLE,NONIDENTIFIED,SET,INCONCLUSIVE,,,,1.0,,,,2.5458000891376287e-05,5aa4244363ebb317d4d07237a51357819655d54eead8ce2fe97c0ff39b12d689
100,daily_gap,ridge,SET_ESTIMABLE,NONIDENTIFIED,SET,POINT_ESTIMABLE,,,,1.0,0.0,-0.0588,0.0588,2.5542001822032034e-05,5aa4244363ebb317d4d07237a51357819655d54eead8ce2fe97c0ff39b12d689
100,daily_gap,tsvd,SET_ESTIMABLE,NONIDENTIFIED,SET,POINT_ESTIMABLE,,,,1.0,0.0,-0.0588,0.0588,3.145800292259082e-05,5aa4244363ebb317d4d07237a51357819655d54eead8ce2fe97c0ff39b12d689
100,target_mark_collapse,crome,NONRECOVERABLE,NONIDENTIFIED,INCONCLUSIVE,NONRECOVERABLE,NONIDENTIFIED,INCONCLUSIVE,population_exact,1.0,,,,0.016450082999654114,5aa4244363ebb317d4d07237a51357819655d54eead8ce2fe97c0ff39b12d689
100,target_mark_collapse,naive_boundary,NONRECOVERABLE,NONIDENTIFIED,INCONCLUSIVE,POINT_ESTIMABLE,,,,1.0,1.0027293009236278,0.9439293009236278,1.0615293009236277,6.829199992353097e-05,5aa4244363ebb317d4d07237a51357819655d54eead8ce2fe97c0ff39b12d689
100,target_mark_collapse,ridge,NONRECOVERABLE,NONIDENTIFIED,INCONCLUSIVE,POINT_ESTIMABLE,,,,1.0,0.0,-0.0588,0.0588,1.570799940964207e-05,5aa4244363ebb317d4d07237a51357819655d54eead8ce2fe97c0ff39b12d689
100,target_mark_collapse,tsvd,NONRECOVERABLE,NONIDENTIFIED,INCONCLUSIVE,POINT_ESTIMABLE,,,,1.0,0.0,-0.0588,0.0588,2.833299367921427e-05,5aa4244363ebb317d4d07237a51357819655d54eead8ce2fe97c0ff39b12d689
100,rounded_hidden_time,crome,INCONCLUSIVE,UNKNOWN,INCONCLUSIVE,INCONCLUSIVE,UNKNOWN,INCONCLUSIVE,finite_sample_only,1.0,,,,0.007490916999813635,5aa4244363ebb317d4d07237a51357819655d54eead8ce2fe97c0ff39b12d689
100,rounded_hidden_time,naive_boundary,INCONCLUSIVE,UNKNOWN,INCONCLUSIVE,POINT_ESTIMABLE,,,,1.0,1.008322337294481,0.949522337294481,1.067122337294481,7.025000377325341e-05,5aa4244363ebb317d4d07237a51357819655d54eead8ce2fe97c0ff39b12d689
100,rounded_hidden_time,ridge,INCONCLUSIVE,UNKNOWN,INCONCLUSIVE,POINT_ESTIMABLE,,,,1.0,0.8772657596533195,0.8184657596533196,0.9360657596533195,1.383299968438223e-05,5aa4244363ebb317d4d07237a51357819655d54eead8ce2fe97c0ff39b12d689
100,rounded_hidden_time,tsvd,INCONCLUSIVE,UNKNOWN,INCONCLUSIVE,POINT_ESTIMABLE,,,,1.0,0.8774421199965573,0.8186421199965573,0.9362421199965573,3.2500000088475645e-05,5aa4244363ebb317d4d07237a51357819655d54eead8ce2fe97c0ff39b12d689
101,fine_4h,crome,POINT_ESTIMABLE,UNKNOWN,POINT_AT_TAU,POINT_ESTIMABLE,UNKNOWN,POINT_AT_TAU,assumption_conditional,1.0,1.0080133187212352,0.9265001126298069,1.0895265248126635,0.10255495800083736,5aa4244363ebb317d4d07237a51357819655d54eead8ce2fe97c0ff39b12d689
101,fine_4h,naive_boundary,POINT_ESTIMABLE,UNKNOWN,POINT_AT_TAU,POINT_ESTIMABLE,,,,1.0,1.0053927279196622,0.9465927279196622,1.0641927279196621,6.933300028322265e-05,5aa4244363ebb317d4d07237a51357819655d54eead8ce2fe97c0ff39b12d689
101,fine_4h,ridge,POINT_ESTIMABLE,UNKNOWN,POINT_AT_TAU,POINT_ESTIMABLE,,,,1.0,1.0009793408520438,0.9421793408520438,1.0597793408520437,1.5875004464760423e-05,5aa4244363ebb317d4d07237a51357819655d54eead8ce2fe97c0ff39b12d689
101,fine_4h,tsvd,POINT_ESTIMABLE,UNKNOWN,POINT_AT_TAU,POINT_ESTIMABLE,,,,1.0,1.0012231835809258,0.9424231835809258,1.0600231835809257,3.6042001738678664e-05,5aa4244363ebb317d4d07237a51357819655d54eead8ce2fe97c0ff39b12d689
101,daily_gap,crome,SET_ESTIMABLE,NONIDENTIFIED,SET,NONRECOVERABLE,NONIDENTIFIED,SET,assumption_conditional,1.0,,0.8618237402346037,1.1376666001782092,0.0650989589994424,5aa4244363ebb317d4d07237a51357819655d54eead8ce2fe97c0ff39b12d689
101,daily_gap,naive_boundary,SET_ESTIMABLE,NONIDENTIFIED,SET,INCONCLUSIVE,,,,1.0,,,,2.5624998670537025e-05,5aa4244363ebb317d4d07237a51357819655d54eead8ce2fe97c0ff39b12d689
101,daily_gap,ridge,SET_ESTIMABLE,NONIDENTIFIED,SET,POINT_ESTIMABLE,,,,1.0,0.0,-0.0588,0.0588,2.3667002096772194e-05,5aa4244363ebb317d4d07237a51357819655d54eead8ce2fe97c0ff39b12d689
101,daily_gap,tsvd,SET_ESTIMABLE,NONIDENTIFIED,SET,POINT_ESTIMABLE,,,,1.0,0.0,-0.0588,0.0588,3.333299537189305e-05,5aa4244363ebb317d4d07237a51357819655d54eead8ce2fe97c0ff39b12d689
101,target_mark_collapse,crome,NONRECOVERABLE,NONIDENTIFIED,INCONCLUSIVE,NONRECOVERABLE,NONIDENTIFIED,INCONCLUSIVE,population_exact,1.0,,,,0.016581666001002304,5aa4244363ebb317d4d07237a51357819655d54eead8ce2fe97c0ff39b12d689
101,target_mark_collapse,naive_boundary,NONRECOVERABLE,NONIDENTIFIED,INCONCLUSIVE,POINT_ESTIMABLE,,,,1.0,1.0011184932399233,0.9423184932399233,1.0599184932399233,6.754200148861855e-05,5aa4244363ebb317d4d07237a51357819655d54eead8ce2fe97c0ff39b12d689
101,target_mark_collapse,ridge,NONRECOVERABLE,NONIDENTIFIED,INCONCLUSIVE,POINT_ESTIMABLE,,,,1.0,0.0,-0.0588,0.0588,1.5334000636357814e-05,5aa4244363ebb317d4d07237a51357819655d54eead8ce2fe97c0ff39b12d689
101,target_mark_collapse,tsvd,NONRECOVERABLE,NONIDENTIFIED,INCONCLUSIVE,POINT_ESTIMABLE,,,,1.0,0.0,-0.0588,0.0588,2.9709000955335796e-05,5aa4244363ebb317d4d07237a51357819655d54eead8ce2fe97c0ff39b12d689
101,rounded_hidden_time,crome,INCONCLUSIVE,UNKNOWN,INCONCLUSIVE,INCONCLUSIVE,UNKNOWN,INCONCLUSIVE,finite_sample_only,1.0,,,,0.007535249998909421,5aa4244363ebb317d4d07237a51357819655d54eead8ce2fe97c0ff39b12d689
101,rounded_hidden_time,naive_boundary,INCONCLUSIVE,UNKNOWN,INCONCLUSIVE,POINT_ESTIMABLE,,,,1.0,1.0059286016181643,0.9471286016181644,1.0647286016181643,7.324999751290306e-05,5aa4244363ebb317d4d07237a51357819655d54eead8ce2fe97c0ff39b12d689
101,rounded_hidden_time,ridge,INCONCLUSIVE,UNKNOWN,INCONCLUSIVE,POINT_ESTIMABLE,,,,1.0,0.8887988000376924,0.8299988000376924,0.9475988000376924,1.4375000318977982e-05,5aa4244363ebb317d4d07237a51357819655d54eead8ce2fe97c0ff39b12d689
101,rounded_hidden_time,tsvd,INCONCLUSIVE,UNKNOWN,INCONCLUSIVE,POINT_ESTIMABLE,,,,1.0,0.8889764969542817,0.8301764969542818,0.9477764969542817,3.374999505467713e-05,5aa4244363ebb317d4d07237a51357819655d54eead8ce2fe97c0ff39b12d689
102,fine_4h,crome,POINT_ESTIMABLE,UNKNOWN,POINT_AT_TAU,POINT_ESTIMABLE,UNKNOWN,POINT_AT_TAU,assumption_conditional,1.0,1.0059013636919203,0.9242341864329309,1.0875685409509097,0.15325275000213878,5aa4244363ebb317d4d07237a51357819655d54eead8ce2fe97c0ff39b12d689
102,fine_4h,naive_boundary,POINT_ESTIMABLE,UNKNOWN,POINT_AT_TAU,POINT_ESTIMABLE,,,,1.0,0.9995689375747937,0.9407689375747937,1.0583689375747938,0.00011816699407063425,5aa4244363ebb317d4d07237a51357819655d54eead8ce2fe97c0ff39b12d689
102,fine_4h,ridge,POINT_ESTIMABLE,UNKNOWN,POINT_AT_TAU,POINT_ESTIMABLE,,,,1.0,0.9987908150821126,0.9399908150821127,1.0575908150821127,1.8999999156221747e-05,5aa4244363ebb317d4d07237a51357819655d54eead8ce2fe97c0ff39b12d689
102,fine_4h,tsvd,POINT_ESTIMABLE,UNKNOWN,POINT_AT_TAU,POINT_ESTIMABLE,,,,1.0,0.9990336935975175,0.9402336935975175,1.0578336935975174,4.90829988848418e-05,5aa4244363ebb317d4d07237a51357819655d54eead8ce2fe97c0ff39b12d689
102,daily_gap,crome,SET_ESTIMABLE,NONIDENTIFIED,SET,NONRECOVERABLE,NONIDENTIFIED,SET,assumption_conditional,1.0,,0.857994197676686,1.1577471839008884,0.06161508300283458,5aa4244363ebb317d4d07237a51357819655d54eead8ce2fe97c0ff39b12d689
102,daily_gap,naive_boundary,SET_ESTIMABLE,NONIDENTIFIED,SET,INCONCLUSIVE,,,,1.0,,,,2.699999458855018e-05,5aa4244363ebb317d4d07237a51357819655d54eead8ce2fe97c0ff39b12d689
102,daily_gap,ridge,SET_ESTIMABLE,NONIDENTIFIED,SET,POINT_ESTIMABLE,,,,1.0,0.0,-0.0588,0.0588,2.4417000531684607e-05,5aa4244363ebb317d4d07237a51357819655d54eead8ce2fe97c0ff39b12d689
102,daily_gap,tsvd,SET_ESTIMABLE,NONIDENTIFIED,SET,POINT_ESTIMABLE,,,,1.0,0.0,-0.0588,0.0588,3.4874996345024556e-05,5aa4244363ebb317d4d07237a51357819655d54eead8ce2fe97c0ff39b12d689
102,target_mark_collapse,crome,NONRECOVERABLE,NONIDENTIFIED,INCONCLUSIVE,NONRECOVERABLE,NONIDENTIFIED,INCONCLUSIVE,population_exact,1.0,,,,0.01662216700060526,5aa4244363ebb317d4d07237a51357819655d54eead8ce2fe97c0ff39b12d689
102,target_mark_collapse,naive_boundary,NONRECOVERABLE,NONIDENTIFIED,INCONCLUSIVE,POINT_ESTIMABLE,,,,1.0,1.0021899713460347,0.9433899713460348,1.0609899713460347,6.974999996600673e-05,5aa4244363ebb317d4d07237a51357819655d54eead8ce2fe97c0ff39b12d689
102,target_mark_collapse,ridge,NONRECOVERABLE,NONIDENTIFIED,INCONCLUSIVE,POINT_ESTIMABLE,,,,1.0,0.0,-0.0588,0.0588,1.5541001630481333e-05,5aa4244363ebb317d4d07237a51357819655d54eead8ce2fe97c0ff39b12d689
102,target_mark_collapse,tsvd,NONRECOVERABLE,NONIDENTIFIED,INCONCLUSIVE,POINT_ESTIMABLE,,,,1.0,0.0,-0.0588,0.0588,2.941599814221263e-05,5aa4244363ebb317d4d07237a51357819655d54eead8ce2fe97c0ff39b12d689
102,rounded_hidden_time,crome,INCONCLUSIVE,UNKNOWN,INCONCLUSIVE,INCONCLUSIVE,UNKNOWN,INCONCLUSIVE,finite_sample_only,1.0,,,,0.0074982910009566694,5aa4244363ebb317d4d07237a51357819655d54eead8ce2fe97c0ff39b12d689
102,rounded_hidden_time,naive_boundary,INCONCLUSIVE,UNKNOWN,INCONCLUSIVE,POINT_ESTIMABLE,,,,1.0,1.0075327633528979,0.9487327633528979,1.0663327633528978,7.562500104540959e-05,5aa4244363ebb317d4d07237a51357819655d54eead8ce2fe97c0ff39b12d689
102,rounded_hidden_time,ridge,INCONCLUSIVE,UNKNOWN,INCONCLUSIVE,POINT_ESTIMABLE,,,,1.0,0.8727911640096276,0.8139911640096277,0.9315911640096276,1.4583005395252258e-05,5aa4244363ebb317d4d07237a51357819655d54eead8ce2fe97c0ff39b12d689
102,rounded_hidden_time,tsvd,INCONCLUSIVE,UNKNOWN,INCONCLUSIVE,POINT_ESTIMABLE,,,,1.0,0.8729701512932884,0.8141701512932884,0.9317701512932883,3.3708005503285676e-05,5aa4244363ebb317d4d07237a51357819655d54eead8ce2fe97c0ff39b12d689
103,fine_4h,crome,POINT_ESTIMABLE,UNKNOWN,POINT_AT_TAU,POINT_ESTIMABLE,UNKNOWN,POINT_AT_TAU,assumption_conditional,1.0,1.0056104614998207,0.9239966767714656,1.0872242462281758,0.10186245899967616,5aa4244363ebb317d4d07237a51357819655d54eead8ce2fe97c0ff39b12d689
103,fine_4h,naive_boundary,POINT_ESTIMABLE,UNKNOWN,POINT_AT_TAU,POINT_ESTIMABLE,,,,1.0,0.9991676161839327,0.9403676161839327,1.0579676161839326,0.00010470800043549389,5aa4244363ebb317d4d07237a51357819655d54eead8ce2fe97c0ff39b12d689
103,fine_4h,ridge,POINT_ESTIMABLE,UNKNOWN,POINT_AT_TAU,POINT_ESTIMABLE,,,,1.0,0.9935981830012324,0.9347981830012324,1.0523981830012323,1.745799818309024e-05,5aa4244363ebb317d4d07237a51357819655d54eead8ce2fe97c0ff39b12d689
103,fine_4h,tsvd,POINT_ESTIMABLE,UNKNOWN,POINT_AT_TAU,POINT_ESTIMABLE,,,,1.0,0.9938775931375063,0.9350775931375064,1.0526775931375063,4.400000034365803e-05,5aa4244363ebb317d4d07237a51357819655d54eead8ce2fe97c0ff39b12d689
103,daily_gap,crome,SET_ESTIMABLE,NONIDENTIFIED,SET,NONRECOVERABLE,NONIDENTIFIED,SET,assumption_conditional,1.0,,0.8652582431565946,1.1359182083608959,0.06367891700210748,5aa4244363ebb317d4d07237a51357819655d54eead8ce2fe97c0ff39b12d689
103,daily_gap,naive_boundary,SET_ESTIMABLE,NONIDENTIFIED,SET,INCONCLUSIVE,,,,1.0,,,,2.5957997422665358e-05,5aa4244363ebb317d4d07237a51357819655d54eead8ce2fe97c0ff39b12d689
103,daily_gap,ridge,SET_ESTIMABLE,NONIDENTIFIED,SET,POINT_ESTIMABLE,,,,1.0,0.0,-0.0588,0.0588,2.2958003683015704e-05,5aa4244363ebb317d4d07237a51357819655d54eead8ce2fe97c0ff39b12d689
103,daily_gap,tsvd,SET_ESTIMABLE,NONIDENTIFIED,SET,POINT_ESTIMABLE,,,,1.0,0.0,-0.0588,0.0588,3.5625002055894583e-05,5aa4244363ebb317d4d07237a51357819655d54eead8ce2fe97c0ff39b12d689
103,target_mark_collapse,crome,NONRECOVERABLE,NONIDENTIFIED,INCONCLUSIVE,NONRECOVERABLE,NONIDENTIFIED,INCONCLUSIVE,population_exact,1.0,,,,0.01655854200362228,5aa4244363ebb317d4d07237a51357819655d54eead8ce2fe97c0ff39b12d689
103,target_mark_collapse,naive_boundary,NONRECOVERABLE,NONIDENTIFIED,INCONCLUSIVE,POINT_ESTIMABLE,,,,1.0,1.0029315759142332,0.9441315759142332,1.0617315759142332,7.466700481018052e-05,5aa4244363ebb317d4d07237a51357819655d54eead8ce2fe97c0ff39b12d689
103,target_mark_collapse,ridge,NONRECOVERABLE,NONIDENTIFIED,INCONCLUSIVE,POINT_ESTIMABLE,,,,1.0,0.0,-0.0588,0.0588,1.5584002539981157e-05,5aa4244363ebb317d4d07237a51357819655d54eead8ce2fe97c0ff39b12d689
103,target_mark_collapse,tsvd,NONRECOVERABLE,NONIDENTIFIED,INCONCLUSIVE,POINT_ESTIMABLE,,,,1.0,0.0,-0.0588,0.0588,3.0333001632243395e-05,5aa4244363ebb317d4d07237a51357819655d54eead8ce2fe97c0ff39b12d689
103,rounded_hidden_time,crome,INCONCLUSIVE,UNKNOWN,INCONCLUSIVE,INCONCLUSIVE,UNKNOWN,INCONCLUSIVE,finite_sample_only,1.0,,,,0.007553666000603698,5aa4244363ebb317d4d07237a51357819655d54eead8ce2fe97c0ff39b12d689
103,rounded_hidden_time,naive_boundary,INCONCLUSIVE,UNKNOWN,INCONCLUSIVE,POINT_ESTIMABLE,,,,1.0,0.004117918577650344,-0.054682081422349656,0.06291791857765035,6.087500514695421e-05,5aa4244363ebb317d4d07237a51357819655d54eead8ce2fe97c0ff39b12d689
103,rounded_hidden_time,ridge,INCONCLUSIVE,UNKNOWN,INCONCLUSIVE,POINT_ESTIMABLE,,,,1.0,0.8777744936385442,0.8189744936385442,0.9365744936385442,1.4334000297822058e-05,5aa4244363ebb317d4d07237a51357819655d54eead8ce2fe97c0ff39b12d689
103,rounded_hidden_time,tsvd,INCONCLUSIVE,UNKNOWN,INCONCLUSIVE,POINT_ESTIMABLE,,,,1.0,0.8779483673751651,0.8191483673751652,0.9367483673751651,3.291600296506658e-05,5aa4244363ebb317d4d07237a51357819655d54eead8ce2fe97c0ff39b12d689
104,fine_4h,crome,POINT_ESTIMABLE,UNKNOWN,POINT_AT_TAU,POINT_ESTIMABLE,UNKNOWN,POINT_AT_TAU,assumption_conditional,1.0,1.0063376478733477,0.9244150549908206,1.0882602407558748,0.09685633300250629,5aa4244363ebb317d4d07237a51357819655d54eead8ce2fe97c0ff39b12d689
104,fine_4h,naive_boundary,POINT_ESTIMABLE,UNKNOWN,POINT_AT_TAU,POINT_ESTIMABLE,,,,1.0,1.0009470862410461,0.9421470862410461,1.059747086241046,5.8707999414764345e-05,5aa4244363ebb317d4d07237a51357819655d54eead8ce2fe97c0ff39b12d689
104,fine_4h,ridge,POINT_ESTIMABLE,UNKNOWN,POINT_AT_TAU,POINT_ESTIMABLE,,,,1.0,1.00200597228887,0.9432059722888699,1.0608059722888699,1.4208999346010387e-05,5aa4244363ebb317d4d07237a51357819655d54eead8ce2fe97c0ff39b12d689
104,fine_4h,tsvd,POINT_ESTIMABLE,UNKNOWN,POINT_AT_TAU,POINT_ESTIMABLE,,,,1.0,1.002285093106076,0.9434850931060761,1.061085093106076,3.5875003959517926e-05,5aa4244363ebb317d4d07237a51357819655d54eead8ce2fe97c0ff39b12d689
104,daily_gap,crome,SET_ESTIMABLE,NONIDENTIFIED,SET,NONRECOVERABLE,NONIDENTIFIED,SET,assumption_conditional,1.0,,0.8662612234643877,1.13335009155201,0.0646222499999567,5aa4244363ebb317d4d07237a51357819655d54eead8ce2fe97c0ff39b12d689
104,daily_gap,naive_boundary,SET_ESTIMABLE,NONIDENTIFIED,SET,INCONCLUSIVE,,,,1.0,,,,3.316700167488307e-05,5aa4244363ebb317d4d07237a51357819655d54eead8ce2fe97c0ff39b12d689
104,daily_gap,ridge,SET_ESTIMABLE,NONIDENTIFIED,SET,POINT_ESTIMABLE,,,,1.0,0.0,-0.0588,0.0588,3.0499999411404133e-05,5aa4244363ebb317d4d07237a51357819655d54eead8ce2fe97c0ff39b12d689
104,daily_gap,tsvd,SET_ESTIMABLE,NONIDENTIFIED,SET,POINT_ESTIMABLE,,,,1.0,0.0,-0.0588,0.0588,4.28749990533106e-05,5aa4244363ebb317d4d07237a51357819655d54eead8ce2fe97c0ff39b12d689
104,target_mark_collapse,crome,NONRECOVERABLE,NONIDENTIFIED,INCONCLUSIVE,NONRECOVERABLE,NONIDENTIFIED,INCONCLUSIVE,population_exact,1.0,,,,0.016712000004190486,5aa4244363ebb317d4d07237a51357819655d54eead8ce2fe97c0ff39b12d689
104,target_mark_collapse,naive_boundary,NONRECOVERABLE,NONIDENTIFIED,INCONCLUSIVE,POINT_ESTIMABLE,,,,1.0,0.9939900613386446,0.9351900613386447,1.0527900613386447,7.179200474638492e-05,5aa4244363ebb317d4d07237a51357819655d54eead8ce2fe97c0ff39b12d689
104,target_mark_collapse,ridge,NONRECOVERABLE,NONIDENTIFIED,INCONCLUSIVE,POINT_ESTIMABLE,,,,1.0,0.0,-0.0588,0.0588,1.6625002899672836e-05,5aa4244363ebb317d4d07237a51357819655d54eead8ce2fe97c0ff39b12d689
104,target_mark_collapse,tsvd,NONRECOVERABLE,NONIDENTIFIED,INCONCLUSIVE,POINT_ESTIMABLE,,,,1.0,0.0,-0.0588,0.0588,3.470799856586382e-05,5aa4244363ebb317d4d07237a51357819655d54eead8ce2fe97c0ff39b12d689
104,rounded_hidden_time,crome,INCONCLUSIVE,UNKNOWN,INCONCLUSIVE,INCONCLUSIVE,UNKNOWN,INCONCLUSIVE,finite_sample_only,1.0,,,,0.0075809170011780225,5aa4244363ebb317d4d07237a51357819655d54eead8ce2fe97c0ff39b12d689
104,rounded_hidden_time,naive_boundary,INCONCLUSIVE,UNKNOWN,INCONCLUSIVE,POINT_ESTIMABLE,,,,1.0,1.0045442170620638,0.9457442170620638,1.0633442170620637,7.737499981885776e-05,5aa4244363ebb317d4d07237a51357819655d54eead8ce2fe97c0ff39b12d689
104,rounded_hidden_time,ridge,INCONCLUSIVE,UNKNOWN,INCONCLUSIVE,POINT_ESTIMABLE,,,,1.0,0.8761820753206611,0.8173820753206611,0.934982075320661,1.4958000974729657e-05,5aa4244363ebb317d4d07237a51357819655d54eead8ce2fe97c0ff39b12d689
104,rounded_hidden_time,tsvd,INCONCLUSIVE,UNKNOWN,INCONCLUSIVE,POINT_ESTIMABLE,,,,1.0,0.8763452530197889,0.817545253019789,0.9351452530197889,3.470799856586382e-05,5aa4244363ebb317d4d07237a51357819655d54eead8ce2fe97c0ff39b12d689
105,fine_4h,crome,POINT_ESTIMABLE,UNKNOWN,POINT_AT_TAU,POINT_ESTIMABLE,UNKNOWN,POINT_AT_TAU,assumption_conditional,1.0,1.0061284776198292,0.9246920235384093,1.087564931701249,0.10189162499591475,5aa4244363ebb317d4d07237a51357819655d54eead8ce2fe97c0ff39b12d689
105,fine_4h,naive_boundary,POINT_ESTIMABLE,UNKNOWN,POINT_AT_TAU,POINT_ESTIMABLE,,,,1.0,0.9986920686111288,0.9398920686111288,1.0574920686111289,8.291700214613229e-05,5aa4244363ebb317d4d07237a51357819655d54eead8ce2fe97c0ff39b12d689
105,fine_4h,ridge,POINT_ESTIMABLE,UNKNOWN,POINT_AT_TAU,POINT_ESTIMABLE,,,,1.0,0.9989693492929058,0.9401693492929059,1.057769349292906,1.7250000382773578e-05,5aa4244363ebb317d4d07237a51357819655d54eead8ce2fe97c0ff39b12d689
105,fine_4h,tsvd,POINT_ESTIMABLE,UNKNOWN,POINT_AT_TAU,POINT_ESTIMABLE,,,,1.0,0.9992165120318787,0.9404165120318787,1.0580165120318787,4.30410000262782e-05,5aa4244363ebb317d4d07237a51357819655d54eead8ce2fe97c0ff39b12d689
105,daily_gap,crome,SET_ESTIMABLE,NONIDENTIFIED,SET,NONRECOVERABLE,NONIDENTIFIED,SET,assumption_conditional,1.0,,0.8495654589172768,1.1491076827841642,0.05734537500393344,5aa4244363ebb317d4d07237a51357819655d54eead8ce2fe97c0ff39b12d689
105,daily_gap,naive_boundary,SET_ESTIMABLE,NONIDENTIFIED,SET,INCONCLUSIVE,,,,1.0,,,,3.404200106160715e-05,5aa4244363ebb317d4d07237a51357819655d54eead8ce2fe97c0ff39b12d689
105,daily_gap,ridge,SET_ESTIMABLE,NONIDENTIFIED,SET,POINT_ESTIMABLE,,,,1.0,0.0,-0.0588,0.0588,2.9916001949459314e-05,5aa4244363ebb317d4d07237a51357819655d54eead8ce2fe97c0ff39b12d689
105,daily_gap,tsvd,SET_ESTIMABLE,NONIDENTIFIED,SET,POINT_ESTIMABLE,,,,1.0,0.0,-0.0588,0.0588,4.2625004425644875e-05,5aa4244363ebb317d4d07237a51357819655d54eead8ce2fe97c0ff39b12d689
105,target_mark_collapse,crome,NONRECOVERABLE,NONIDENTIFIED,INCONCLUSIVE,NONRECOVERABLE,NONIDENTIFIED,INCONCLUSIVE,population_exact,1.0,,,,0.016839625001011882,5aa4244363ebb317d4d07237a51357819655d54eead8ce2fe97c0ff39b12d689
105,target_mark_collapse,naive_boundary,NONRECOVERABLE,NONIDENTIFIED,INCONCLUSIVE,POINT_ESTIMABLE,,,,1.0,1.000078732377585,0.9412787323775851,1.058878732377585,8.32920050015673e-05,5aa4244363ebb317d4d07237a51357819655d54eead8ce2fe97c0ff39b12d689
105,target_mark_collapse,ridge,NONRECOVERABLE,NONIDENTIFIED,INCONCLUSIVE,POINT_ESTIMABLE,,,,1.0,0.0,-0.0588,0.0588,1.7916005162987858e-05,5aa4244363ebb317d4d07237a51357819655d54eead8ce2fe97c0ff39b12d689
105,target_mark_collapse,tsvd,NONRECOVERABLE,NONIDENTIFIED,INCONCLUSIVE,POINT_ESTIMABLE,,,,1.0,0.0,-0.0588,0.0588,3.320800169603899e-05,5aa4244363ebb317d4d07237a51357819655d54eead8ce2fe97c0ff39b12d689
105,rounded_hidden_time,crome,INCONCLUSIVE,UNKNOWN,INCONCLUSIVE,INCONCLUSIVE,UNKNOWN,INCONCLUSIVE,finite_sample_only,1.0,,,,0.0076555409978027456,5aa4244363ebb317d4d07237a51357819655d54eead8ce2fe97c0ff39b12d689
105,rounded_hidden_time,naive_boundary,INCONCLUSIVE,UNKNOWN,INCONCLUSIVE,POINT_ESTIMABLE,,,,1.0,1.0074506325264017,0.9486506325264017,1.0662506325264016,7.529199501732364e-05,5aa4244363ebb317d4d07237a51357819655d54eead8ce2fe97c0ff39b12d689
105,rounded_hidden_time,ridge,INCONCLUSIVE,UNKNOWN,INCONCLUSIVE,POINT_ESTIMABLE,,,,1.0,0.876566889493991,0.817766889493991,0.9353668894939909,1.5166995581239462e-05,5aa4244363ebb317d4d07237a51357819655d54eead8ce2fe97c0ff39b12d689
105,rounded_hidden_time,tsvd,INCONCLUSIVE,UNKNOWN,INCONCLUSIVE,POINT_ESTIMABLE,,,,1.0,0.8767494529492227,0.8179494529492227,0.9355494529492226,3.4666998544707894e-05,5aa4244363ebb317d4d07237a51357819655d54eead8ce2fe97c0ff39b12d689
106,fine_4h,crome,POINT_ESTIMABLE,UNKNOWN,POINT_AT_TAU,POINT_ESTIMABLE,UNKNOWN,POINT_AT_TAU,assumption_conditional,1.0,1.0073400244500188,0.9256436345056615,1.0890364143943763,0.09886279200145509,5aa4244363ebb317d4d07237a51357819655d54eead8ce2fe97c0ff39b12d689
106,fine_4h,naive_boundary,POINT_ESTIMABLE,UNKNOWN,POINT_AT_TAU,POINT_ESTIMABLE,,,,1.0,1.0014634857990317,0.9426634857990317,1.0602634857990316,6.15840035607107e-05,5aa4244363ebb317d4d07237a51357819655d54eead8ce2fe97c0ff39b12d689
106,fine_4h,ridge,POINT_ESTIMABLE,UNKNOWN,POINT_AT_TAU,POINT_ESTIMABLE,,,,1.0,0.9974227793689286,0.9386227793689287,1.0562227793689287,1.5124998753890395e-05,5aa4244363ebb317d4d07237a51357819655d54eead8ce2fe97c0ff39b12d689
106,fine_4h,tsvd,POINT_ESTIMABLE,UNKNOWN,POINT_AT_TAU,POINT_ESTIMABLE,,,,1.0,0.997685115516245,0.938885115516245,1.056485115516245,3.4916003642138094e-05,5aa4244363ebb317d4d07237a51357819655d54eead8ce2fe97c0ff39b12d689
106,daily_gap,crome,SET_ESTIMABLE,NONIDENTIFIED,SET,NONRECOVERABLE,NONIDENTIFIED,SET,assumption_conditional,1.0,,0.8590898634157478,1.1240988354863242,0.06453170799795771,5aa4244363ebb317d4d07237a51357819655d54eead8ce2fe97c0ff39b12d689
106,daily_gap,naive_boundary,SET_ESTIMABLE,NONIDENTIFIED,SET,INCONCLUSIVE,,,,1.0,,,,2.6292000256944448e-05,5aa4244363ebb317d4d07237a51357819655d54eead8ce2fe97c0ff39b12d689
106,daily_gap,ridge,SET_ESTIMABLE,NONIDENTIFIED,SET,POINT_ESTIMABLE,,,,1.0,0.0,-0.0588,0.0588,2.291700366185978e-05,5aa4244363ebb317d4d07237a51357819655d54eead8ce2fe97c0ff39b12d689
106,daily_gap,tsvd,SET_ESTIMABLE,NONIDENTIFIED,SET,POINT_ESTIMABLE,,,,1.0,0.0,-0.0588,0.0588,3.512500552460551e-05,5aa4244363ebb317d4d07237a51357819655d54eead8ce2fe97c0ff39b12d689
106,target_mark_collapse,crome,NONRECOVERABLE,NONIDENTIFIED,INCONCLUSIVE,NONRECOVERABLE,NONIDENTIFIED,INCONCLUSIVE,population_exact,1.0,,,,0.016539249998459127,5aa4244363ebb317d4d07237a51357819655d54eead8ce2fe97c0ff39b12d689
106,target_mark_collapse,naive_boundary,NONRECOVERABLE,NONIDENTIFIED,INCONCLUSIVE,POINT_ESTIMABLE,,,,1.0,1.0021648688340599,0.9433648688340599,1.0609648688340598,7.512500451412052e-05,5aa4244363ebb317d4d07237a51357819655d54eead8ce2fe97c0ff39b12d689
106,target_mark_collapse,ridge,NONRECOVERABLE,NONIDENTIFIED,INCONCLUSIVE,POINT_ESTIMABLE,,,,1.0,0.0,-0.0588,0.0588,1.4750003174412996e-05,5aa4244363ebb317d4d07237a51357819655d54eead8ce2fe97c0ff39b12d689
106,target_mark_collapse,tsvd,NONRECOVERABLE,NONIDENTIFIED,INCONCLUSIVE,POINT_ESTIMABLE,,,,1.0,0.0,-0.0588,0.0588,3.195799945387989e-05,5aa4244363ebb317d4d07237a51357819655d54eead8ce2fe97c0ff39b12d689
106,rounded_hidden_time,crome,INCONCLUSIVE,UNKNOWN,INCONCLUSIVE,INCONCLUSIVE,UNKNOWN,INCONCLUSIVE,finite_sample_only,1.0,,,,0.007518374994106125,5aa4244363ebb317d4d07237a51357819655d54eead8ce2fe97c0ff39b12d689
106,rounded_hidden_time,naive_boundary,INCONCLUSIVE,UNKNOWN,INCONCLUSIVE,POINT_ESTIMABLE,,,,1.0,1.0058200751914212,0.9470200751914213,1.0646200751914212,7.79999973019585e-05,5aa4244363ebb317d4d07237a51357819655d54eead8ce2fe97c0ff39b12d689
106,rounded_hidden_time,ridge,INCONCLUSIVE,UNKNOWN,INCONCLUSIVE,POINT_ESTIMABLE,,,,1.0,0.8820191576471905,0.8232191576471906,0.9408191576471905,1.5249999705702066e-05,5aa4244363ebb317d4d07237a51357819655d54eead8ce2fe97c0ff39b12d689
106,rounded_hidden_time,tsvd,INCONCLUSIVE,UNKNOWN,INCONCLUSIVE,POINT_ESTIMABLE,,,,1.0,0.8822148029990315,0.8234148029990316,0.9410148029990315,3.5250006476417184e-05,5aa4244363ebb317d4d07237a51357819655d54eead8ce2fe97c0ff39b12d689
107,fine_4h,crome,POINT_ESTIMABLE,UNKNOWN,POINT_AT_TAU,POINT_ESTIMABLE,UNKNOWN,POINT_AT_TAU,assumption_conditional,1.0,1.0065641592553056,0.9246826071858321,1.0884457113247792,0.09698929100704845,5aa4244363ebb317d4d07237a51357819655d54eead8ce2fe97c0ff39b12d689
107,fine_4h,naive_boundary,POINT_ESTIMABLE,UNKNOWN,POINT_AT_TAU,POINT_ESTIMABLE,,,,1.0,0.9970297994999275,0.9382297994999276,1.0558297994999275,7.900000491645187e-05,5aa4244363ebb317d4d07237a51357819655d54eead8ce2fe97c0ff39b12d689
107,fine_4h,ridge,POINT_ESTIMABLE,UNKNOWN,POINT_AT_TAU,POINT_ESTIMABLE,,,,1.0,1.0032901793476157,0.9444901793476157,1.0620901793476156,1.8500002624932677e-05,5aa4244363ebb317d4d07237a51357819655d54eead8ce2fe97c0ff39b12d689
107,fine_4h,tsvd,POINT_ESTIMABLE,UNKNOWN,POINT_AT_TAU,POINT_ESTIMABLE,,,,1.0,1.0035687103460647,0.9447687103460647,1.0623687103460646,4.3000000005122274e-05,5aa4244363ebb317d4d07237a51357819655d54eead8ce2fe97c0ff39b12d689
107,daily_gap,crome,SET_ESTIMABLE,NONIDENTIFIED,SET,NONRECOVERABLE,NONIDENTIFIED,SET,assumption_conditional,1.0,,0.8762190723960802,1.1381478650506915,0.06421745799889322,5aa4244363ebb317d4d07237a51357819655d54eead8ce2fe97c0ff39b12d689
107,daily_gap,naive_boundary,SET_ESTIMABLE,NONIDENTIFIED,SET,INCONCLUSIVE,,,,1.0,,,,2.8875001589767635e-05,5aa4244363ebb317d4d07237a51357819655d54eead8ce2fe97c0ff39b12d689
107,daily_gap,ridge,SET_ESTIMABLE,NONIDENTIFIED,SET,POINT_ESTIMABLE,,,,1.0,0.0,-0.0588,0.0588,2.699999458855018e-05,5aa4244363ebb317d4d07237a51357819655d54eead8ce2fe97c0ff39b12d689
107,daily_gap,tsvd,SET_ESTIMABLE,NONIDENTIFIED,SET,POINT_ESTIMABLE,,,,1.0,0.0,-0.0588,0.0588,3.920799645129591e-05,5aa4244363ebb317d4d07237a51357819655d54eead8ce2fe97c0ff39b12d689
107,target_mark_collapse,crome,NONRECOVERABLE,NONIDENTIFIED,INCONCLUSIVE,NONRECOVERABLE,NONIDENTIFIED,INCONCLUSIVE,population_exact,1.0,,,,0.01651966600184096,5aa4244363ebb317d4d07237a51357819655d54eead8ce2fe97c0ff39b12d689
107,target_mark_collapse,naive_boundary,NONRECOVERABLE,NONIDENTIFIED,INCONCLUSIVE,POINT_ESTIMABLE,,,,1.0,0.9958510508316673,0.9370510508316673,1.0546510508316673,7.179200474638492e-05,5aa4244363ebb317d4d07237a51357819655d54eead8ce2fe97c0ff39b12d689
107,target_mark_collapse,ridge,NONRECOVERABLE,NONIDENTIFIED,INCONCLUSIVE,POINT_ESTIMABLE,,,,1.0,0.0,-0.0588,0.0588,1.55829984578304e-05,5aa4244363ebb317d4d07237a51357819655d54eead8ce2fe97c0ff39b12d689
107,target_mark_collapse,tsvd,NONRECOVERABLE,NONIDENTIFIED,INCONCLUSIVE,POINT_ESTIMABLE,,,,1.0,0.0,-0.0588,0.0588,3.083399496972561e-05,5aa4244363ebb317d4d07237a51357819655d54eead8ce2fe97c0ff39b12d689
107,rounded_hidden_time,crome,INCONCLUSIVE,UNKNOWN,INCONCLUSIVE,INCONCLUSIVE,UNKNOWN,INCONCLUSIVE,finite_sample_only,1.0,,,,0.007515707999118604,5aa4244363ebb317d4d07237a51357819655d54eead8ce2fe97c0ff39b12d689
107,rounded_hidden_time,naive_boundary,INCONCLUSIVE,UNKNOWN,INCONCLUSIVE,POINT_ESTIMABLE,,,,1.0,1.0061106178474164,0.9473106178474164,1.0649106178474164,7.495799945900217e-05,5aa4244363ebb317d4d07237a51357819655d54eead8ce2fe97c0ff39b12d689
107,rounded_hidden_time,ridge,INCONCLUSIVE,UNKNOWN,INCONCLUSIVE,POINT_ESTIMABLE,,,,1.0,0.8823441092864248,0.8235441092864249,0.9411441092864248,1.512500602984801e-05,5aa4244363ebb317d4d07237a51357819655d54eead8ce2fe97c0ff39b12d689
107,rounded_hidden_time,tsvd,INCONCLUSIVE,UNKNOWN,INCONCLUSIVE,POINT_ESTIMABLE,,,,1.0,0.8825434121940722,0.8237434121940722,0.9413434121940721,3.391700010979548e-05,5aa4244363ebb317d4d07237a51357819655d54eead8ce2fe97c0ff39b12d689
108,fine_4h,crome,POINT_ESTIMABLE,UNKNOWN,POINT_AT_TAU,POINT_ESTIMABLE,UNKNOWN,POINT_AT_TAU,assumption_conditional,1.0,1.0035937404210495,0.9219229968250794,1.0852644840170196,0.10035466700355755,5aa4244363ebb317d4d07237a51357819655d54eead8ce2fe97c0ff39b12d689
108,fine_4h,naive_boundary,POINT_ESTIMABLE,UNKNOWN,POINT_AT_TAU,POINT_ESTIMABLE,,,,1.0,0.9979860448413373,0.9391860448413374,1.0567860448413373,6.233299791347235e-05,5aa4244363ebb317d4d07237a51357819655d54eead8ce2fe97c0ff39b12d689
108,fine_4h,ridge,POINT_ESTIMABLE,UNKNOWN,POINT_AT_TAU,POINT_ESTIMABLE,,,,1.0,1.0002578707507368,0.9414578707507368,1.0590578707507368,1.4583005395252258e-05,5aa4244363ebb317d4d07237a51357819655d54eead8ce2fe97c0ff39b12d689
108,fine_4h,tsvd,POINT_ESTIMABLE,UNKNOWN,POINT_AT_TAU,POINT_ESTIMABLE,,,,1.0,1.000532905692114,0.941732905692114,1.059332905692114,3.7083002098370343e-05,5aa4244363ebb317d4d07237a51357819655d54eead8ce2fe97c0ff39b12d689
108,daily_gap,crome,SET_ESTIMABLE,NONIDENTIFIED,SET,NONRECOVERABLE,NONIDENTIFIED,SET,assumption_conditional,1.0,,0.8731724206663136,1.1689403772976763,0.06247633299790323,5aa4244363ebb317d4d07237a51357819655d54eead8ce2fe97c0ff39b12d689
108,daily_gap,naive_boundary,SET_ESTIMABLE,NONIDENTIFIED,SET,INCONCLUSIVE,,,,1.0,,,,2.4000000848900527e-05,5aa4244363ebb317d4d07237a51357819655d54eead8ce2fe97c0ff39b12d689
108,daily_gap,ridge,SET_ESTIMABLE,NONIDENTIFIED,SET,POINT_ESTIMABLE,,,,1.0,0.0,-0.0588,0.0588,2.091700298478827e-05,5aa4244363ebb317d4d07237a51357819655d54eead8ce2fe97c0ff39b12d689
108,daily_gap,tsvd,SET_ESTIMABLE,NONIDENTIFIED,SET,POINT_ESTIMABLE,,,,1.0,0.0,-0.0588,0.0588,3.1416995625477284e-05,5aa4244363ebb317d4d07237a51357819655d54eead8ce2fe97c0ff39b12d689
108,target_mark_collapse,crome,NONRECOVERABLE,NONIDENTIFIED,INCONCLUSIVE,NONRECOVERABLE,NONIDENTIFIED,INCONCLUSIVE,population_exact,1.0,,,,0.016554542002268136,5aa4244363ebb317d4d07237a51357819655d54eead8ce2fe97c0ff39b12d689
108,target_mark_collapse,naive_boundary,NONRECOVERABLE,NONIDENTIFIED,INCONCLUSIVE,POINT_ESTIMABLE,,,,1.0,0.9964243412621974,0.9376243412621974,1.0552243412621973,6.495900015579537e-05,5aa4244363ebb317d4d07237a51357819655d54eead8ce2fe97c0ff39b12d689
108,target_mark_collapse,ridge,NONRECOVERABLE,NONIDENTIFIED,INCONCLUSIVE,POINT_ESTIMABLE,,,,1.0,0.0,-0.0588,0.0588,1.5207995602395386e-05,5aa4244363ebb317d4d07237a51357819655d54eead8ce2fe97c0ff39b12d689
108,target_mark_collapse,tsvd,NONRECOVERABLE,NONIDENTIFIED,INCONCLUSIVE,POINT_ESTIMABLE,,,,1.0,0.0,-0.0588,0.0588,2.9458999051712453e-05,5aa4244363ebb317d4d07237a51357819655d54eead8ce2fe97c0ff39b12d689
108,rounded_hidden_time,crome,INCONCLUSIVE,UNKNOWN,INCONCLUSIVE,INCONCLUSIVE,UNKNOWN,INCONCLUSIVE,finite_sample_only,1.0,,,,0.007534374999522697,5aa4244363ebb317d4d07237a51357819655d54eead8ce2fe97c0ff39b12d689
108,rounded_hidden_time,naive_boundary,INCONCLUSIVE,UNKNOWN,INCONCLUSIVE,POINT_ESTIMABLE,,,,1.0,1.0050068503621425,0.9462068503621426,1.0638068503621425,7.591599569423124e-05,5aa4244363ebb317d4d07237a51357819655d54eead8ce2fe97c0ff39b12d689
108,rounded_hidden_time,ridge,INCONCLUSIVE,UNKNOWN,INCONCLUSIVE,POINT_ESTIMABLE,,,,1.0,0.8698840366955527,0.8110840366955527,0.9286840366955527,1.4208002539817244e-05,5aa4244363ebb317d4d07237a51357819655d54eead8ce2fe97c0ff39b12d689
108,rounded_hidden_time,tsvd,INCONCLUSIVE,UNKNOWN,INCONCLUSIVE,POINT_ESTIMABLE,,,,1.0,0.870057447967481,0.811257447967481,0.9288574479674809,3.362500137882307e-05,5aa4244363ebb317d4d07237a51357819655d54eead8ce2fe97c0ff39b12d689
109,fine_4h,crome,POINT_ESTIMABLE,UNKNOWN,POINT_AT_TAU,POINT_ESTIMABLE,UNKNOWN,POINT_AT_TAU,assumption_conditional,1.0,1.0065963794266917,0.9248295791892274,1.088363179664156,0.10207487500156276,5aa4244363ebb317d4d07237a51357819655d54eead8ce2fe97c0ff39b12d689
109,fine_4h,naive_boundary,POINT_ESTIMABLE,UNKNOWN,POINT_AT_TAU,POINT_ESTIMABLE,,,,1.0,0.997745507472078,0.9389455074720781,1.056545507472078,0.00010166700667468831,5aa4244363ebb317d4d07237a51357819655d54eead8ce2fe97c0ff39b12d689
109,fine_4h,ridge,POINT_ESTIMABLE,UNKNOWN,POINT_AT_TAU,POINT_ESTIMABLE,,,,1.0,0.9949378688440307,0.9361378688440307,1.0537378688440306,1.8625003576744348e-05,5aa4244363ebb317d4d07237a51357819655d54eead8ce2fe97c0ff39b12d689
109,fine_4h,tsvd,POINT_ESTIMABLE,UNKNOWN,POINT_AT_TAU,POINT_ESTIMABLE,,,,1.0,0.9952090884493558,0.9364090884493559,1.0540090884493558,4.295800317777321e-05,5aa4244363ebb317d4d07237a51357819655d54eead8ce2fe97c0ff39b12d689
109,daily_gap,crome,SET_ESTIMABLE,NONIDENTIFIED,SET,NONRECOVERABLE,NONIDENTIFIED,SET,assumption_conditional,1.0,,0.8704325548211214,1.142940248560829,0.06549183299648575,5aa4244363ebb317d4d07237a51357819655d54eead8ce2fe97c0ff39b12d689
109,daily_gap,naive_boundary,SET_ESTIMABLE,NONIDENTIFIED,SET,INCONCLUSIVE,,,,1.0,,,,3.0208000680431724e-05,5aa4244363ebb317d4d07237a51357819655d54eead8ce2fe97c0ff39b12d689
109,daily_gap,ridge,SET_ESTIMABLE,NONIDENTIFIED,SET,POINT_ESTIMABLE,,,,1.0,0.0,-0.0588,0.0588,2.5792003725655377e-05,5aa4244363ebb317d4d07237a51357819655d54eead8ce2fe97c0ff39b12d689
109,daily_gap,tsvd,SET_ESTIMABLE,NONIDENTIFIED,SET,POINT_ESTIMABLE,,,,1.0,0.0,-0.0588,0.0588,3.6916993849445134e-05,5aa4244363ebb317d4d07237a51357819655d54eead8ce2fe97c0ff39b12d689
109,target_mark_collapse,crome,NONRECOVERABLE,NONIDENTIFIED,INCONCLUSIVE,NONRECOVERABLE,NONIDENTIFIED,INCONCLUSIVE,population_exact,1.0,,,,0.01650287499796832,5aa4244363ebb317d4d07237a51357819655d54eead8ce2fe97c0ff39b12d689
109,target_mark_collapse,naive_boundary,NONRECOVERABLE,NONIDENTIFIED,INCONCLUSIVE,POINT_ESTIMABLE,,,,1.0,0.9983947218065801,0.9395947218065801,1.05719472180658,7.587499567307532e-05,5aa4244363ebb317d4d07237a51357819655d54eead8ce2fe97c0ff39b12d689
109,target_mark_collapse,ridge,NONRECOVERABLE,NONIDENTIFIED,INCONCLUSIVE,POINT_ESTIMABLE,,,,1.0,0.0,-0.0588,0.0588,1.6457997844554484e-05,5aa4244363ebb317d4d07237a51357819655d54eead8ce2fe97c0ff39b12d689
109,target_mark_collapse,tsvd,NONRECOVERABLE,NONIDENTIFIED,INCONCLUSIVE,POINT_ESTIMABLE,,,,1.0,0.0,-0.0588,0.0588,3.433300298638642e-05,5aa4244363ebb317d4d07237a51357819655d54eead8ce2fe97c0ff39b12d689
109,rounded_hidden_time,crome,INCONCLUSIVE,UNKNOWN,INCONCLUSIVE,INCONCLUSIVE,UNKNOWN,INCONCLUSIVE,finite_sample_only,1.0,,,,0.00752204199670814,5aa4244363ebb317d4d07237a51357819655d54eead8ce2fe97c0ff39b12d689
109,rounded_hidden_time,naive_boundary,INCONCLUSIVE,UNKNOWN,INCONCLUSIVE,POINT_ESTIMABLE,,,,1.0,1.0066171017033487,0.9478171017033488,1.0654171017033487,7.308400381589308e-05,5aa4244363ebb317d4d07237a51357819655d54eead8ce2fe97c0ff39b12d689
109,rounded_hidden_time,ridge,INCONCLUSIVE,UNKNOWN,INCONCLUSIVE,POINT_ESTIMABLE,,,,1.0,0.89406687732408,0.83526687732408,0.9528668773240799,1.4833000022917986e-05,5aa4244363ebb317d4d07237a51357819655d54eead8ce2fe97c0ff39b12d689
109,rounded_hidden_time,tsvd,INCONCLUSIVE,UNKNOWN,INCONCLUSIVE,POINT_ESTIMABLE,,,,1.0,0.8942660680756832,0.8354660680756832,0.9530660680756832,3.3458003599662334e-05,5aa4244363ebb317d4d07237a51357819655d54eead8ce2fe97c0ff39b12d689
110,fine_4h,crome,POINT_ESTIMABLE,UNKNOWN,POINT_AT_TAU,POINT_ESTIMABLE,UNKNOWN,POINT_AT_TAU,assumption_conditional,1.0,1.006593009322298,0.9250664768723608,1.088119541772235,0.10285891700186767,5aa4244363ebb317d4d07237a51357819655d54eead8ce2fe97c0ff39b12d689
110,fine_4h,naive_boundary,POINT_ESTIMABLE,UNKNOWN,POINT_AT_TAU,POINT_ESTIMABLE,,,,1.0,1.0013211046055117,0.9425211046055118,1.0601211046055117,6.337499507935718e-05,5aa4244363ebb317d4d07237a51357819655d54eead8ce2fe97c0ff39b12d689
110,fine_4h,ridge,POINT_ESTIMABLE,UNKNOWN,POINT_AT_TAU,POINT_ESTIMABLE,,,,1.0,1.0013510855096517,0.9425510855096517,1.0601510855096516,1.4625002222601324e-05,5aa4244363ebb317d4d07237a51357819655d54eead8ce2fe97c0ff39b12d689
110,fine_4h,tsvd,POINT_ESTIMABLE,UNKNOWN,POINT_AT_TAU,POINT_ESTIMABLE,,,,1.0,1.0015924466982309,0.9427924466982309,1.0603924466982309,3.3125004847534e-05,5aa4244363ebb317d4d07237a51357819655d54eead8ce2fe97c0ff39b12d689
110,daily_gap,crome,SET_ESTIMABLE,NONIDENTIFIED,SET,NONRECOVERABLE,NONIDENTIFIED,SET,assumption_conditional,1.0,,0.8663033015698629,1.1519605501191859,0.06125800000154413,5aa4244363ebb317d4d07237a51357819655d54eead8ce2fe97c0ff39b12d689
110,daily_gap,naive_boundary,SET_ESTIMABLE,NONIDENTIFIED,SET,INCONCLUSIVE,,,,1.0,,,,2.4041997676249593e-05,5aa4244363ebb317d4d07237a51357819655d54eead8ce2fe97c0ff39b12d689
110,daily_gap,ridge,SET_ESTIMABLE,NONIDENTIFIED,SET,POINT_ESTIMABLE,,,,1.0,0.0,-0.0588,0.0588,2.1084000763949007e-05,5aa4244363ebb317d4d07237a51357819655d54eead8ce2fe97c0ff39b12d689
110,daily_gap,tsvd,SET_ESTIMABLE,NONIDENTIFIED,SET,POINT_ESTIMABLE,,,,1.0,0.0,-0.0588,0.0588,3.320800169603899e-05,5aa4244363ebb317d4d07237a51357819655d54eead8ce2fe97c0ff39b12d689
110,target_mark_collapse,crome,NONRECOVERABLE,NONIDENTIFIED,INCONCLUSIVE,NONRECOVERABLE,NONIDENTIFIED,INCONCLUSIVE,population_exact,1.0,,,,0.0164194579992909,5aa4244363ebb317d4d07237a51357819655d54eead8ce2fe97c0ff39b12d689
110,target_mark_collapse,naive_boundary,NONRECOVERABLE,NONIDENTIFIED,INCONCLUSIVE,POINT_ESTIMABLE,,,,1.0,0.9960755473793433,0.9372755473793434,1.0548755473793434,6.933399708941579e-05,5aa4244363ebb317d4d07237a51357819655d54eead8ce2fe97c0ff39b12d689
110,target_mark_collapse,ridge,NONRECOVERABLE,NONIDENTIFIED,INCONCLUSIVE,POINT_ESTIMABLE,,,,1.0,0.0,-0.0588,0.0588,1.4708006347063929e-05,5aa4244363ebb317d4d07237a51357819655d54eead8ce2fe97c0ff39b12d689
110,target_mark_collapse,tsvd,NONRECOVERABLE,NONIDENTIFIED,INCONCLUSIVE,POINT_ESTIMABLE,,,,1.0,0.0,-0.0588,0.0588,3.175000165356323e-05,5aa4244363ebb317d4d07237a51357819655d54eead8ce2fe97c0ff39b12d689
110,rounded_hidden_time,crome,INCONCLUSIVE,UNKNOWN,INCONCLUSIVE,INCONCLUSIVE,UNKNOWN,INCONCLUSIVE,finite_sample_only,1.0,,,,0.00755287500214763,5aa4244363ebb317d4d07237a51357819655d54eead8ce2fe97c0ff39b12d689
110,rounded_hidden_time,naive_boundary,INCONCLUSIVE,UNKNOWN,INCONCLUSIVE,POINT_ESTIMABLE,,,,1.0,1.0064316443273151,0.9476316443273152,1.065231644327315,8.974999946076423e-05,5aa4244363ebb317d4d07237a51357819655d54eead8ce2fe97c0ff39b12d689
110,rounded_hidden_time,ridge,INCONCLUSIVE,UNKNOWN,INCONCLUSIVE,POINT_ESTIMABLE,,,,1.0,0.8743753420417011,0.8155753420417011,0.933175342041701,1.7041995306499302e-05,5aa4244363ebb317d4d07237a51357819655d54eead8ce2fe97c0ff39b12d689
110,rounded_hidden_time,tsvd,INCONCLUSIVE,UNKNOWN,INCONCLUSIVE,POINT_ESTIMABLE,,,,1.0,0.8745511436286312,0.8157511436286312,0.9333511436286311,3.829100023722276e-05,5aa4244363ebb317d4d07237a51357819655d54eead8ce2fe97c0ff39b12d689
111,fine_4h,crome,POINT_ESTIMABLE,UNKNOWN,POINT_AT_TAU,POINT_ESTIMABLE,UNKNOWN,POINT_AT_TAU,assumption_conditional,1.0,1.006747985436145,0.924897576613182,1.088598394259108,0.0937095839981339,5aa4244363ebb317d4d07237a51357819655d54eead8ce2fe97c0ff39b12d689
111,fine_4h,naive_boundary,POINT_ESTIMABLE,UNKNOWN,POINT_AT_TAU,POINT_ESTIMABLE,,,,1.0,1.0002854797893475,0.9414854797893475,1.0590854797893474,5.987499753246084e-05,5aa4244363ebb317d4d07237a51357819655d54eead8ce2fe97c0ff39b12d689
111,fine_4h,ridge,POINT_ESTIMABLE,UNKNOWN,POINT_AT_TAU,POINT_ESTIMABLE,,,,1.0,0.9973668980468623,0.9385668980468623,1.0561668980468624,1.4874996850267053e-05,5aa4244363ebb317d4d07237a51357819655d54eead8ce2fe97c0ff39b12d689
111,fine_4h,tsvd,POINT_ESTIMABLE,UNKNOWN,POINT_AT_TAU,POINT_ESTIMABLE,,,,1.0,0.9976415994476779,0.938841599447678,1.056441599447678,3.433300298638642e-05,5aa4244363ebb317d4d07237a51357819655d54eead8ce2fe97c0ff39b12d689
111,daily_gap,crome,SET_ESTIMABLE,NONIDENTIFIED,SET,NONRECOVERABLE,NONIDENTIFIED,SET,assumption_conditional,1.0,,0.8781042188288095,1.1533153753253498,0.06519237499742303,5aa4244363ebb317d4d07237a51357819655d54eead8ce2fe97c0ff39b12d689
111,daily_gap,naive_boundary,SET_ESTIMABLE,NONIDENTIFIED,SET,INCONCLUSIVE,,,,1.0,,,,2.6749999960884452e-05,5aa4244363ebb317d4d07237a51357819655d54eead8ce2fe97c0ff39b12d689
111,daily_gap,ridge,SET_ESTIMABLE,NONIDENTIFIED,SET,POINT_ESTIMABLE,,,,1.0,0.0,-0.0588,0.0588,2.425000275252387e-05,5aa4244363ebb317d4d07237a51357819655d54eead8ce2fe97c0ff39b12d689
111,daily_gap,tsvd,SET_ESTIMABLE,NONIDENTIFIED,SET,POINT_ESTIMABLE,,,,1.0,0.0,-0.0588,0.0588,3.2999996619764715e-05,5aa4244363ebb317d4d07237a51357819655d54eead8ce2fe97c0ff39b12d689
111,target_mark_collapse,crome,NONRECOVERABLE,NONIDENTIFIED,INCONCLUSIVE,NONRECOVERABLE,NONIDENTIFIED,INCONCLUSIVE,population_exact,1.0,,,,0.016521540994290262,5aa4244363ebb317d4d07237a51357819655d54eead8ce2fe97c0ff39b12d689
111,target_mark_collapse,naive_boundary,NONRECOVERABLE,NONIDENTIFIED,INCONCLUSIVE,POINT_ESTIMABLE,,,,1.0,0.9998182668785963,0.9410182668785964,1.0586182668785964,7.108400313882157e-05,5aa4244363ebb317d4d07237a51357819655d54eead8ce2fe97c0ff39b12d689
111,target_mark_collapse,ridge,NONRECOVERABLE,NONIDENTIFIED,INCONCLUSIVE,POINT_ESTIMABLE,,,,1.0,0.0,-0.0588,0.0588,1.541600067866966e-05,5aa4244363ebb317d4d07237a51357819655d54eead8ce2fe97c0ff39b12d689
111,target_mark_collapse,tsvd,NONRECOVERABLE,NONIDENTIFIED,INCONCLUSIVE,POINT_ESTIMABLE,,,,1.0,0.0,-0.0588,0.0588,2.9208000341895968e-05,5aa4244363ebb317d4d07237a51357819655d54eead8ce2fe97c0ff39b12d689
111,rounded_hidden_time,crome,INCONCLUSIVE,UNKNOWN,INCONCLUSIVE,INCONCLUSIVE,UNKNOWN,INCONCLUSIVE,finite_sample_only,1.0,,,,0.007515249999414664,5aa4244363ebb317d4d07237a51357819655d54eead8ce2fe97c0ff39b12d689
111,rounded_hidden_time,naive_boundary,INCONCLUSIVE,UNKNOWN,INCONCLUSIVE,POINT_ESTIMABLE,,,,1.0,1.0077584626844707,0.9489584626844707,1.0665584626844706,7.383299816865474e-05,5aa4244363ebb317d4d07237a51357819655d54eead8ce2fe97c0ff39b12d689
111,rounded_hidden_time,ridge,INCONCLUSIVE,UNKNOWN,INCONCLUSIVE,POINT_ESTIMABLE,,,,1.0,0.8796251158966755,0.8208251158966755,0.9384251158966754,1.412499841535464e-05,5aa4244363ebb317d4d07237a51357819655d54eead8ce2fe97c0ff39b12d689
111,rounded_hidden_time,tsvd,INCONCLUSIVE,UNKNOWN,INCONCLUSIVE,POINT_ESTIMABLE,,,,1.0,0.879826012443191,0.8210260124431911,0.938626012443191,3.362500137882307e-05,5aa4244363ebb317d4d07237a51357819655d54eead8ce2fe97c0ff39b12d689
112,fine_4h,crome,POINT_ESTIMABLE,UNKNOWN,POINT_AT_TAU,POINT_ESTIMABLE,UNKNOWN,POINT_AT_TAU,assumption_conditional,1.0,1.0065477216571477,0.9246212471395803,1.088474196174715,0.09562458399886964,5aa4244363ebb317d4d07237a51357819655d54eead8ce2fe97c0ff39b12d689
112,fine_4h,naive_boundary,POINT_ESTIMABLE,UNKNOWN,POINT_AT_TAU,POINT_ESTIMABLE,,,,1.0,0.9999754276752936,0.9411754276752936,1.0587754276752936,7.108299905667081e-05,5aa4244363ebb317d4d07237a51357819655d54eead8ce2fe97c0ff39b12d689
112,fine_4h,ridge,POINT_ESTIMABLE,UNKNOWN,POINT_AT_TAU,POINT_ESTIMABLE,,,,1.0,0.9983921399620043,0.9395921399620043,1.0571921399620043,1.5833000361453742e-05,5aa4244363ebb317d4d07237a51357819655d54eead8ce2fe97c0ff39b12d689
112,fine_4h,tsvd,POINT_ESTIMABLE,UNKNOWN,POINT_AT_TAU,POINT_ESTIMABLE,,,,1.0,0.998675686289396,0.939875686289396,1.057475686289396,3.587499668356031e-05,5aa4244363ebb317d4d07237a51357819655d54eead8ce2fe97c0ff39b12d689
112,daily_gap,crome,SET_ESTIMABLE,NONIDENTIFIED,SET,NONRECOVERABLE,NONIDENTIFIED,SET,assumption_conditional,1.0,,0.8678099316724549,1.157434674488901,0.06002945799991721,5aa4244363ebb317d4d07237a51357819655d54eead8ce2fe97c0ff39b12d689
112,daily_gap,naive_boundary,SET_ESTIMABLE,NONIDENTIFIED,SET,INCONCLUSIVE,,,,1.0,,,,2.5374996766913682e-05,5aa4244363ebb317d4d07237a51357819655d54eead8ce2fe97c0ff39b12d689
112,daily_gap,ridge,SET_ESTIMABLE,NONIDENTIFIED,SET,POINT_ESTIMABLE,,,,1.0,0.0,-0.0588,0.0588,2.2374995751306415e-05,5aa4244363ebb317d4d07237a51357819655d54eead8ce2fe97c0ff39b12d689
112,daily_gap,tsvd,SET_ESTIMABLE,NONIDENTIFIED,SET,POINT_ESTIMABLE,,,,1.0,0.0,-0.0588,0.0588,3.3875003282446414e-05,5aa4244363ebb317d4d07237a51357819655d54eead8ce2fe97c0ff39b12d689
112,target_mark_collapse,crome,NONRECOVERABLE,NONIDENTIFIED,INCONCLUSIVE,NONRECOVERABLE,NONIDENTIFIED,INCONCLUSIVE,population_exact,1.0,,,,0.01676512500125682,5aa4244363ebb317d4d07237a51357819655d54eead8ce2fe97c0ff39b12d689
112,target_mark_collapse,naive_boundary,NONRECOVERABLE,NONIDENTIFIED,INCONCLUSIVE,POINT_ESTIMABLE,,,,1.0,1.0023706163416886,0.9435706163416886,1.0611706163416885,7.233300129882991e-05,5aa4244363ebb317d4d07237a51357819655d54eead8ce2fe97c0ff39b12d689
112,target_mark_collapse,ridge,NONRECOVERABLE,NONIDENTIFIED,INCONCLUSIVE,POINT_ESTIMABLE,,,,1.0,0.0,-0.0588,0.0588,1.5458004781976342e-05,5aa4244363ebb317d4d07237a51357819655d54eead8ce2fe97c0ff39b12d689
112,target_mark_collapse,tsvd,NONRECOVERABLE,NONIDENTIFIED,INCONCLUSIVE,POINT_ESTIMABLE,,,,1.0,0.0,-0.0588,0.0588,3.1124996894504875e-05,5aa4244363ebb317d4d07237a51357819655d54eead8ce2fe97c0ff39b12d689
112,rounded_hidden_time,crome,INCONCLUSIVE,UNKNOWN,INCONCLUSIVE,INCONCLUSIVE,UNKNOWN,INCONCLUSIVE,finite_sample_only,1.0,,,,0.007623042001796421,5aa4244363ebb317d4d07237a51357819655d54eead8ce2fe97c0ff39b12d689
112,rounded_hidden_time,naive_boundary,INCONCLUSIVE,UNKNOWN,INCONCLUSIVE,POINT_ESTIMABLE,,,,1.0,1.0062689325422667,0.9474689325422667,1.0650689325422666,7.299999560927972e-05,5aa4244363ebb317d4d07237a51357819655d54eead8ce2fe97c0ff39b12d689
112,rounded_hidden_time,ridge,INCONCLUSIVE,UNKNOWN,INCONCLUSIVE,POINT_ESTIMABLE,,,,1.0,0.8742784808997547,0.8154784808997547,0.9330784808997546,1.4625002222601324e-05,5aa4244363ebb317d4d07237a51357819655d54eead8ce2fe97c0ff39b12d689
112,rounded_hidden_time,tsvd,INCONCLUSIVE,UNKNOWN,INCONCLUSIVE,POINT_ESTIMABLE,,,,1.0,0.8744651858177329,0.815665185817733,0.9332651858177329,3.337499947519973e-05,5aa4244363ebb317d4d07237a51357819655d54eead8ce2fe97c0ff39b12d689
113,fine_4h,crome,POINT_ESTIMABLE,UNKNOWN,POINT_AT_TAU,POINT_ESTIMABLE,UNKNOWN,POINT_AT_TAU,assumption_conditional,1.0,1.0065313678815186,0.9247769051121558,1.0882858306508814,0.09690529200452147,5aa4244363ebb317d4d07237a51357819655d54eead8ce2fe97c0ff39b12d689
113,fine_4h,naive_boundary,POINT_ESTIMABLE,UNKNOWN,POINT_AT_TAU,POINT_ESTIMABLE,,,,1.0,1.000778467898803,0.941978467898803,1.059578467898803,9.591599518898875e-05,5aa4244363ebb317d4d07237a51357819655d54eead8ce2fe97c0ff39b12d689
113,fine_4h,ridge,POINT_ESTIMABLE,UNKNOWN,POINT_AT_TAU,POINT_ESTIMABLE,,,,1.0,1.0028814889756803,0.9440814889756803,1.0616814889756803,1.700000575510785e-05,5aa4244363ebb317d4d07237a51357819655d54eead8ce2fe97c0ff39b12d689
113,fine_4h,tsvd,POINT_ESTIMABLE,UNKNOWN,POINT_AT_TAU,POINT_ESTIMABLE,,,,1.0,1.0031472270323625,0.9443472270323625,1.0619472270323624,4.1541999962646514e-05,5aa4244363ebb317d4d07237a51357819655d54eead8ce2fe97c0ff39b12d689
113,daily_gap,crome,SET_ESTIMABLE,NONIDENTIFIED,SET,NONRECOVERABLE,NONIDENTIFIED,SET,assumption_conditional,1.0,,0.8614253286825095,1.142116377905206,0.06389445799868554,5aa4244363ebb317d4d07237a51357819655d54eead8ce2fe97c0ff39b12d689
113,daily_gap,naive_boundary,SET_ESTIMABLE,NONIDENTIFIED,SET,INCONCLUSIVE,,,,1.0,,,,2.6540998078417033e-05,5aa4244363ebb317d4d07237a51357819655d54eead8ce2fe97c0ff39b12d689
113,daily_gap,ridge,SET_ESTIMABLE,NONIDENTIFIED,SET,POINT_ESTIMABLE,,,,1.0,0.0,-0.0588,0.0588,2.5499997718725353e-05,5aa4244363ebb317d4d07237a51357819655d54eead8ce2fe97c0ff39b12d689
113,daily_gap,tsvd,SET_ESTIMABLE,NONIDENTIFIED,SET,POINT_ESTIMABLE,,,,1.0,0.0,-0.0588,0.0588,3.354199725436047e-05,5aa4244363ebb317d4d07237a51357819655d54eead8ce2fe97c0ff39b12d689
113,target_mark_collapse,crome,NONRECOVERABLE,NONIDENTIFIED,INCONCLUSIVE,NONRECOVERABLE,NONIDENTIFIED,INCONCLUSIVE,population_exact,1.0,,,,0.016514333001396153,5aa4244363ebb317d4d07237a51357819655d54eead8ce2fe97c0ff39b12d689
113,target_mark_collapse,naive_boundary,NONRECOVERABLE,NONIDENTIFIED,INCONCLUSIVE,POINT_ESTIMABLE,,,,1.0,0.9976393202960235,0.9388393202960236,1.0564393202960236,6.754200148861855e-05,5aa4244363ebb317d4d07237a51357819655d54eead8ce2fe97c0ff39b12d689
113,target_mark_collapse,ridge,NONRECOVERABLE,NONIDENTIFIED,INCONCLUSIVE,POINT_ESTIMABLE,,,,1.0,0.0,-0.0588,0.0588,1.4875004126224667e-05,5aa4244363ebb317d4d07237a51357819655d54eead8ce2fe97c0ff39b12d689
113,target_mark_collapse,tsvd,NONRECOVERABLE,NONIDENTIFIED,INCONCLUSIVE,POINT_ESTIMABLE,,,,1.0,0.0,-0.0588,0.0588,2.933300129370764e-05,5aa4244363ebb317d4d07237a51357819655d54eead8ce2fe97c0ff39b12d689
113,rounded_hidden_time,crome,INCONCLUSIVE,UNKNOWN,INCONCLUSIVE,INCONCLUSIVE,UNKNOWN,INCONCLUSIVE,finite_sample_only,1.0,,,,0.007604416998219676,5aa4244363ebb317d4d07237a51357819655d54eead8ce2fe97c0ff39b12d689
113,rounded_hidden_time,naive_boundary,INCONCLUSIVE,UNKNOWN,INCONCLUSIVE,POINT_ESTIMABLE,,,,1.0,1.0048033929984475,0.9460033929984475,1.0636033929984474,7.412500417558476e-05,5aa4244363ebb317d4d07237a51357819655d54eead8ce2fe97c0ff39b12d689
113,rounded_hidden_time,ridge,INCONCLUSIVE,UNKNOWN,INCONCLUSIVE,POINT_ESTIMABLE,,,,1.0,0.8814389128964067,0.8226389128964068,0.9402389128964067,1.4375000318977982e-05,5aa4244363ebb317d4d07237a51357819655d54eead8ce2fe97c0ff39b12d689
113,rounded_hidden_time,tsvd,INCONCLUSIVE,UNKNOWN,INCONCLUSIVE,POINT_ESTIMABLE,,,,1.0,0.8816324793556101,0.8228324793556101,0.94043247935561,3.2916999771259725e-05,5aa4244363ebb317d4d07237a51357819655d54eead8ce2fe97c0ff39b12d689
114,fine_4h,crome,POINT_ESTIMABLE,UNKNOWN,POINT_AT_TAU,POINT_ESTIMABLE,UNKNOWN,POINT_AT_TAU,assumption_conditional,1.0,1.0047377267259288,0.9233173636210531,1.0861580898308045,0.1001907499958179,5aa4244363ebb317d4d07237a51357819655d54eead8ce2fe97c0ff39b12d689
114,fine_4h,naive_boundary,POINT_ESTIMABLE,UNKNOWN,POINT_AT_TAU,POINT_ESTIMABLE,,,,1.0,1.0016115551412421,0.9428115551412422,1.060411555141242,6.637500337092206e-05,5aa4244363ebb317d4d07237a51357819655d54eead8ce2fe97c0ff39b12d689
114,fine_4h,ridge,POINT_ESTIMABLE,UNKNOWN,POINT_AT_TAU,POINT_ESTIMABLE,,,,1.0,1.0066473785187835,0.9478473785187835,1.0654473785187835,1.4874996850267053e-05,5aa4244363ebb317d4d07237a51357819655d54eead8ce2fe97c0ff39b12d689
114,fine_4h,tsvd,POINT_ESTIMABLE,UNKNOWN,POINT_AT_TAU,POINT_ESTIMABLE,,,,1.0,1.0068835466347676,0.9480835466347677,1.0656835466347676,3.9500002458225936e-05,5aa4244363ebb317d4d07237a51357819655d54eead8ce2fe97c0ff39b12d689
114,daily_gap,crome,SET_ESTIMABLE,NONIDENTIFIED,SET,NONRECOVERABLE,NONIDENTIFIED,SET,assumption_conditional,1.0,,0.8634179987916575,1.1645585974682486,0.06478033299936214,5aa4244363ebb317d4d07237a51357819655d54eead8ce2fe97c0ff39b12d689
114,daily_gap,naive_boundary,SET_ESTIMABLE,NONIDENTIFIED,SET,INCONCLUSIVE,,,,1.0,,,,2.5250003091059625e-05,5aa4244363ebb317d4d07237a51357819655d54eead8ce2fe97c0ff39b12d689
114,daily_gap,ridge,SET_ESTIMABLE,NONIDENTIFIED,SET,POINT_ESTIMABLE,,,,1.0,0.0,-0.0588,0.0588,2.4165994545910507e-05,5aa4244363ebb317d4d07237a51357819655d54eead8ce2fe97c0ff39b12d689
114,daily_gap,tsvd,SET_ESTIMABLE,NONIDENTIFIED,SET,POINT_ESTIMABLE,,,,1.0,0.0,-0.0588,0.0588,3.429099888307974e-05,5aa4244363ebb317d4d07237a51357819655d54eead8ce2fe97c0ff39b12d689
114,target_mark_collapse,crome,NONRECOVERABLE,NONIDENTIFIED,INCONCLUSIVE,NONRECOVERABLE,NONIDENTIFIED,INCONCLUSIVE,population_exact,1.0,,,,0.016682375004165806,5aa4244363ebb317d4d07237a51357819655d54eead8ce2fe97c0ff39b12d689
114,target_mark_collapse,naive_boundary,NONRECOVERABLE,NONIDENTIFIED,INCONCLUSIVE,POINT_ESTIMABLE,,,,1.0,0.9991193774242578,0.9403193774242579,1.057919377424258,7.245800225064158e-05,5aa4244363ebb317d4d07237a51357819655d54eead8ce2fe97c0ff39b12d689
114,target_mark_collapse,ridge,NONRECOVERABLE,NONIDENTIFIED,INCONCLUSIVE,POINT_ESTIMABLE,,,,1.0,0.0,-0.0588,0.0588,1.5459001588169485e-05,5aa4244363ebb317d4d07237a51357819655d54eead8ce2fe97c0ff39b12d689
114,target_mark_collapse,tsvd,NONRECOVERABLE,NONIDENTIFIED,INCONCLUSIVE,POINT_ESTIMABLE,,,,1.0,0.0,-0.0588,0.0588,2.9499999072868377e-05,5aa4244363ebb317d4d07237a51357819655d54eead8ce2fe97c0ff39b12d689
114,rounded_hidden_time,crome,INCONCLUSIVE,UNKNOWN,INCONCLUSIVE,INCONCLUSIVE,UNKNOWN,INCONCLUSIVE,finite_sample_only,1.0,,,,0.007544208005128894,5aa4244363ebb317d4d07237a51357819655d54eead8ce2fe97c0ff39b12d689
114,rounded_hidden_time,naive_boundary,INCONCLUSIVE,UNKNOWN,INCONCLUSIVE,POINT_ESTIMABLE,,,,1.0,1.0063767865144595,0.9475767865144595,1.0651767865144595,7.187500159488991e-05,5aa4244363ebb317d4d07237a51357819655d54eead8ce2fe97c0ff39b12d689
114,rounded_hidden_time,ridge,INCONCLUSIVE,UNKNOWN,INCONCLUSIVE,POINT_ESTIMABLE,,,,1.0,0.8710451674622435,0.8122451674622435,0.9298451674622434,1.4290999388322234e-05,5aa4244363ebb317d4d07237a51357819655d54eead8ce2fe97c0ff39b12d689
114,rounded_hidden_time,tsvd,INCONCLUSIVE,UNKNOWN,INCONCLUSIVE,POINT_ESTIMABLE,,,,1.0,0.8712242293869397,0.8124242293869397,0.9300242293869396,3.3082993468269706e-05,5aa4244363ebb317d4d07237a51357819655d54eead8ce2fe97c0ff39b12d689
115,fine_4h,crome,POINT_ESTIMABLE,UNKNOWN,POINT_AT_TAU,POINT_ESTIMABLE,UNKNOWN,POINT_AT_TAU,assumption_conditional,1.0,1.0049695095315108,0.9232858882592028,1.0866531308038188,0.1568220420012949,5aa4244363ebb317d4d07237a51357819655d54eead8ce2fe97c0ff39b12d689
115,fine_4h,naive_boundary,POINT_ESTIMABLE,UNKNOWN,POINT_AT_TAU,POINT_ESTIMABLE,,,,1.0,0.9953340837382818,0.9365340837382818,1.0541340837382818,0.00011841599916806445,5aa4244363ebb317d4d07237a51357819655d54eead8ce2fe97c0ff39b12d689
115,fine_4h,ridge,POINT_ESTIMABLE,UNKNOWN,POINT_AT_TAU,POINT_ESTIMABLE,,,,1.0,0.9980069278971062,0.9392069278971062,1.0568069278971062,1.937500201165676e-05,5aa4244363ebb317d4d07237a51357819655d54eead8ce2fe97c0ff39b12d689
115,fine_4h,tsvd,POINT_ESTIMABLE,UNKNOWN,POINT_AT_TAU,POINT_ESTIMABLE,,,,1.0,0.9982658518386377,0.9394658518386377,1.0570658518386378,4.6458000724669546e-05,5aa4244363ebb317d4d07237a51357819655d54eead8ce2fe97c0ff39b12d689
115,daily_gap,crome,SET_ESTIMABLE,NONIDENTIFIED,SET,NONRECOVERABLE,NONIDENTIFIED,SET,assumption_conditional,1.0,,0.8656000857228292,1.1452491154672135,0.0602002919986262,5aa4244363ebb317d4d07237a51357819655d54eead8ce2fe97c0ff39b12d689
115,daily_gap,naive_boundary,SET_ESTIMABLE,NONIDENTIFIED,SET,INCONCLUSIVE,,,,1.0,,,,3.833300434052944e-05,5aa4244363ebb317d4d07237a51357819655d54eead8ce2fe97c0ff39b12d689
115,daily_gap,ridge,SET_ESTIMABLE,NONIDENTIFIED,SET,POINT_ESTIMABLE,,,,1.0,0.0,-0.0588,0.0588,3.095799911534414e-05,5aa4244363ebb317d4d07237a51357819655d54eead8ce2fe97c0ff39b12d689
115,daily_gap,tsvd,SET_ESTIMABLE,NONIDENTIFIED,SET,POINT_ESTIMABLE,,,,1.0,0.0,-0.0588,0.0588,3.912499960279092e-05,5aa4244363ebb317d4d07237a51357819655d54eead8ce2fe97c0ff39b12d689
115,target_mark_collapse,crome,NONRECOVERABLE,NONIDENTIFIED,INCONCLUSIVE,NONRECOVERABLE,NONIDENTIFIED,INCONCLUSIVE,population_exact,1.0,,,,0.016894000000320375,5aa4244363ebb317d4d07237a51357819655d54eead8ce2fe97c0ff39b12d689
115,target_mark_collapse,naive_boundary,NONRECOVERABLE,NONIDENTIFIED,INCONCLUSIVE,POINT_ESTIMABLE,,,,1.0,0.998204729176865,0.939404729176865,1.057004729176865,7.962500239955261e-05,5aa4244363ebb317d4d07237a51357819655d54eead8ce2fe97c0ff39b12d689
115,target_mark_collapse,ridge,NONRECOVERABLE,NONIDENTIFIED,INCONCLUSIVE,POINT_ESTIMABLE,,,,1.0,0.0,-0.0588,0.0588,1.654100196901709e-05,5aa4244363ebb317d4d07237a51357819655d54eead8ce2fe97c0ff39b12d689
115,target_mark_collapse,tsvd,NONRECOVERABLE,NONIDENTIFIED,INCONCLUSIVE,POINT_ESTIMABLE,,,,1.0,0.0,-0.0588,0.0588,3.3416996302548796e-05,5aa4244363ebb317d4d07237a51357819655d54eead8ce2fe97c0ff39b12d689
115,rounded_hidden_time,crome,INCONCLUSIVE,UNKNOWN,INCONCLUSIVE,INCONCLUSIVE,UNKNOWN,INCONCLUSIVE,finite_sample_only,1.0,,,,0.007519749997300096,5aa4244363ebb317d4d07237a51357819655d54eead8ce2fe97c0ff39b12d689
115,rounded_hidden_time,naive_boundary,INCONCLUSIVE,UNKNOWN,INCONCLUSIVE,POINT_ESTIMABLE,,,,1.0,1.0074034083336956,0.9486034083336956,1.0662034083336955,7.55420041969046e-05,5aa4244363ebb317d4d07237a51357819655d54eead8ce2fe97c0ff39b12d689
115,rounded_hidden_time,ridge,INCONCLUSIVE,UNKNOWN,INCONCLUSIVE,POINT_ESTIMABLE,,,,1.0,0.8795104684480394,0.8207104684480394,0.9383104684480393,1.4749995898455381e-05,5aa4244363ebb317d4d07237a51357819655d54eead8ce2fe97c0ff39b12d689
115,rounded_hidden_time,tsvd,INCONCLUSIVE,UNKNOWN,INCONCLUSIVE,POINT_ESTIMABLE,,,,1.0,0.8796903484850358,0.8208903484850358,0.9384903484850358,3.3333999454043806e-05,5aa4244363ebb317d4d07237a51357819655d54eead8ce2fe97c0ff39b12d689
116,fine_4h,crome,POINT_ESTIMABLE,UNKNOWN,POINT_AT_TAU,POINT_ESTIMABLE,UNKNOWN,POINT_AT_TAU,assumption_conditional,1.0,1.006815434179812,0.9251879295301735,1.0884429388294503,0.0977540419989964,5aa4244363ebb317d4d07237a51357819655d54eead8ce2fe97c0ff39b12d689
116,fine_4h,naive_boundary,POINT_ESTIMABLE,UNKNOWN,POINT_AT_TAU,POINT_ESTIMABLE,,,,1.0,0.9997016181925777,0.9409016181925778,1.0585016181925777,6.937499711057171e-05,5aa4244363ebb317d4d07237a51357819655d54eead8ce2fe97c0ff39b12d689
116,fine_4h,ridge,POINT_ESTIMABLE,UNKNOWN,POINT_AT_TAU,POINT_ESTIMABLE,,,,1.0,0.9921946928456201,0.9333946928456202,1.0509946928456202,1.5749996236991137e-05,5aa4244363ebb317d4d07237a51357819655d54eead8ce2fe97c0ff39b12d689
116,fine_4h,tsvd,POINT_ESTIMABLE,UNKNOWN,POINT_AT_TAU,POINT_ESTIMABLE,,,,1.0,0.992440648005297,0.933640648005297,1.051240648005297,3.962500341003761e-05,5aa4244363ebb317d4d07237a51357819655d54eead8ce2fe97c0ff39b12d689
116,daily_gap,crome,SET_ESTIMABLE,NONIDENTIFIED,SET,NONRECOVERABLE,NONIDENTIFIED,SET,assumption_conditional,1.0,,0.854637690808671,1.1603907451765902,0.05874700000276789,5aa4244363ebb317d4d07237a51357819655d54eead8ce2fe97c0ff39b12d689
116,daily_gap,naive_boundary,SET_ESTIMABLE,NONIDENTIFIED,SET,INCONCLUSIVE,,,,1.0,,,,2.62079993262887e-05,5aa4244363ebb317d4d07237a51357819655d54eead8ce2fe97c0ff39b12d689
116,daily_gap,ridge,SET_ESTIMABLE,NONIDENTIFIED,SET,POINT_ESTIMABLE,,,,1.0,0.0,-0.0588,0.0588,2.4125001800712198e-05,5aa4244363ebb317d4d07237a51357819655d54eead8ce2fe97c0ff39b12d689
116,daily_gap,tsvd,SET_ESTIMABLE,NONIDENTIFIED,SET,POINT_ESTIMABLE,,,,1.0,0.0,-0.0588,0.0588,3.562499477993697e-05,5aa4244363ebb317d4d07237a51357819655d54eead8ce2fe97c0ff39b12d689
116,target_mark_collapse,crome,NONRECOVERABLE,NONIDENTIFIED,INCONCLUSIVE,NONRECOVERABLE,NONIDENTIFIED,INCONCLUSIVE,population_exact,1.0,,,,0.01636970799881965,5aa4244363ebb317d4d07237a51357819655d54eead8ce2fe97c0ff39b12d689
116,target_mark_collapse,naive_boundary,NONRECOVERABLE,NONIDENTIFIED,INCONCLUSIVE,POINT_ESTIMABLE,,,,1.0,1.0023482482771984,0.9435482482771984,1.0611482482771983,6.570899859070778e-05,5aa4244363ebb317d4d07237a51357819655d54eead8ce2fe97c0ff39b12d689
116,target_mark_collapse,ridge,NONRECOVERABLE,NONIDENTIFIED,INCONCLUSIVE,POINT_ESTIMABLE,,,,1.0,0.0,-0.0588,0.0588,1.5457997506018728e-05,5aa4244363ebb317d4d07237a51357819655d54eead8ce2fe97c0ff39b12d689
116,target_mark_collapse,tsvd,NONRECOVERABLE,NONIDENTIFIED,INCONCLUSIVE,POINT_ESTIMABLE,,,,1.0,0.0,-0.0588,0.0588,2.849999873433262e-05,5aa4244363ebb317d4d07237a51357819655d54eead8ce2fe97c0ff39b12d689
116,rounded_hidden_time,crome,INCONCLUSIVE,UNKNOWN,INCONCLUSIVE,INCONCLUSIVE,UNKNOWN,INCONCLUSIVE,finite_sample_only,1.0,,,,0.007480583000869956,5aa4244363ebb317d4d07237a51357819655d54eead8ce2fe97c0ff39b12d689
116,rounded_hidden_time,naive_boundary,INCONCLUSIVE,UNKNOWN,INCONCLUSIVE,POINT_ESTIMABLE,,,,1.0,1.007681822513403,0.948881822513403,1.066481822513403,7.31249965610914e-05,5aa4244363ebb317d4d07237a51357819655d54eead8ce2fe97c0ff39b12d689
116,rounded_hidden_time,ridge,INCONCLUSIVE,UNKNOWN,INCONCLUSIVE,POINT_ESTIMABLE,,,,1.0,0.8896103430894454,0.8308103430894455,0.9484103430894454,1.4165998436510563e-05,5aa4244363ebb317d4d07237a51357819655d54eead8ce2fe97c0ff39b12d689
116,rounded_hidden_time,tsvd,INCONCLUSIVE,UNKNOWN,INCONCLUSIVE,POINT_ESTIMABLE,,,,1.0,0.8897920657443482,0.8309920657443483,0.9485920657443482,3.2625001040287316e-05,5aa4244363ebb317d4d07237a51357819655d54eead8ce2fe97c0ff39b12d689
117,fine_4h,crome,POINT_ESTIMABLE,UNKNOWN,POINT_AT_TAU,POINT_ESTIMABLE,UNKNOWN,POINT_AT_TAU,assumption_conditional,1.0,1.0061821229194239,0.9242551368009,1.0881091090379478,0.09336137500213226,5aa4244363ebb317d4d07237a51357819655d54eead8ce2fe97c0ff39b12d689
117,fine_4h,naive_boundary,POINT_ESTIMABLE,UNKNOWN,POINT_AT_TAU,POINT_ESTIMABLE,,,,1.0,0.999221490181463,0.940421490181463,1.058021490181463,5.850000161444768e-05,5aa4244363ebb317d4d07237a51357819655d54eead8ce2fe97c0ff39b12d689
117,fine_4h,ridge,POINT_ESTIMABLE,UNKNOWN,POINT_AT_TAU,POINT_ESTIMABLE,,,,1.0,0.9956727988379054,0.9368727988379054,1.0544727988379055,1.424999936716631e-05,5aa4244363ebb317d4d07237a51357819655d54eead8ce2fe97c0ff39b12d689
117,fine_4h,tsvd,POINT_ESTIMABLE,UNKNOWN,POINT_AT_TAU,POINT_ESTIMABLE,,,,1.0,0.9959501715437478,0.9371501715437478,1.0547501715437477,3.22499981848523e-05,5aa4244363ebb317d4d07237a51357819655d54eead8ce2fe97c0ff39b12d689
117,daily_gap,crome,SET_ESTIMABLE,NONIDENTIFIED,SET,NONRECOVERABLE,NONIDENTIFIED,SET,assumption_conditional,1.0,,0.8560774448487851,1.1500451599515058,0.06199062499945285,5aa4244363ebb317d4d07237a51357819655d54eead8ce2fe97c0ff39b12d689
117,daily_gap,naive_boundary,SET_ESTIMABLE,NONIDENTIFIED,SET,INCONCLUSIVE,,,,1.0,,,,3.5333003324922174e-05,5aa4244363ebb317d4d07237a51357819655d54eead8ce2fe97c0ff39b12d689
117,daily_gap,ridge,SET_ESTIMABLE,NONIDENTIFIED,SET,POINT_ESTIMABLE,,,,1.0,0.0,-0.0588,0.0588,3.087500226683915e-05,5aa4244363ebb317d4d07237a51357819655d54eead8ce2fe97c0ff39b12d689
117,daily_gap,tsvd,SET_ESTIMABLE,NONIDENTIFIED,SET,POINT_ESTIMABLE,,,,1.0,0.0,-0.0588,0.0588,3.675000334624201e-05,5aa4244363ebb317d4d07237a51357819655d54eead8ce2fe97c0ff39b12d689
117,target_mark_collapse,crome,NONRECOVERABLE,NONIDENTIFIED,INCONCLUSIVE,NONRECOVERABLE,NONIDENTIFIED,INCONCLUSIVE,population_exact,1.0,,,,0.016545999998925254,5aa4244363ebb317d4d07237a51357819655d54eead8ce2fe97c0ff39b12d689
117,target_mark_collapse,naive_boundary,NONRECOVERABLE,NONIDENTIFIED,INCONCLUSIVE,POINT_ESTIMABLE,,,,1.0,0.999664039941348,0.940864039941348,1.058464039941348,6.983300409046933e-05,5aa4244363ebb317d4d07237a51357819655d54eead8ce2fe97c0ff39b12d689
117,target_mark_collapse,ridge,NONRECOVERABLE,NONIDENTIFIED,INCONCLUSIVE,POINT_ESTIMABLE,,,,1.0,0.0,-0.0588,0.0588,1.5833997167646885e-05,5aa4244363ebb317d4d07237a51357819655d54eead8ce2fe97c0ff39b12d689
117,target_mark_collapse,tsvd,NONRECOVERABLE,NONIDENTIFIED,INCONCLUSIVE,POINT_ESTIMABLE,,,,1.0,0.0,-0.0588,0.0588,2.945800224551931e-05,5aa4244363ebb317d4d07237a51357819655d54eead8ce2fe97c0ff39b12d689
117,rounded_hidden_time,crome,INCONCLUSIVE,UNKNOWN,INCONCLUSIVE,INCONCLUSIVE,UNKNOWN,INCONCLUSIVE,finite_sample_only,1.0,,,,0.007519875005527865,5aa4244363ebb317d4d07237a51357819655d54eead8ce2fe97c0ff39b12d689
117,rounded_hidden_time,naive_boundary,INCONCLUSIVE,UNKNOWN,INCONCLUSIVE,POINT_ESTIMABLE,,,,1.0,1.0024760344415353,0.9436760344415354,1.0612760344415353,7.370900129899383e-05,5aa4244363ebb317d4d07237a51357819655d54eead8ce2fe97c0ff39b12d689
117,rounded_hidden_time,ridge,INCONCLUSIVE,UNKNOWN,INCONCLUSIVE,POINT_ESTIMABLE,,,,1.0,0.8789311705226232,0.8201311705226232,0.9377311705226231,1.424999936716631e-05,5aa4244363ebb317d4d07237a51357819655d54eead8ce2fe97c0ff39b12d689
117,rounded_hidden_time,tsvd,INCONCLUSIVE,UNKNOWN,INCONCLUSIVE,POINT_ESTIMABLE,,,,1.0,0.8791067260647638,0.8203067260647638,0.9379067260647638,3.233299503335729e-05,5aa4244363ebb317d4d07237a51357819655d54eead8ce2fe97c0ff39b12d689
118,fine_4h,crome,POINT_ESTIMABLE,UNKNOWN,POINT_AT_TAU,POINT_ESTIMABLE,UNKNOWN,POINT_AT_TAU,assumption_conditional,1.0,1.0078762568113717,0.9258692964913244,1.089883217131419,0.09818912500486476,5aa4244363ebb317d4d07237a51357819655d54eead8ce2fe97c0ff39b12d689
118,fine_4h,naive_boundary,POINT_ESTIMABLE,UNKNOWN,POINT_AT_TAU,POINT_ESTIMABLE,,,,1.0,1.007019532098159,0.948219532098159,1.065819532098159,5.962500290479511e-05,5aa4244363ebb317d4d07237a51357819655d54eead8ce2fe97c0ff39b12d689
118,fine_4h,ridge,POINT_ESTIMABLE,UNKNOWN,POINT_AT_TAU,POINT_ESTIMABLE,,,,1.0,0.9966147339430145,0.9378147339430145,1.0554147339430144,1.4125005691312253e-05,5aa4244363ebb317d4d07237a51357819655d54eead8ce2fe97c0ff39b12d689
118,fine_4h,tsvd,POINT_ESTIMABLE,UNKNOWN,POINT_AT_TAU,POINT_ESTIMABLE,,,,1.0,0.9968739366230399,0.93807393662304,1.0556739366230399,3.374999505467713e-05,5aa4244363ebb317d4d07237a51357819655d54eead8ce2fe97c0ff39b12d689
118,daily_gap,crome,SET_ESTIMABLE,NONIDENTIFIED,SET,NONRECOVERABLE,NONIDENTIFIED,SET,assumption_conditional,1.0,,0.8642835502551918,1.1446405659663133,0.06236608300241642,5aa4244363ebb317d4d07237a51357819655d54eead8ce2fe97c0ff39b12d689
118,daily_gap,naive_boundary,SET_ESTIMABLE,NONIDENTIFIED,SET,INCONCLUSIVE,,,,1.0,,,,2.4459004634991288e-05,5aa4244363ebb317d4d07237a51357819655d54eead8ce2fe97c0ff39b12d689
118,daily_gap,ridge,SET_ESTIMABLE,NONIDENTIFIED,SET,POINT_ESTIMABLE,,,,1.0,0.0,-0.0588,0.0588,2.9041999368928373e-05,5aa4244363ebb317d4d07237a51357819655d54eead8ce2fe97c0ff39b12d689
118,daily_gap,tsvd,SET_ESTIMABLE,NONIDENTIFIED,SET,POINT_ESTIMABLE,,,,1.0,0.0,-0.0588,0.0588,3.2625001040287316e-05,5aa4244363ebb317d4d07237a51357819655d54eead8ce2fe97c0ff39b12d689
118,target_mark_collapse,crome,NONRECOVERABLE,NONIDENTIFIED,INCONCLUSIVE,NONRECOVERABLE,NONIDENTIFIED,INCONCLUSIVE,population_exact,1.0,,,,0.01629091599897947,5aa4244363ebb317d4d07237a51357819655d54eead8ce2fe97c0ff39b12d689
118,target_mark_collapse,naive_boundary,NONRECOVERABLE,NONIDENTIFIED,INCONCLUSIVE,POINT_ESTIMABLE,,,,1.0,1.0018370660115103,0.9430370660115104,1.0606370660115103,6.500000017695129e-05,5aa4244363ebb317d4d07237a51357819655d54eead8ce2fe97c0ff39b12d689
118,target_mark_collapse,ridge,NONRECOVERABLE,NONIDENTIFIED,INCONCLUSIVE,POINT_ESTIMABLE,,,,1.0,0.0,-0.0588,0.0588,1.4666999049950391e-05,5aa4244363ebb317d4d07237a51357819655d54eead8ce2fe97c0ff39b12d689
118,target_mark_collapse,tsvd,NONRECOVERABLE,NONIDENTIFIED,INCONCLUSIVE,POINT_ESTIMABLE,,,,1.0,0.0,-0.0588,0.0588,2.7707996196113527e-05,5aa4244363ebb317d4d07237a51357819655d54eead8ce2fe97c0ff39b12d689
118,rounded_hidden_time,crome,INCONCLUSIVE,UNKNOWN,INCONCLUSIVE,INCONCLUSIVE,UNKNOWN,INCONCLUSIVE,finite_sample_only,1.0,,,,0.007492791999538895,5aa4244363ebb317d4d07237a51357819655d54eead8ce2fe97c0ff39b12d689
118,rounded_hidden_time,naive_boundary,INCONCLUSIVE,UNKNOWN,INCONCLUSIVE,POINT_ESTIMABLE,,,,1.0,1.0058595109340513,0.9470595109340514,1.0646595109340513,7.23329940228723e-05,5aa4244363ebb317d4d07237a51357819655d54eead8ce2fe97c0ff39b12d689
118,rounded_hidden_time,ridge,INCONCLUSIVE,UNKNOWN,INCONCLUSIVE,POINT_ESTIMABLE,,,,1.0,0.8707145227562983,0.8119145227562984,0.9295145227562983,1.4292003470472991e-05,5aa4244363ebb317d4d07237a51357819655d54eead8ce2fe97c0ff39b12d689
118,rounded_hidden_time,tsvd,INCONCLUSIVE,UNKNOWN,INCONCLUSIVE,POINT_ESTIMABLE,,,,1.0,0.8708976846246993,0.8120976846246993,0.9296976846246993,3.266600106144324e-05,5aa4244363ebb317d4d07237a51357819655d54eead8ce2fe97c0ff39b12d689
119,fine_4h,crome,POINT_ESTIMABLE,UNKNOWN,POINT_AT_TAU,POINT_ESTIMABLE,UNKNOWN,POINT_AT_TAU,assumption_conditional,1.0,1.0053555988026548,0.9232777620482259,1.0874334355570838,0.09675483300088672,5aa4244363ebb317d4d07237a51357819655d54eead8ce2fe97c0ff39b12d689
119,fine_4h,naive_boundary,POINT_ESTIMABLE,UNKNOWN,POINT_AT_TAU,POINT_ESTIMABLE,,,,1.0,0.9948991909398606,0.9360991909398606,1.0536991909398605,0.00010533299791859463,5aa4244363ebb317d4d07237a51357819655d54eead8ce2fe97c0ff39b12d689
119,fine_4h,ridge,POINT_ESTIMABLE,UNKNOWN,POINT_AT_TAU,POINT_ESTIMABLE,,,,1.0,1.0053343906102479,0.9465343906102479,1.0641343906102478,1.9416998839005828e-05,5aa4244363ebb317d4d07237a51357819655d54eead8ce2fe97c0ff39b12d689
119,fine_4h,tsvd,POINT_ESTIMABLE,UNKNOWN,POINT_AT_TAU,POINT_ESTIMABLE,,,,1.0,1.0055923370793394,0.9467923370793394,1.0643923370793393,4.70000013592653e-05,5aa4244363ebb317d4d07237a51357819655d54eead8ce2fe97c0ff39b12d689
119,daily_gap,crome,SET_ESTIMABLE,NONIDENTIFIED,SET,NONRECOVERABLE,NONIDENTIFIED,SET,assumption_conditional,1.0,,0.856482445906001,1.1644897919446429,0.06076737499824958,5aa4244363ebb317d4d07237a51357819655d54eead8ce2fe97c0ff39b12d689
119,daily_gap,naive_boundary,SET_ESTIMABLE,NONIDENTIFIED,SET,INCONCLUSIVE,,,,1.0,,,,2.662499900907278e-05,5aa4244363ebb317d4d07237a51357819655d54eead8ce2fe97c0ff39b12d689
119,daily_gap,ridge,SET_ESTIMABLE,NONIDENTIFIED,SET,POINT_ESTIMABLE,,,,1.0,0.0,-0.0588,0.0588,2.5083005311898887e-05,5aa4244363ebb317d4d07237a51357819655d54eead8ce2fe97c0ff39b12d689
119,daily_gap,tsvd,SET_ESTIMABLE,NONIDENTIFIED,SET,POINT_ESTIMABLE,,,,1.0,0.0,-0.0588,0.0588,3.670799924293533e-05,5aa4244363ebb317d4d07237a51357819655d54eead8ce2fe97c0ff39b12d689
119,target_mark_collapse,crome,NONRECOVERABLE,NONIDENTIFIED,INCONCLUSIVE,NONRECOVERABLE,NONIDENTIFIED,INCONCLUSIVE,population_exact,1.0,,,,0.016603833995759487,5aa4244363ebb317d4d07237a51357819655d54eead8ce2fe97c0ff39b12d689
119,target_mark_collapse,naive_boundary,NONRECOVERABLE,NONIDENTIFIED,INCONCLUSIVE,POINT_ESTIMABLE,,,,1.0,0.9966263258838515,0.9378263258838515,1.0554263258838514,6.98750009178184e-05,5aa4244363ebb317d4d07237a51357819655d54eead8ce2fe97c0ff39b12d689
119,target_mark_collapse,ridge,NONRECOVERABLE,NONIDENTIFIED,INCONCLUSIVE,POINT_ESTIMABLE,,,,1.0,0.0,-0.0588,0.0588,1.608299498911947e-05,5aa4244363ebb317d4d07237a51357819655d54eead8ce2fe97c0ff39b12d689
119,target_mark_collapse,tsvd,NONRECOVERABLE,NONIDENTIFIED,INCONCLUSIVE,POINT_ESTIMABLE,,,,1.0,0.0,-0.0588,0.0588,2.966700412798673e-05,5aa4244363ebb317d4d07237a51357819655d54eead8ce2fe97c0ff39b12d689
119,rounded_hidden_time,crome,INCONCLUSIVE,UNKNOWN,INCONCLUSIVE,INCONCLUSIVE,UNKNOWN,INCONCLUSIVE,finite_sample_only,1.0,,,,0.007558542005426716,5aa4244363ebb317d4d07237a51357819655d54eead8ce2fe97c0ff39b12d689
119,rounded_hidden_time,naive_boundary,INCONCLUSIVE,UNKNOWN,INCONCLUSIVE,POINT_ESTIMABLE,,,,1.0,1.0077286351532455,0.9489286351532455,1.0665286351532455,7.512500451412052e-05,5aa4244363ebb317d4d07237a51357819655d54eead8ce2fe97c0ff39b12d689
119,rounded_hidden_time,ridge,INCONCLUSIVE,UNKNOWN,INCONCLUSIVE,POINT_ESTIMABLE,,,,1.0,0.881835060512264,0.823035060512264,0.940635060512264,1.4874996850267053e-05,5aa4244363ebb317d4d07237a51357819655d54eead8ce2fe97c0ff39b12d689
119,rounded_hidden_time,tsvd,INCONCLUSIVE,UNKNOWN,INCONCLUSIVE,POINT_ESTIMABLE,,,,1.0,0.8820132240224386,0.8232132240224387,0.9408132240224386,3.587499668356031e-05,5aa4244363ebb317d4d07237a51357819655d54eead8ce2fe97c0ff39b12d689
